"id","city_id","fa_name","en_name","accommodation_type_id","star","grade","address","lat","lng","is_active","created_at","updated_at"
"1","7","تارا","Tara","4","4","A","مشهد، خیابان شیرازی، بین شیرازی 17 و 19، جنب باغ نادری.","36.2959776","59.6088090","1","2026-02-22 12:19:27","2026-02-22 12:52:53"
"2","7","رضویه","Razavieh","4","3","A","مشهد، میدان بیت المقدس (فلکه آب)، جنب درب ورودی بازار رضا","36.2829949","59.6131569","1","2026-02-22 12:19:27","2026-02-22 12:52:53"
"3","7","بین المللی هما 2","mashhad homainternational hotel","4","5","A","مشهد ، میدان جانباز ، چهارراه خیام، بلوار اخوان ثالث","36.3198700","59.5635837","1","2026-02-22 12:19:27","2026-02-22 12:52:53"
"4","7","خانه سبز","mashhad khanehsabz hotel","4","3","A","مشهد، میدان توحید، توحید 26، جنب مجتمع تجاری نصر","36.3029293","59.5999049","1","2026-02-22 12:19:27","2026-02-22 12:52:53"
"5","7","مشهد","mashhad mashhad hotel","4","4","A","مشهد، خیابان امام رضا، بین امام رضا 1 و 3","36.2830462","59.6109940","1","2026-02-22 12:19:27","2026-02-22 12:52:53"
"6","7","ملل","mashhad melal hotel","5","1","A","مشهد، ميدان بيت المقدس (فلکه آب)، امام رضا 1","36.2834934","59.6106801","1","2026-02-22 12:19:27","2026-02-22 12:52:53"
"7","7","بشری","mashhad boshra hotel","4","4","B","مشهد، میدان بیت المقدس، شهید اندرزگو 8 (مقابل باب الجواد)، بین سرشور 3 و 5","36.2862216","59.6091309","1","2026-02-22 12:19:27","2026-02-22 12:52:53"
"8","7","تهران","mashhad tehran hotel","4","3","A","مشهد، خيابان امام رضا، نبش امام رضا 8","36.2806428","59.6100593","1","2026-02-22 12:19:27","2026-02-22 12:52:53"
"9","7","قصرآیدین","mashhad qasraydin hotel","5","1","D","مشهد، خيابان امام رضا، امام رضا 19، سه راه اول سمت راست","36.2775687","59.6052933","1","2026-02-22 12:19:27","2026-02-22 12:52:53"
"10","7","اترک","mashhad atrak hotel","4","4","A","مشهد، فلکه آب (میدان بیت المقدس)، اول بازار رضا","36.2832731","59.6131226","1","2026-02-22 12:19:27","2026-02-22 12:52:53"
"11","7","پردیسان","mashhad pardisan hotel","4","5","A","مشهد، بزرگراه کلانتری، جنب پارک صدا و سیما","36.3008004","59.5363101","1","2026-02-22 12:19:27","2026-02-22 12:52:54"
"12","7","حلما","mashhad helma hotel","4","3","A","مشهد، خيابان امام رضا، امام رضا 26، كوچه رفيعی، پلاک 104","36.2746826","59.6049626","1","2026-02-22 12:19:27","2026-02-22 12:52:54"
"13","7","آتی","mashhad ati hotel","4","2","A","مشهد، خیابان امام رضا، امام رضا 32، نبش چهارراه دوم","36.2711321","59.6048176","1","2026-02-22 12:19:27","2026-02-22 12:52:54"
"14","7","آرسان","mashhad arsan hotel","4","1","A","مشهد، خیابان امام رضا، امام رضا 12، حنایی 9، امت رضا 6","36.2760531","59.6116191","1","2026-02-22 12:19:28","2026-02-22 12:52:54"
"15","7","جواهر شرق","mashhad javahersharq hotel","4","3","A","مشهد، خیابان امام رضا، نبش امام رضا 6","36.2814173","59.6104835","1","2026-02-22 12:19:28","2026-02-22 12:52:54"
"16","7","ترنم","mashhad taranom hotel","5","1","A","مشهد، میدان بیت المقدس، ورودی باب الرضا","36.2842459","59.6113642","1","2026-02-22 12:19:28","2026-02-22 12:52:54"
"17","7","زاگرس","Zagros","5","1","A","مشهد مقدس، بلوار طبرسی جنوبی ،‌طبرسی ۲۷ ، کوچه حاج تقی","36.2932423","59.6281213","1","2026-02-22 12:19:28","2026-02-22 12:52:54"
"18","7","رضا","mashhad reza hotel","4","3","A","مشهد، حدفاصل میدان طبرسی و چهارراه مقدم، بین طبرسی 14 و 16","36.2928784","59.6230717","1","2026-02-22 12:19:28","2026-02-22 12:52:54"
"19","7","بین المللی قصر","mashhad qasralmas hotel","4","5","A","مشهد، خیابان امام رضا، بین امام رضا 14 و 16","36.2776249","59.6074339","1","2026-02-22 12:19:28","2026-02-22 12:52:54"
"20","7","قدس","mashhad qods hotel","4","2","A","مشهد، میدان بیت المقدس، اول خیابان خسروی نو، روبروی درب باب الجواد، نبش شهید اندرزگو 2","36.2854430","59.6106005","1","2026-02-22 12:19:28","2026-02-22 12:52:54"
"21","63","پاسارگاد","qhom pasargad hotel","4","2","A","قم، 75 متری عمار یاسر","34.6582536","50.9134431","1","2026-02-22 12:19:28","2026-02-22 12:52:54"
"22","7","خاور","mashhad khavar hotel","4","2","A","مشهد، خیابان امام رضا، بین امام رضا 14 و 16 (چهارراه دانش)، جنب بانک ملت","36.2783243","59.6077988","1","2026-02-22 12:19:28","2026-02-22 12:52:54"
"23","7","ماهان","7110e","5","1","A","مشهد،خیابان امام رضا،امام رضا 8، پشت هتل تهران",NULL,NULL,"1","2026-02-22 12:19:28","2026-02-22 12:19:28"
"24","7","دیدار","mashhad didar hotel","5","1","C","مشهد، خیابان امام رضا، امام رضا 6، تقاطع اول سمت راست، هتل دیدار","36.2810404","59.6109300","1","2026-02-22 12:19:28","2026-02-22 12:52:54"
"25","7","شهریار","mashhad shahriyar hotel","4","2","A","مشهد، خیابان امام رضا، امام رضا 8، پشت هتل تهران","36.2809638","59.6108838","1","2026-02-22 12:19:28","2026-02-22 12:52:54"
"26","7","بزرگ پارک حیات","mashhad bozorgtorqabe hotel","4","5","A","مشهد، انتهای بلوار وکیل آباد، کیلومتر 5 طرقبه، امام خمینی 1، جنب پمپ بنزین گلستان","36.3257635","59.4063183","1","2026-02-22 12:19:28","2026-02-22 12:52:54"
"27","7","حیات شرق(سارا سابق)","mashhad hayatshargh hotel","5","3","A","مشهد، خیابان نواب صفوی، نواب صفوی 10، شوشتری 10","36.2843614","59.6225779","1","2026-02-22 12:19:28","2026-02-22 12:52:54"
"28","7","پرهام","mashhad parham hotel","5","1","A","مشهد، چهارراه خسروی، گنبد سبز، آخوند خراسانی 25","36.2837534","59.6005064","1","2026-02-22 12:19:28","2026-02-22 12:52:54"
"29","7","ارمغان","mashhad armaqan hotel","5","1","A","مشهد، خیابان عنصری، نبش عنصری غربی 6","36.2764354","59.6095696","1","2026-02-22 12:19:28","2026-02-22 12:52:54"
"30","70","کارون","e208db34b","4","2","A","لرستان ،خرم آباد،خیابان شریعتی ،بعد از زیر گذر ،مقابل شرکت نفت","33.4852688","48.3606730","1","2026-02-22 12:19:28","2026-02-22 12:52:54"
"31","17","ساحلی گلفام","f4bc","11","1","B","مازندران ،بابلسر ،پارکینگ چهارم","36.7072480","52.6312485","1","2026-02-22 12:19:28","2026-02-22 12:52:54"
"32","52","آرامیس","kish aramis hotel","4","4","A","كيش، ميدان پرديس","26.5379482","54.0188668","1","2026-02-22 12:19:28","2026-02-22 12:52:54"
"33","39","اسپیناس بلوار","tehran espinas hotel","4","5","A","تهران، بلوار كشاورز، بین خیابان فلسطین و نادری، پلاک 126","35.7098281","51.4012467","1","2026-02-22 12:19:28","2026-02-22 12:52:54"
"34","69","آریوبرزن","shiraz ariyobarzan hotel","4","4","C","شيراز، بلوار زند، خيابان رودكی","29.6220653","52.5411039","1","2026-02-22 12:19:28","2026-02-22 12:52:54"
"35","39","آساره","tehran asareh hotel","4","4","A","تهران، خیابان آزادی، نرسیده به میدان انقلاب، مقابل دانشکده دامپزشکی، انتهای خیابان زارع","35.6983947","51.3847068","1","2026-02-22 12:19:28","2026-02-22 12:52:54"
"36","42","آسمان","esfahan aseman hotel","4","4","A","اصفهان، خيابان شهید مرتضی مطهری، مقابل پل فلزی","32.6453243","51.6527777","1","2026-02-22 12:19:28","2026-02-22 12:52:54"
"37","42","اصفهان","esfahan esfahan hotel","4","3","A","اصفهان، خيابان مطهری، جنب بیمارستان شهید بهشتی، کوچه بنفشه","32.6445253","51.6512501","1","2026-02-22 12:19:28","2026-02-22 12:52:54"
"38","39","کوثر","tehran parsiankosar hotel","4","4","A","تهران، ميدان ولی عصر، مقابل اداره پست، کوچه شهید مولایی","35.7131550","51.4084030","1","2026-02-22 12:19:28","2026-02-22 12:19:28"
"39","42","بخردی","3f80572a3a","1","3","A","اصفهان، خیابان عبدالرزاق، خیابان سنبلستان، میدان دروازه نو، سمت راست میدان، بن بست شماره 6 ، پلاک ۵۶",NULL,NULL,"1","2026-02-22 12:19:28","2026-02-22 12:19:28"
"40","69","پارسیان","shiraz parsian hotel","4","3","A","شيراز، خيابان زند، خيابان رودكی","29.6216665","52.5407936","1","2026-02-22 12:19:28","2026-02-22 12:52:54"
"41","90","لاله کندوان","tabriz laleh hotel","4","5","A","تبريز، دهكده توريستي كندوان","37.7969089","46.2450509","1","2026-02-22 12:19:28","2026-02-22 12:52:54"
"42","90","پارس ائل گلی","tabriz parselgoli hotel","4","5","A","تبریز، جاده ائل گلی، مشرف به پارک ائل گلی","38.0208243","46.3685070","1","2026-02-22 12:19:28","2026-02-22 12:52:54"
"43","69","پرسپولیس","shiraz perspolis hotel","4","5","A","شيراز، حد فاصل چهارراه حافظ به ميدان قائم (اطلسی)","29.6279579","52.5542306","1","2026-02-22 12:19:28","2026-02-22 12:52:54"
"44","69","چمران","shiraz chamran hotel","4","5","A","شيراز، بلوار چمران","29.6513134","52.4960614","1","2026-02-22 12:19:28","2026-02-22 12:52:54"
"45","39","استقلال","tehran parsianesteghlal hotel","4","5","A","تهران، تقاطع بزرگراه شهيد چمران و خیابان ولی عصر، چهارراه پارک وی","35.7905840","51.4130108","1","2026-02-22 12:19:28","2026-02-22 12:52:54"
"46","101","پارس","kerman pars hotel","4","5","A","كرمان، بلوار جمهوری اسلامی، چهارراه فرهنگيان","30.2799887","57.0251989","1","2026-02-22 12:19:28","2026-02-22 12:52:54"
"47","69","پارس","shiraz pars hotel","4","4","A","شيراز، خيابان كريم‌خان زند","29.6288878","52.5247501","1","2026-02-22 12:19:28","2026-02-22 12:52:54"
"48","69","هما","shiraz homa hotel","4","5","A","شيراز، میدان گاز، خيابان مشكين فام، جنب پارک آزادی","29.6270644","52.5409032","1","2026-02-22 12:19:29","2026-02-22 12:52:54"
"49","69","رودکی","shiraz roodaki hotel","4","3","A","شيراز، خيابان رودكي","29.6209828","52.5408318","1","2026-02-22 12:19:29","2026-02-22 12:52:55"
"50","39","لاله","tehran laleh hotel","4","5","A","تهران، خيابان دكتر فاطمي، نبش حجاب","35.7153045","51.3935605","1","2026-02-22 12:19:29","2026-02-22 12:52:55"
"51","69","پارک سعدی","shiraz parksaadi hotel","4","4","A","شيراز، چهارراه حافظيه، خيابان حافظ، مقابل باغ جهان نما","29.6302090","52.5574240","1","2026-02-22 12:19:29","2026-02-22 12:19:29"
"52","41","پارسیان","hamedan parsianazadi hotel","4","4","A","همدان، ميدان قائم، بلوار ارم","34.7808367","48.4866218","1","2026-02-22 12:19:29","2026-02-22 12:52:55"
"53","39","کوروش","tehran korosh hotel","5","3","A","تهران، میرداماد، خیابان حصاری، نبش کوچه یکم","35.7579682","51.4396053","1","2026-02-22 12:19:29","2026-02-22 12:52:55"
"54","42","سنتی","esfahan sonnatiesfahan hotel","4","3","A","اصفهان، میدان نقش جهان، خیابان حکیم، کوچه شماره 7 (باغ قلندرها)","32.6635190","51.6758010","1","2026-02-22 12:19:29","2026-02-22 12:52:55"
"55","123","اترک","sarein atrak hotel","5","3","A","سرعین، خیابان چالدران، مجتمع هتل آپارتمان و آب درمانی اترک","38.1546720","48.0771730","1","2026-02-22 12:19:29","2026-02-22 12:19:29"
"56","39","آپادانا","tehran apadana hotel","4","1","A","تهران، خیابان طالقانی، بین مفتح و بهار، روبروی بیمارستان 502 ارتش","35.7069135","51.4291773","1","2026-02-22 12:19:29","2026-02-22 12:52:55"
"57","123","لاله","sarein laleh hotel","4","4","A","سرعين، خيابان دانش، مقابل آب درمانی سبلان","38.1507743","48.0757964","1","2026-02-22 12:19:29","2026-02-22 12:52:55"
"58","42","حکیم","esfahan hakim hotel","4","1","A","اصفهان، خیابان سپاه، انتهای خیابان حکیم","32.6650262","51.6737808","1","2026-02-22 12:19:29","2026-02-22 12:52:55"
"59","39","رازی","tehran razi hotel","5","2","C","تهران، خیابان انقلاب، ضلع شرقی پارک دانشجو، نبش خیابان رازی، پلاک 91","35.7009534","51.4077773","1","2026-02-22 12:19:29","2026-02-22 12:52:55"
"60","39","بزرگ فردوسی","tehran bozorgferdosi hotel","4","4","A","تهران، میدان امام خمینی، خیابان فردوسی، خیابان کوشک مصری، شماره 24، جنب کاخ وزارت خارجه","35.6884519","51.4196519","1","2026-02-22 12:19:29","2026-02-22 12:52:55"
"61","39","هما","tehran homa hotel","4","5","A","تهران، میدان ونک، خیابان ولی عصر، خیابان شهید خدامی، شماره 51","35.7616695","51.4050978","1","2026-02-22 12:19:29","2026-02-22 12:52:55"
"62","42","عالی قاپو","esfahan aliqapu hotel","4","4","A","اصفهان، خیابان شمس آبادی، انتهای خیابان کووالالامپور، سمت راست خیابان چهارباغ عباسی","32.6496047","51.6676361","1","2026-02-22 12:19:29","2026-02-22 12:52:55"
"63","42","آزادی","esfahan azadi hotel","4","3","A","اصفهان، چهارراه تختی، ابتدای خیابان مسجد سید، جنب بانک صادرات","32.6653348","51.6687319","1","2026-02-22 12:19:29","2026-02-22 12:52:55"
"64","42","اسپادانا","esfahan espadana hotel","4","3","A","اصفهان، بلوار آیینه خانه، حد فاصل سی و سه پل و پل فردوسی","32.6410965","51.6698623","1","2026-02-22 12:19:29","2026-02-22 12:52:55"
"65","52","سورینت مریم","kish sorinetmaryam hotel","4","4","A","كيش، ميدان امير كبير","26.5429612","54.0143629","1","2026-02-22 12:19:29","2026-02-22 12:52:55"
"66","42","پیروزی","esfahan piroozi hotel","4","4","A","اصفهان، میدان امام حسین، ابتدای چهار باغ پایین","32.6593676","51.6691886","1","2026-02-22 12:19:29","2026-02-22 12:52:55"
"67","42","قصر","esfahan qasr hotel","5","0","A","اصفهان، چهارباغ پایین، حد فاصل شهدا و چهارراه تختی","32.6670560","51.6701220","1","2026-02-22 12:19:29","2026-02-22 12:19:29"
"68","52","فلامینگو","kish flamingo hotel","4","4","A","كيش، میدان امیر کبیر، بلوار دریا","26.5476211","54.0161385","1","2026-02-22 12:19:29","2026-02-22 12:52:55"
"69","42","کوثر","esfahan parsiankosar hotel","4","5","A","اصفهان، بلوار ملت، مقابل سی و سه پل","32.6421647","51.6654626","1","2026-02-22 12:19:29","2026-02-22 12:52:55"
"70","42","سپاهان","esfahan sepahan hotel","4","3","A","اصفهان، خیابان استانداری، انتهای خیابان فرشادی","32.6669450","51.6708630","1","2026-02-22 12:19:29","2026-02-22 12:19:29"
"71","41","خاتم","hamedan khatam hotel","4","3","A","همدان، میدان فلسطین، جنب فروشگاه رفاه","34.8054392","48.5055840","1","2026-02-22 12:19:29","2026-02-22 12:52:55"
"72","42","کارون","esfahan karoon hotel","4","1","A","اصفهان، پل فلزی، ابتدای خيابان حکیم نظامی","32.6402260","51.6531340","1","2026-02-22 12:19:29","2026-02-22 12:19:29"
"73","42","طوطیا","esfahan tootiya hotel","4","2","A","اصفهان، خیابان مسجد سید، حد فاصل چهار راه تختی و سه راه طبیب","32.6653389","51.6674124","1","2026-02-22 12:19:29","2026-02-22 12:52:55"
"74","96","پارسیان","kelardasht parsian hotel","11","3","A","کلاردشت، نرسیده به حسن کیف، جنب شهرک نگین","36.5107680","51.1761260","1","2026-02-22 12:19:29","2026-02-22 12:19:29"
"75","101","گواشیر","kerman gavashir hotel","4","3","A","كرمان، بزرگراه امام، نبش بلوار امام حسین","30.2623465","57.0523590","1","2026-02-22 12:19:29","2026-02-22 12:52:55"
"76","90","شهریار","tabriz shariyar hotel","4","5","A","تبریز، ابتدای بلوار ائل گلی","38.0501624","46.3497858","1","2026-02-22 12:19:29","2026-02-22 12:52:55"
"77","41","بوعلی","hamedan parsianbuali hotel","4","4","A","همدان، خیابان بوعلی","34.7849145","48.5129312","1","2026-02-22 12:19:29","2026-02-22 12:52:55"
"78","167","بین المللی اسپیناس","astara internationalespiinas hotel","4","4","A","گيلان، آستارا، جنب پلیس راه آستارا تالش","38.3626822","48.8539267","1","2026-02-22 12:19:29","2026-02-22 12:52:55"
"79","9","پاپیون","7cbadf5fb","4","3","A","عباس آباد، پانصدمتر بعد از پمپ بنزین، نرسیده به تنکابن","36.7363604","51.0770493","1","2026-02-22 12:19:29","2026-02-22 12:52:55"
"80","90","گسترش","tabriz gostaresh hotel","4","4","A","تبريز، چهار راه آب رسان","38.0663272","46.3237985","1","2026-02-22 12:19:29","2026-02-22 12:52:55"
"81","105","صدرا","tonekabon sadra hotel","5","2","A","تنکابن، کریم آباد، ابتدای جاده ی رامسر، سمت دریا، کوچه گلناز","36.8355886","50.8482312","1","2026-02-22 12:19:29","2026-02-22 12:52:55"
"82","57","سپیده","chabahar sepideh hotel","4","2","A","چابهار، خیابان فردوسی، جنب هواپیمایی جمهوری اسلامی","25.2894681","60.6374225","1","2026-02-22 12:19:29","2026-02-22 12:52:56"
"83","130","اسرم","sari asram hotel","4","3","A","ساری، ابتدای کمربندی، نرسیده به پل تجن، میدان هلال احمر","36.5663600","53.0820779","1","2026-02-22 12:19:29","2026-02-22 12:52:55"
"84","72","صفائیه","yazd parsiyansafaieh hotel","4","5","A","یزد، صفائیه، خیابان تیمسار فلاحی","31.8403517","54.3774176","1","2026-02-22 12:19:29","2026-02-22 12:52:56"
"85","64","عرش",NULL,"4","3","A","نوشهر، جنب فرودگاه نوشهر","36.6565818","51.4691828","1","2026-02-22 12:19:29","2026-02-22 12:52:56"
"86","72","تهرانی","yazd tehrani hotel","4","2","A","یزد، میدان ابوالفضل، ابتدای جاده تفت","31.8734726","54.3279508","1","2026-02-22 12:19:30","2026-02-22 12:52:56"
"87","72","باغ مشیرالممالک","yazd baghmoshirolmamalek hotel","4","4","A","یزد، خیابان انقلاب، بلوار مشیرالممالک","31.9177594","54.3380101","1","2026-02-22 12:19:30","2026-02-22 12:52:56"
"88","42","ستاره","esfahan setareh hotel","4","3","A","اصفهان، میدان نقش جهان، خيابان حافظ","32.6598304","51.6821351","1","2026-02-22 12:19:30","2026-02-22 12:52:56"
"89","10","پارس","ahvaz pars hotel","4","5","A","اهواز، خیابان بيست و چهار متری، خیابان شهید عابدی","31.3247759","48.6786348","1","2026-02-22 12:19:30","2026-02-22 12:52:56"
"90","112","کادوس بزرگ","rasht kadoosbozorg hotel","4","5","A","رشت، بلوار آزادی، خيابان منظریه","37.2615298","49.5910668","1","2026-02-22 12:19:30","2026-02-22 12:52:56"
"91","64","نسیم","Nasim","4","2","A","كيلومتر 25 جاده نوشهر به رويان، علي آباد عسگرخان","36.6614705","51.4837004","1","2026-02-22 12:19:30","2026-02-22 12:52:56"
"92","101","کرمان","kerman kerman hotel","4","2","A","کرمان، بلوارقدس، ابتدای ترمینال","30.2700344","57.0600724","1","2026-02-22 12:19:30","2026-02-22 12:52:56"
"93","63","خورشید","qhom khorshid hotel","4","4","A","قم، انتهای خیابان امام خمینی، بعد از چهارراه غفاری، نبش سه راه خورشید","34.6445144","50.8790133","1","2026-02-22 12:19:30","2026-02-22 12:52:56"
"94","63","فردوس","qhom ferdos hotel","5","2","A","قم، خیابان انقلاب، حد فاصل عمار یاسر و سجادیه","34.6369772","50.8882915","1","2026-02-22 12:19:30","2026-02-22 12:52:56"
"95","58","سفیدکنار","bandaranzali sefidkenar hotel","4","4","A","بندرانزلی، کیلومتر شش جاده انزلی آستارا","37.5014919","49.3659958","1","2026-02-22 12:19:30","2026-02-22 12:52:56"
"96","42","کاوه","6a16de192e","4","2","A","اصفهان، خيابان كاوه، داخل ترمینال کاوه",NULL,NULL,"1","2026-02-22 12:19:30","2026-02-22 12:19:30"
"97","93","آتیلار 3","bandareabbas atilar hotel","4","4","A","بندر عباس، خیابان امام خمینی، میدان هفده شهریور، مقابل اداره پست مرکزی","27.1813633","56.2797162","1","2026-02-22 12:19:30","2026-02-22 12:52:56"
"98","42","چهل پنجره","esfahan chehelpanjereh hotel","5","2","A","اصفهان، پل فلزی، خیابان بوستان سعدی","32.6394218","51.6493316","1","2026-02-22 12:19:30","2026-02-22 12:52:56"
"99","93","هرمز","bandareabbas hormoz hotel","4","5","A","بندر عباس،میدان انقلاب","27.1826968","56.2904453","1","2026-02-22 12:19:30","2026-02-22 12:52:56"
"100","132","ساحل","urmia sahel hotel","4","4","A","اروميه، بلوار والفجر 2","37.5328610","45.0889018","1","2026-02-22 12:19:30","2026-02-22 12:52:56"
"101","132","جهانگردی","urmia jahangardiorumieh hotel","4","4","A","ارومیه، خیابان کاشانی، مقابل بانک ملت","37.5383524","45.0716129","1","2026-02-22 12:19:30","2026-02-22 12:52:56"
"102","10","اکسین","ahvaz oksin hotel","4","3","A","اهواز، بلوار پاسداران، کوی ملت، نبش خیابان 20 متری مقیمی زاده","31.3563102","48.7377508","1","2026-02-22 12:19:30","2026-02-22 12:52:56"
"103","57","لاله","chabahar laleh hotel","4","4","A","چابهار، انتهای بلوار امام خمینی، مقابل پارک الغدیر","25.2933381","60.6216655","1","2026-02-22 12:19:30","2026-02-22 12:52:56"
"104","90","بین المللی","tabriz tabrizinternational hotel","4","4","A","تبریز، خیابان امام خمینی، نرسیده به فلکه دانشگاه","38.0650331","46.3262574","1","2026-02-22 12:19:30","2026-02-22 12:52:56"
"105","4","جهانگردی دلوار","bushehr delvar hotel","4","3","A","بوشهر، خیابان رئیسعلی دلواری","28.9758240","50.8280168","1","2026-02-22 12:19:30","2026-02-22 12:52:56"
"106","34","زاگرس","ilam zagros hotel","4","3","A","ایلام، میدان امام حسین، جنب پارک جنگلی چغازسبز","33.6039470","46.4076260","1","2026-02-22 12:19:30","2026-02-22 12:52:56"
"107","131","آذین","gorgan azin hotel","4","4","A","گرگان، ابتدای جاده ورودی گرگان","36.8423712","54.3660643","1","2026-02-22 12:19:30","2026-02-22 12:52:56"
"108","132","پارک","urmia internationalpark hotel","4","4","A","ارومیه، خیابان امام، مقابل بازار","37.5517471","45.0738131","1","2026-02-22 12:19:30","2026-02-22 12:52:56"
"109","33","قصر","zanjan qasr hotel","4","2","A","زنجان، خیابان امام، سبزه میدان، پشت پاساژ تهران","36.6688035","48.4805306","1","2026-02-22 12:19:30","2026-02-22 12:52:56"
"110","33","آسیا","zanjan asia hotel","4","3","A","زنجان، خیابان امام، میدان استقلال، رو به روی پمپ بنزین","36.6724803","48.4549459","1","2026-02-22 12:19:30","2026-02-22 12:52:56"
"111","33","بزرگ","zanjan bozorgzanjan hotel","4","4","A","زنجان، میدان بسیج،ضلع شمال غربی","36.6541849","48.5283663","1","2026-02-22 12:19:30","2026-02-22 12:52:56"
"112","68","البرز","ghazvin alborz hotel","4","2","A","قزوین، خیابان طالقانی، سه راه خیام","36.2684438","50.0083404","1","2026-02-22 12:19:30","2026-02-22 12:52:56"
"113","152","امیرکبیر","arak amirkabir hotel","4","5","A","اراک، بلوار آیت الله اراکی","34.0717379","49.7379323","1","2026-02-22 12:19:30","2026-02-22 12:52:56"
"114","69","پارسه","shiraz parseh hotel","4","3","A","شیراز، خیابان زند، پشت ارگ کریم‌خان، خیابان بيست و دو بهمن","29.6185979","52.5470200","1","2026-02-22 12:19:30","2026-02-22 12:52:56"
"115","39","ونک","5d","5","1","A","تهران ،میدان ونک، برزیل شرقی، جنب وزارت کشاورزی، پلاک 31","35.7545294","51.4066812","1","2026-02-22 12:19:30","2026-02-22 12:52:56"
"116","72","داد","yazd dad hotel","4","4","A","یزد، میدان شهید بهشتی، خیابان دهم فروردین، پلاک 214","31.8858847","54.3658052","1","2026-02-22 12:19:30","2026-02-22 12:52:56"
"117","69","ارگ","shiraz arg hotel","4","3","A","شیراز، خیابان تختی، بالاتر از چهار راه راهنمایی","29.6186570","52.5528729","1","2026-02-22 12:19:30","2026-02-22 12:52:56"
"118","39","سیمرغ","tehran simorq hotel","4","4","A","تهران، خیابان ولیعصر، نرسیده به پارک ساعی، نبش کوچه دلبسته","35.7314158","51.4118154","1","2026-02-22 12:19:30","2026-02-22 12:52:56"
"119","39","ساسان","Sasan","4","1","A","آدرس، تهران خ شریعتی جنوبی پایین تر از خ بهار شیراز، کوچه عشایر پلاک 14","35.7122657","51.4377643","1","2026-02-22 12:19:30","2026-02-22 12:52:56"
"120","83","بزرگ","maragheh bozorgmaragheh hotel","4","4","A","مراغه، میدان شانزده شهریور، بلوار شهید شکاری","37.3843038","46.2208238","1","2026-02-22 12:19:30","2026-02-22 12:52:56"
"121","69","جام جم","shiraz jamejam hotel","5","3","A","شيراز، خیابان کریم خان زند، خیابان رودکی، خیابان ایزدی","29.6212932","52.5398372","1","2026-02-22 12:19:30","2026-02-22 12:52:56"
"122","7","ارس","825e","4","3","A","مشهد، بلوار فردوسی، حد فاصل میدان جانباز و چهارراه خیام، روبروی سالن ورزشی شهید بهشتی","36.3239482","59.5661898","1","2026-02-22 12:19:30","2026-02-22 12:52:56"
"123","52","سیمرغ","kish simorq hotel","4","3","A","كيش، ابتدای خیابان جهان، بعد از بازار مرجان","26.5156870","54.0474970","1","2026-02-22 12:19:30","2026-02-22 12:19:30"
"124","52","شباویز","kish shabaviz hotel","5","2","A","کیش، ابتدای جاده جهان، بعد از مارینا پارک","26.5173840","54.0451351","1","2026-02-22 12:19:30","2026-02-22 12:52:56"
"125","64","صدف","noshahr sadaf hotel","4","3","A","نوشهر، کیلومتر 5 جاده نوشهر به رویان، بعداز پل خیرود","36.6268389","51.5823162","1","2026-02-22 12:19:30","2026-02-22 12:52:56"
"126","42","ملک","esfahan malek hotel","4","2","A","اصفهان، خیابان هشت بهشت غربی، خیابان ملک شمالی","32.6530605","51.6861819","1","2026-02-22 12:19:30","2026-02-22 12:52:56"
"127","42","ایران","esfahan iran hotel","4","1","A","خیابان شیخ بهائی ،کوچه شهید ارفعی ،کوچه سپاهان","32.6550040","51.6685010","1","2026-02-22 12:19:30","2026-02-22 12:52:56"
"128","7","عرش","mashhad arsh hotel","4","3","A","مشهد، خیابان امام رضا، چهارراه دانش، مصباح یزدی ۱۲","36.2808570","59.6023300","1","2026-02-22 12:19:30","2026-02-22 12:52:56"
"129","52","سان رایز","kish sanrise hotel","4","3","C","کیش، مقابل بازار پردیس 2","26.5354284","54.0180910","1","2026-02-22 12:19:30","2026-02-22 12:52:56"
"130","7","سفیر","db3725f32c","5","1","C","مشهد، خیابان امام رضا 24 ،مقابل پمپ بنزین، کوچه باقریه، نبش سه راه اول",NULL,NULL,"1","2026-02-22 12:19:30","2026-02-22 12:19:30"
"131","52","پارمیس","kish parmis hotel","4","5","A","كيش، میدان پردیس","26.5366549","54.0186954","1","2026-02-22 12:19:30","2026-02-22 12:52:56"
"132","7","پاسارگاد","pasargad","4","1","A","مشهد، خیابان امام رضا، بین امام رضا 65 و 67","36.2626028","59.5934218","1","2026-02-22 12:19:30","2026-02-22 12:52:56"
"133","52","فانوس","kish fanoos hotel","4","2","C","كيش، خیابان میر مهنا، ضلع جنوبی بازار پارس خلیج","26.5655603","53.9507671","1","2026-02-22 12:19:30","2026-02-22 12:52:56"
"134","49","آزادگان","kermanshah azadegan hotel","4","4","A","کرمانشاه ،ابتدای جاده سنندج، شهرک تعاون","34.3716059","47.1106783","1","2026-02-22 12:19:30","2026-02-22 12:52:56"
"135","49","راه کربلا","kermanshah rahekarbala hotel","4","2","A","کرمانشاه، خیابان مدرس،پیاده راه پزشکان( پارکینگ شهرداری سابق)","34.3102367","47.0652546","1","2026-02-22 12:19:30","2026-02-22 12:52:56"
"136","49","داریوش","kermanshah daryosh hotel","4","2","A","كرمانشاه، چهار راه مدرس، چهل متری مطهری","34.3119179","47.0677474","1","2026-02-22 12:19:30","2026-02-22 12:52:56"
"137","7","آریا","mashhad ariya hotel","4","2","A","مشهد، خیابان امام رضا، نبش امام رضا 12، چهارراه دانش","36.2789240","59.6084020","1","2026-02-22 12:19:30","2026-02-22 12:19:30"
"138","7","طوبی","mashhad toba hotel","4","2","B","مشهد، خيابان شيرازی، شيرازی 3، پلاک 243","36.2928253","59.6139175","1","2026-02-22 12:19:30","2026-02-22 12:52:56"
"139","7","مودت","mashhad mavedat hotel","5","2","A","خيابان امام رضا ، چهارراه دانش ، مصباح يزدي ٨ ( دانش غربي ٧ ) ، چهارراه اول سمت راست ، هتل مودت","36.2793139","59.6031781","1","2026-02-22 12:19:30","2026-02-22 12:52:56"
"140","7","عماد","mashhad emad hotel","4","3","A","مشهد، میدان طبرسی، کوچه نوغان، نبش نوغان 5","36.2949582","59.6224118","1","2026-02-22 12:19:30","2026-02-22 12:52:56"
"141","156","نارنجستان","mahmoudabad narenjestan hotel","4","4","A","کیلومتر7 جاده محمودآباد به نور، ایزدشهر","36.6145068","52.1834184","1","2026-02-22 12:19:30","2026-02-22 12:52:56"
"142","52","پارس نیک","kish parsnik hotel","4","3","A","کیش، میدان امیر کبیر، بلوار دریا، حدفاصل آنا و فلامینگو","26.5465168","54.0140750","1","2026-02-22 12:19:30","2026-02-22 12:52:56"
"143","52","آفتاب شرق","kish aftabshargh hotel","4","3","A","کیش، میر مهنا، ابتدای بلوار جاسک","26.5628679","53.9436693","1","2026-02-22 12:19:30","2026-02-22 12:52:56"
"144","7","ثامن","2967e88bd","4","3","A","مشهد، انتهای بلوار وکیل آباد، ابتدای جاده طرقبه، امام رضا 2، بعد از ویلاشهر","36.3416407","59.4402965","1","2026-02-22 12:19:30","2026-02-22 12:52:56"
"145","7","میثاق ملل","mashhad misaqh hotel","4","5","A","مشهد، بلوار وکیل آباد، داخل اقبال لاهوری 20","36.3296094","59.4696256","1","2026-02-22 12:19:30","2026-02-22 12:52:56"
"146","7","توریست توس","mashhad parsiantoristtoos hotel","4","4","A","مشهد، بزرگراه آسیایی، بعد از پل قائم، نرسیده به بیمارستان رضوی","36.3513822","59.5460754","1","2026-02-22 12:19:30","2026-02-22 12:52:57"
"147","7","جواد","mashhad javad hotel","4","4","A","مشهد، خیابان امام رضا، نبش امام رضا 3","36.2825521","59.6105697","1","2026-02-22 12:19:30","2026-02-22 12:52:57"
"148","7","رویا","8594a97ea","4","1","A","مشهد،خیابان امام رضا،نبش امام رضا 33","36.2718319","59.6015631","1","2026-02-22 12:19:30","2026-02-22 12:52:57"
"149","7","گلدن پالاس","GoldenPalace","4","5","A","مشهد، خیابان امام رضا، بین امام رضا 34 و 36","36.2721241","59.6025862","1","2026-02-22 12:19:30","2026-02-22 12:52:57"
"150","7","آبان","mashhad aban hotel","4","4","C","مشهد، بلوار پیروزی، بین پیروزی 62 و 64","36.3202290","59.4895094","1","2026-02-22 12:19:30","2026-02-22 12:52:57"
"151","10","پرشیا","ahvaz persia hotel","4","3","A","اهواز، چهار راه امام خمینی، خیابان شریعتی، خیابان صدر السادات (سیروس)","31.3190909","48.6848318","1","2026-02-22 12:19:30","2026-02-22 12:52:57"
"152","117","بهمن","kordkuy bahman hotel","4","3","A","گرگان، شهرستان کرد کوی، بلوار امام رضا غربی، جنب فرمانداری","36.7996418","54.1061574","1","2026-02-22 12:19:30","2026-02-22 12:52:57"
"153","41","باباطاهر","hamedan babataher hotel","4","5","A","همدان، آرامگاه باباطاهر، ضلع شرقی آرامگاه","34.8102371","48.5104216","1","2026-02-22 12:19:30","2026-02-22 12:52:57"
"154","130","جنگلی سالاردره","sari jangalisalardareh hotel","4","4","A","ساری، بلوار کشاورز، کیلومتر 12 جاده ساری به سمنان، مقابل کارخانه کاغذ و چوب","36.4472456","53.0924398","1","2026-02-22 12:19:30","2026-02-22 12:52:57"
"155","151","بهشت","qeshm behesht hotel","4","3","A","قشم، چهارراه پردیس، خیابان فلسطین، مقابل استادیوم تختی","26.9525724","56.2755304","1","2026-02-22 12:19:30","2026-02-22 12:52:57"
"156","10","نادری","ahvaz naderi hotel","4","3","A","اهواز، خیابان امام خمینی شرقی، بین ادهم و گندمی","31.3184879","48.6888279","1","2026-02-22 12:19:30","2026-02-22 12:52:57"
"157","151","ساحل طلایی","qeshm saheltalaee hotel","4","4","A","قشم، جاده ساحلی جنوبی، مقابل زیارتگاه شاه شهید","26.9083956","56.1679238","1","2026-02-22 12:19:30","2026-02-22 12:52:57"
"158","10","ایران","ahvaz iran hotel","4","2","A","اهواز، خیابان شریعتی، چهاراه امام خمینی","31.3193214","48.6851919","1","2026-02-22 12:19:30","2026-02-22 12:52:57"
"159","7","مشکات رضوی","fd4a55e11a","5","1","C","مشهد، امام رضا 12، حنایی 4، اولین کوچه سمت راست","36.2787285","59.6096029","1","2026-02-22 12:19:30","2026-02-22 12:52:57"
"160","130","بادله","sari badeleh hotel","4","4","A","ساری، کیلومتر 10 جاده نکا","36.5784738","53.1961029","1","2026-02-22 12:19:30","2026-02-22 12:52:57"
"161","39","اوین","tehran parsianevin hotel","4","4","A","تهران، بزرگراه چمران شمال، تقاطع یادگار","35.7890570","51.3906120","1","2026-02-22 12:19:30","2026-02-22 12:19:30"
"162","39","ساینا","Sayna","4","3","A","تهران، خیابان ولیعصر، خیابان اسدآبادی (یوسف آباد) خیابان فتحی شقاقی، پلاک 60","35.7236809","51.4066735","1","2026-02-22 12:19:30","2026-02-22 12:52:57"
"163","52","داریوش","kish daryosh hotel","4","5","A","كيش، میدان داریوش","26.5351644","54.0276759","1","2026-02-22 12:19:30","2026-02-22 12:52:57"
"164","130","نوید","sari navid hotel","4","4","A","ساری، کیلومتر 4 جاده ی ساری به قائمشهر","36.5318274","52.9907330","1","2026-02-22 12:19:30","2026-02-22 12:52:57"
"165","149","پارامیدا","shahroud parmida hotel","4","4","A","شاهرود، خيابان تهران، بلوار دانشگاه، مقابل ترمينال، جنب اداره راه","36.3835570","54.9336286","1","2026-02-22 12:19:30","2026-02-22 12:52:57"
"166","7","دیبا","5ea21633e","4","2","A","مشهد، خیابان امام رضا، امام رضا 8، تقاطع دوم","36.2793916","59.6113097","1","2026-02-22 12:19:30","2026-02-22 12:52:57"
"167","42","عباسی","esfahan abbasi hotel","4","5","A","اصفهان، میدان انقلاب، خیابان گلدسته، چهارراه آمادگاه سمت چپ، (خیابان سنگ فرش)","32.6515232","51.6702676","1","2026-02-22 12:19:30","2026-02-22 12:52:57"
"168","42","پارتیکان","esfahan partikan hotel","4","2","A","اصفهان، خیابان استانداری، کوچه گذر سعدی، ضلع جنوب غربی نقش جهان","32.6560972","51.6762831","1","2026-02-22 12:19:30","2026-02-22 12:52:57"
"169","151","شمس","qeshm shams hotel","4","2","A","قشم، چهارراه پردیس، انتهای خیابان فلسطین","26.9526453","56.2793118","1","2026-02-22 12:19:30","2026-02-22 12:52:57"
"170","69","شمس","shiraz shams hotel","5","2","A","شيراز، دروازه اصفهان، ابتدای خیابان حافظ","29.6201777","52.5510748","1","2026-02-22 12:19:31","2026-02-22 12:52:57"
"171","119","مرجان","babol marjan hotel","4","2","A","مازندران، بابل، بلوار شهیدکشور","36.5392937","52.6903886","1","2026-02-22 12:19:31","2026-02-22 12:52:57"
"172","93","هما","bandareabbas homa hotel","4","5","A","بندرعباس، بلوار پاسداران، خیابان معراج","27.1709076","56.2561637","1","2026-02-22 12:19:31","2026-02-22 12:52:57"
"173","7","محراب",NULL,"5","1","C","امام رضا 8 - نبش چهارراه دوم","36.2793281","59.6118126","1","2026-02-22 12:19:31","2026-02-22 12:52:57"
"174","123","ارشاد","sarein ershad hotel","4","4","A","سرعین، خیابان ولیعصر، جنب آب درمانی","38.1530710","48.0785094","1","2026-02-22 12:19:31","2026-02-22 12:52:57"
"175","63","المپیک","qhom olympic hotel","4","4","A","قم، بلوار معلم، نبش کوچه ی سوم","34.6347125","50.8823073","1","2026-02-22 12:19:31","2026-02-22 12:52:57"
"176","4","پاسارگاد","bushehr pasargad hotel","5","2","A","بوشهر ،خیابان امام خمینی (سنگی)، نرسیده به میدان ساعت","28.9758238","50.8280155","1","2026-02-22 12:19:31","2026-02-22 12:52:57"
"177","42","جلفا","esfahan jolfa hotel","4","2","A","اصفهان، خیابان حکیم نظامی، کوچه کلیسای وانک","32.6343443","51.6550625","1","2026-02-22 12:19:31","2026-02-22 12:52:57"
"178","72","اطلس","yazd atlas hotel","4","2","A","يزد، بلوار شهید صدوقی جنوبی، بین میدان باهنر و میدان همافر","31.8785125","54.3355324","1","2026-02-22 12:19:31","2026-02-22 12:52:57"
"179","42","پارت","esfahan part hotel","4","3","C","اصفهان، خیابان شمس آبادی، روبروی بانک سینا کوچه 17 (جهان آرا)","32.6508029","51.6661433","1","2026-02-22 12:19:31","2026-02-22 12:52:57"
"180","46","سیاح","kashan sayyah hotel","4","1","A","کاشان، دروازه دولت، خیابان اباذر، جنب بازار تاریخی کاشان","33.9869800","51.4542658","1","2026-02-22 12:19:31","2026-02-22 12:52:57"
"181","7","اوستا","d47263acf","8","1","A","مشهد،خیابان امام رضا، امام رضا 8","36.2804509","59.6120599","1","2026-02-22 12:19:31","2026-02-22 12:52:57"
"182","132","آنا","urmia anna hotel","4","5","A","ارومیه، خیابان جام جم (جاده بند)، مقابل گلشهر 2، پلاک 80","37.5111248","45.0234365","1","2026-02-22 12:19:31","2026-02-22 12:52:57"
"183","101","اخوان","kerman akhavan hotel","4","2","A","كرمان، بلوار شهید صدوقی","30.2850505","57.0471586","1","2026-02-22 12:19:31","2026-02-22 12:52:57"
"184","69","تالار","shiraz talar hotel","4","3","A","شيراز، خیابان فردوسی، حد فاصل خیابان رودکی و خیابان سعدی","29.6227956","52.5431730","1","2026-02-22 12:19:31","2026-02-22 12:52:57"
"185","42","همام","esfahan homam hotel","4","2","A","اصفهان، دروازه شیراز، خیابان هزار جریب، طبقه فوقانی ترمینال صفه","32.5879711","51.6707009","1","2026-02-22 12:19:31","2026-02-22 12:52:57"
"186","68","ابریشم","ghazvin abrisham hotel","9","1","A","قزوين، نبش چهارراه منتظری","36.2601249","49.9963221","1","2026-02-22 12:19:31","2026-02-22 12:52:57"
"187","42","جمشید","esfahan jamshid hotel","4","2","A","اصفهان، خیابان چهارباغ پایین، حدفاصل چهارراه تختی و میدان امام حسین(دروازه دولت)، ابتدای بازارچه حاج محمدعلی","32.6610645","51.6694284","1","2026-02-22 12:19:31","2026-02-22 12:52:57"
"188","72","پارسیان","yazd parsian hotel","4","3","A","يزد، بلوار جمهوری، کوچه نهضت، جنب بیمارستان افشار","31.9116197","54.3316654","1","2026-02-22 12:19:31","2026-02-22 12:52:57"
"189","72","سنتی کوروش","yazd sonnatikurosh hotel","4","1","A","يزد، خیابان امام خمینی، محله فهادان، نرسیده به زندان اسکندر، مقابل سازمان صنایع دستی و گردشگری","31.9043954","54.3709901","1","2026-02-22 12:19:31","2026-02-22 12:52:57"
"190","72","فرهنگ","yazd farhang hotel","4","2","A","يزد، میدان شهید بهشتی، ابتدای خیابان امام خمینی، کوچه فرهنگ","31.8892126","54.3652475","1","2026-02-22 12:19:31","2026-02-22 12:52:57"
"191","39","هالی","tehran hali hotel","4","3","A","تهران، خیابان استاد نجات الهی، بین سمیه و طالقانی، کوچه بیمه","35.7060140","51.4174108","1","2026-02-22 12:19:31","2026-02-22 12:52:57"
"192","39","انقلاب","tehran parsianenqelab hotel","4","4","A","تهران، خیابان طالقانی‌، حد فاصل حافظ و ولیعصر،جنب ساختمان بنیاد شهید، پلاک 341","35.7071455","51.4088933","1","2026-02-22 12:19:31","2026-02-22 12:52:57"
"193","123","بوستان","sarein bostan hotel","4","4","A","سرعين، خيابان دانش، خیابان معلم شرقی، پلاک 1","38.1473636","48.0744819","1","2026-02-22 12:19:31","2026-02-22 12:52:57"
"194","49","پارسیان","kermanshah parsian hotel","4","5","A","کرمانشاه، بلوار شهید کشوری، جنب پل ولایت","34.3583776","47.1143485","1","2026-02-22 12:19:31","2026-02-22 12:52:57"
"195","7","ویلا","vila","5","1","A","مشهد میدان شهدا امام خمینی ۵ هتل ویلا","36.2960212","59.6041337","1","2026-02-22 12:19:31","2026-02-22 12:52:57"
"196","7","آپادانا","mashhad apadana hotel","4","3","A","مشهد، خيابان اندرزگو، نبش چهار راه خسروی","36.2905214","59.6064657","1","2026-02-22 12:19:31","2026-02-22 12:52:57"
"197","7","مارین","e6fa07dfa","9","0","A","مشهد، خیابان امام رضا 5، انتهای چهنو 14،ارام 4

یا اوایل  سرشور 28","36.2831645","59.6057123","1","2026-02-22 12:19:31","2026-02-22 12:52:57"
"198","167","دریا","astara darya hotel","4","3","A","گيلان، آستارا، بازارچه ساحلی، مقابل پارکینگ","38.4211959","48.8783809","1","2026-02-22 12:19:31","2026-02-22 12:52:57"
"199","167","ایساتیس","astara esatis hotel","5","3","A","گيلان، آستارا، کیلومتر سه جاده آستارا از سمت رشت","38.3833960","48.8602870","1","2026-02-22 12:19:31","2026-02-22 12:19:31"
"200","140","شهر قصه","mahmoudabad shahreghesse hotel","11","2","A","محموداباد، خیابان معلم، سمت دریا","36.6384380","52.2771572","1","2026-02-22 12:19:31","2026-02-22 12:52:57"
"201","177","قصر","minudasht qasr hotel","4","3","A","گلستان، مینودشت، کمربندی تهران مشهد، مقابل بلوار بسیج (بجنورد - آزادشهر )","37.2243377","55.3636766","1","2026-02-22 12:19:31","2026-02-22 12:52:57"
"202","162","پارمیس","Parmis","4","3","A","علی آبادکتول، خیابان امام ،مقابل فرمانداری","36.9036229","54.8475853","1","2026-02-22 12:19:31","2026-02-22 12:52:57"
"203","121","عجم","azadshahr ajam hotel","4","3","A","گلستان، آزادشهر، مقابل ایران خودرو","37.0945233","55.1689454","1","2026-02-22 12:19:31","2026-02-22 12:52:57"
"204","64","کسری( شایلی سابق)","noshahr kasra hotel","5","2","A","نوشهر، منطقه توریستی سیاحتی سیترا، پلاژحسینی، انتهای کوچه ایثار","36.6610482","51.4844857","1","2026-02-22 12:19:31","2026-02-22 12:52:57"
"205","96","تخت جمشید","kelardasht takhtejamshid hotel","5","2","A","كلاردشت، انتهاي بلوار پاسداران، خيابان اجابيت، هتل تخت جمشيد","36.4940650","51.1452078","1","2026-02-22 12:19:31","2026-02-22 12:52:57"
"206","58","الماس","bandaranzali almas hotel","4","3","A","بندرانزلی، خیابان پاسداران، نبش کوچه چهاردهم","37.4901137","49.4056988","1","2026-02-22 12:19:31","2026-02-22 12:52:57"
"207","54","سبلان","ardabil sabalan hotel","4","3","A","اردبيل، چهارراه امام، خيابان شیخ صفی","38.2469955","48.2913880","1","2026-02-22 12:19:31","2026-02-22 12:52:57"
"208","156","آریان","0356d13a","5","3","A","مازندران، نور، بلوار امام رضا","36.5823188","52.0381710","1","2026-02-22 12:19:31","2026-02-22 12:52:57"
"209","13","میلاد","neka milad hotel","5","3","A","نکا، خیابان انقلاب، جنب دارایی","36.6379279","53.2773376","1","2026-02-22 12:19:31","2026-02-22 12:52:57"
"210","57","لیپار","chabahar lipar hotel","4","5","A","چابهار، منطقه آزادتجاری صنعتی","25.3224474","60.6228496","1","2026-02-22 12:19:31","2026-02-22 12:52:57"
"211","129","استقلال","zahedan esteghlal hotel","4","4","A","زاهدان، میدان آزادی، مقابل بانک صادرات","29.4882239","60.8650604","1","2026-02-22 12:19:31","2026-02-22 12:52:57"
"212","95","رضا","shirvan reza hotel","4","3","A","شیروان، کوهستان پارک شیرکوه","37.3800986","57.9198857","1","2026-02-22 12:19:31","2026-02-22 12:52:57"
"213","178","نگین","bojnurd negin hotel","4","3","A","بجنورد، میدان امام رضا","37.4740751","57.3529307","1","2026-02-22 12:19:31","2026-02-22 12:52:57"
"214","63","استقلال","qhom esteghlal hotel","4","4","A","قم، 55 متری عماریاسر، ابتدای تونل الغدیر، نبش کوچه ی نهم","34.6434562","50.8911112","1","2026-02-22 12:19:31","2026-02-22 12:52:57"
"215","152","زاگرس","arak zagros hotel","4","4","A","اراک، خیابان شهید شیرودی، بلوار شهید قدوسی","34.0792976","49.6997736","1","2026-02-22 12:19:31","2026-02-22 12:52:57"
"216","7","کاویان","aec394c3bc","5","3","A","مشهد، خیابان امام رضا 8، نبش چهارراه اول",NULL,NULL,"1","2026-02-22 12:19:31","2026-02-22 12:19:31"
"217","134","مجتمع جهانگردی","sanandaj mojtamehjahangardi hotel","13","3","A","سنندج، بلوار پاسداران، سه راه شالمان، جنب امور آب","35.2927062","47.0039012","1","2026-02-22 12:19:31","2026-02-22 12:52:57"
"218","69","سنتی نیایش","shiraz sonnatiniyayesh hotel","4","3","A","شیراز، سه راه نمازی به سمت شاهچراغ، کوچه کلانتری عباسی","29.6126862","52.5391797","1","2026-02-22 12:19:31","2026-02-22 12:52:57"
"219","7","صادقیه توس","mashhad sadeghietoos hotel","5","1","A","مشهد، میدان بیت المقدس به سمت خسروی نو، خیابان اندرزگو 12 (ابتدای کوچه آیت الله خامنه ای)","36.2894358","59.5960005","1","2026-02-22 12:19:31","2026-02-22 12:52:57"
"220","7","تیمورلوئی ( دوستان )",NULL,"2","0","A","مشهد،خیابان امام رضا، امام رضا 5، کوچه چهنو 6، کوچه مهر آئین","36.2820837","59.6085451","1","2026-02-22 12:19:31","2026-02-22 12:52:57"
"221","151","مارینا 1","qeshm marina1 hotel","4","3","A","قشم، شهرک صنعتی فجر، میدان ورودی قشم، مقابل مسکن مهر","26.9748785","56.2257703","1","2026-02-22 12:19:31","2026-02-22 12:52:57"
"222","151","مارینا2","qeshm marina2 hotel","4","3","A","قشم، بلوار ولیعصر، خیابان فارس، مقابل درب جنوبی بازار ستاره","26.9492806","56.2752473","1","2026-02-22 12:19:31","2026-02-22 12:52:57"
"223","7","آفریقا","mashhad africa hotel","4","2","A","مشهد، خیابان هفده شهریور، نبش چهارراه عنصری","36.2734764","59.6143365","1","2026-02-22 12:19:31","2026-02-22 12:52:57"
"224","52","ارم","3c402c","4","4","A","کیش،بلوار خیام","26.5335314","54.0241775","1","2026-02-22 12:19:31","2026-02-22 12:52:57"
"225","52","ستاره","kish setareh hotel","4","2","A","کیش، بین میدان داریوش و سیری، روبه روی هتل داریوش","26.5321694","54.0271240","1","2026-02-22 12:19:31","2026-02-22 12:52:57"
"226","52","پانیذ","kish paniz hotel","4","2","A","کیش، خیابان رودکی، جنب رویا مال","26.5383535","54.0168910","1","2026-02-22 12:19:31","2026-02-22 12:52:57"
"227","52","آریان","kish ariyan hotel","4","4","A","کیش، میدان امیر کبیر، روبروی پارک شهر","26.5422970","54.0154957","1","2026-02-22 12:19:31","2026-02-22 12:52:57"
"228","52","هلیا","kish helya hotel","4","3","A","کیش، میدان ساحل، رو به روی بازار دیپلمات","26.5445848","54.0161556","1","2026-02-22 12:19:31","2026-02-22 12:52:57"
"229","63","کریمه","qhom karimeh hotel","4","4","A","قم، میدان آستانه، جنب حرم مطهر","34.6431940","50.8809570","1","2026-02-22 12:19:31","2026-02-22 12:19:31"
"230","52","سارا","kish sara hotel","4","3","A","کیش، جنب بازار پردیسان، خیابان رودکی","26.5385544","54.0184796","1","2026-02-22 12:19:31","2026-02-22 12:52:57"
"231","96","باران سبز","kelardasht baransabz hotel","11","2","A","کلاردشت، کیلومتر 3 جاده عباس آباد، ارتفاعات جنوبی روستای طویدره","36.5278418","51.1564112","1","2026-02-22 12:19:31","2026-02-22 12:52:57"
"232","52","پارسیان","kish parsian hotel","4","3","A","کیش، میدان ساحل، بین بازارمرکزی تجاری وزیتون، رو به روی تالار شهر","26.5433826","54.0187966","1","2026-02-22 12:19:31","2026-02-22 12:52:57"
"233","52","جام جم","bab715afb","4","3","A","کیش، میدان ساحل، پشت دانشگاه امیر کبیر، رو به روی بازار ونوس","26.5482832","54.0138071","1","2026-02-22 12:19:31","2026-02-22 12:52:57"
"234","52","ایران","kish iran hotel","4","5","A","کیش، میدان امیرکبیر، بلوارخلیج فارس ( بلوار سیاحتی )","26.5410720","54.0152527","1","2026-02-22 12:19:31","2026-02-22 12:52:57"
"235","28","آزادی خزر","chalus parsiianazadikhazar hotel","4","5","A","چالوس، نمک آبرود، روبه‌روی تله کابین","36.6948214","51.2999725","1","2026-02-22 12:19:31","2026-02-22 12:52:57"
"236","39","شهر","tehran shahr hotel","4","3","A","تهران، سه راه تهران پارس، اول خیابان دماوند، پلاک 263","35.7241931","51.5226244","1","2026-02-22 12:19:31","2026-02-22 12:52:57"
"237","46","منوچهری","kashan manochehrikashan hotel","1","0","A","کاشان، خیابان محتشم کاشانی، کوچه شهید ثابت، عمارت هفت","33.9809877","51.4523615","1","2026-02-22 12:19:31","2026-02-22 12:52:57"
"238","39","کارون","tehran karoon hotel","4","3","A","تهران، خیابان ولیعصر، بعد از خیابان زرتشت، کوچه غفاری","35.7184457","51.4068249","1","2026-02-22 12:19:31","2026-02-22 12:52:57"
"239","4","هیرون","bushehr heiron hotel","5","2","A","بوشهر، حد فاصل چهارراه نادر و سه راه گمرک، خیابان ولیعصر","28.9842234","50.8369014","1","2026-02-22 12:19:31","2026-02-22 12:52:57"
"240","153","بام سبز","ramsar bamramsar hotel","4","4","A","رامسر، کیلومتر 5 غرب رامسر","36.9459227","50.5990682","1","2026-02-22 12:19:31","2026-02-22 12:52:57"
"241","52","مارینا پارک","kish marinapark hotel","4","5","A","کیش، بلوار مرجان، جنب برج های دوقلو","26.5211879","54.0449500","1","2026-02-22 12:19:31","2026-02-22 12:52:57"
"242","42","ماهان","esfahan mahan hotel","4","2","A","اصفهان، میدان بزرگمهر، چهارراه نورباران، خیابان 22 بهمن","32.6461909","51.7015676","1","2026-02-22 12:19:31","2026-02-22 12:52:57"
"243","42","ونوس","esfahan venoos hotel","4","3","A","اصفهان، خیابان آمادگاه، حد فاصل چهارراه گلدسته و چهارراه فلسطین","32.6505868","51.6741020","1","2026-02-22 12:19:31","2026-02-22 12:52:57"
"244","33","پارک","zanjan park hotel","4","3","A","زنجان، میدان آزادی","36.6664009","48.4936091","1","2026-02-22 12:19:31","2026-02-22 12:52:57"
"245","151","خلیج فارس","qeshm khalijfars hotel","4","3","A","جزیره ی قشم، كيلومتر پنج اتوبان قشم - درگهان، نرسيده به ميدان علم وصنعت","26.9832699","56.2274509","1","2026-02-22 12:19:31","2026-02-22 12:52:57"
"246","7","آرین","bbf6120f","5","1","C","مشهد، خیابان امام رضا 3",NULL,NULL,"1","2026-02-22 12:19:31","2026-02-22 12:19:31"
"247","46","نگارستان","kashan negarestan hotel","4","3","A","کاشان، خیابان امیر کبیر، نرسیده به باغ فین","33.9518623","51.3832229","1","2026-02-22 12:19:31","2026-02-22 12:52:57"
"248","25","پارس کاروانسرا","abadan parskarvansara hotel","4","5","A","آبادان، میدان بریم، جنب فرودگاه بین المللی","30.3605676","48.2420218","1","2026-02-22 12:19:31","2026-02-22 12:52:57"
"249","7","پارسیان","mashhad parsian hotel","4","3","A","مشهد، خیابان کوهسنگی، نبش کوهسنگی 15","36.2866083","59.5725089","1","2026-02-22 12:19:31","2026-02-22 12:52:57"
"250","151","پرشین گلف","qeshm persiangolf hotel","4","3","A","قشم، درگهان، میدان انقلاب","26.9687189","56.0701983","1","2026-02-22 12:19:31","2026-02-22 12:52:57"
"251","101","هزار","kerman hezar hotel","4","3","A","کرمان، پارک نشاط، کوچه شماره پنج، خیابان سعدی","30.2817690","57.0688780","1","2026-02-22 12:19:31","2026-02-22 12:19:31"
"252","153","نیستان","ramsar neyestan hotel","5","3","A","رامسر - بلوار معلم - چهارصد دستگاه - یاس 11","36.9151206","50.6640882","1","2026-02-22 12:19:31","2026-02-22 12:52:57"
"253","133","مروارید صدرا","behshahr morvaridsadra hotel","4","3","A","بهشهر، جاده نیروگاه، جنب شرکت نفت خزر","36.8405300","53.2894010","1","2026-02-22 12:19:31","2026-02-22 12:19:31"
"254","132","آریا","urmia ariya hotel","4","4","A","ارومیه، خیابان طالقانی، اواسط خیابان طالقانی","37.5554475","45.0795838","1","2026-02-22 12:19:31","2026-02-22 12:52:57"
"255","153","کوثر","ramsar kosar hotel","5","3","A","رامسر، سه راهی سادات شهر","36.8965770","50.7067931","1","2026-02-22 12:19:31","2026-02-22 12:52:58"
"256","12","جهانگردی","semnan jahangardi hotel","4","3","A","سمنان، میدان معلم، بلوار بسیج، جنب جهاد کشاورزی","35.5927484","53.3781247","1","2026-02-22 12:19:31","2026-02-22 12:52:58"
"257","7","مجلل درویشی","mashhad darvishi hotel","4","5","A","مشهد، خیابان امام رضا، بین امام رضا 24 و 26","36.2754886","59.6054623","1","2026-02-22 12:19:31","2026-02-22 12:52:58"
"258","7","دیپلمات","mashhad diplomat hotel","4","3","A","مشهد، میدان راه آهن، ابتدای بلوار شهید کامیاب، نبش شهید کامیاب 32","36.3042073","59.6203059","1","2026-02-22 12:19:31","2026-02-22 12:52:58"
"259","7","قصر نیلی","mashhad qasrneilee hotel","4","3","A","مشهد، چهارراه آخوند خراسانی، آخوند خراسانی 12","36.2873880","59.6034530","1","2026-02-22 12:19:31","2026-02-22 12:19:31"
"260","42","سنتی طلوع خورشید","esfahan sonnatitoloekhorshid hotel","4","3","A","اصفهان، خیابان ابن سینا، کوچه شماره 37 (میر علاالدین)، فرعی 3","32.6731474","51.6839863","1","2026-02-22 12:19:31","2026-02-22 12:52:58"
"261","7","سامرا","mashhad samera hotel","5","1","C","مشهد، چهار راه شهدا، خیابان شیرازی 17",NULL,NULL,"1","2026-02-22 12:19:31","2026-02-22 12:19:31"
"262","72","کاروانسرای مشیر","yazd karvansarayemoshiryazd hotel","4","2","A","یزد، بلوار امام‌زاده جعفر، خیابان مصلی، بازارچه مشیرالممالک","31.8970458","54.3616907","1","2026-02-22 12:19:31","2026-02-22 12:52:58"
"263","69","تچر","shiraz tachar hotel","5","2","A","شیراز، خیابان فردوسی، حد فاصل پل باغ صفا و چهارراه رودکی، روبروی مخابرات امام خمینی","29.6245641","52.5394610","1","2026-02-22 12:19:31","2026-02-22 12:52:58"
"264","7","صدرا","mashhad sadra hotel","4","1","D","مشهد - خیابان امام رضا 10 - تقاطع اول سمت راست","36.2789491","59.6091940","1","2026-02-22 12:19:31","2026-02-22 12:52:58"
"265","42","شیخ بهایی","esfahan sheykhbahaei hotel","4","3","A","اصفهان، خیابان شمس آبادی، انتهای کوچه شماره 23","32.6530606","51.6677564","1","2026-02-22 12:19:31","2026-02-22 12:52:58"
"266","52","شایان","kish shayan hotel","4","5","A","کیش، میدان ساحل، بلوار ساحل","26.5463081","54.0207396","1","2026-02-22 12:19:31","2026-02-22 12:52:58"
"267","7","افرا","mashhad afra hotel","5","3","C","مشهد، میدان شهدا، خیابان شیرازی 20، پلاک 580","36.2953332","59.6069315","1","2026-02-22 12:19:31","2026-02-22 12:52:58"
"268","58","امیران","bandaranzali amiran hotel","5","2","A","بندرانزلی، کیلومتر 5 جاده انزلی به آستارا، جنب هتل سفیدکنار","37.5017867","49.3630629","1","2026-02-22 12:19:32","2026-02-22 12:52:58"
"269","162","کانیار","aliabadekatol kaniyar hotel","4","3","A","علی آباد کتول، بلوار امام رضا","36.9037003","54.8502123","1","2026-02-22 12:19:32","2026-02-22 12:52:58"
"270","39","تابان","tehran taban hotel","4","2","A","تهران، خیابان انقلاب، ضلع غربی میدان فردوسی، کوچه شاهرود، پلاک 1","35.7021754","51.4178333","1","2026-02-22 12:19:32","2026-02-22 12:52:58"
"271","8","بزرگ کوهستان","birgand bozorgkohestan hotel","4","4","A","بیرجند، بلوار پیامبر اعظم، دهکده توریستی برادران ذوالفقاری","32.8272990","59.1829342","1","2026-02-22 12:19:32","2026-02-22 12:52:58"
"272","39","آزادی","tehran azadi hotel","4","2","A","تهران، خیابان سمیه، بین خیابان دکتر مفتح و فرصت، پلاک 138","35.7055657","51.4237810","1","2026-02-22 12:19:32","2026-02-22 12:53:02"
"273","39","مینا","tehran mina hotel","4","2","A","تهران، میدان هفت تیر، خیابان دکتر مفتح جنوبی، بعد از چهارراه سمیه، روبروی دانشگاه خوارزمی، پلاک 82","35.7041333","51.4258195","1","2026-02-22 12:19:32","2026-02-22 12:52:58"
"274","63","بزرگ پارسیا","qhom bozorgparsian hotel","4","4","A","قم، انتهای بلوار محمد امین، میدان ارتش، ابتدای بلوار الغدیر","34.6141601","50.8394537","1","2026-02-22 12:19:32","2026-02-22 12:52:58"
"275","42","صفوی","esfahan safavi hotel","4","3","A","اصفهان، خیابان فلسطین","32.6501632","51.6775277","1","2026-02-22 12:19:32","2026-02-22 12:52:58"
"276","141","زاگرس","borujerd zagros hotel","4","4","A","بروجرد، انتهای خیابان تختی، تپه چغا","33.9047601","48.7248276","1","2026-02-22 12:19:32","2026-02-22 12:52:58"
"277","46","خانه رز","kashan khanehroz hotel","4","2","A","کاشان، خیابان امیرکبیر، خیابان امیرالمومنین، جنب مسجد امام علی(ع)","33.9700090","51.3973528","1","2026-02-22 12:19:32","2026-02-22 12:52:58"
"278","46","نگین","kashan khanehtarikhinegin hotel","1","1","A","کاشان، خیابان محتشم، کوچه شهیدان ثابت ، خانه تاریخی نگین","33.9811777","51.4500048","1","2026-02-22 12:19:32","2026-02-22 12:52:58"
"279","7","هلیا","mashhad heliya hotel","4","3","A","مشهد، خیابان امام رضا، امام رضا 8","36.2798694","59.6103683","1","2026-02-22 12:19:32","2026-02-22 12:52:58"
"280","7","سی برگ","mashhad sibarg hotel","4","3","A","مشهد، سی متری اول احمدآباد ، ابتدای بلوار رضا، نرسیده به رضا 2","36.2977592","59.5692069","1","2026-02-22 12:19:32","2026-02-22 12:52:58"
"281","69","ستارگان","shiraz setaregan hotel","4","3","A","شیراز، تقاطع خیابان آزادی و ارم","29.6298886","52.5358894","1","2026-02-22 12:19:32","2026-02-22 12:52:58"
"282","42","صبا","esfahan saba hotel","4","2","A","اصفهان، چهار تختی، به سمت میدان شهدا، کوچه شهید بانکی","32.6668720","51.6707515","1","2026-02-22 12:19:32","2026-02-22 12:52:58"
"283","7","کیانا","mashhad kiana hotel","4","4","A","مشهد، خیابان امام رضا، امام رضا 2، کوچه کربلا","36.2808883","59.6128390","1","2026-02-22 12:19:32","2026-02-22 12:52:58"
"284","42","زهره","esfahan zohreh hotel","4","3","A","اصفهان، خیابان فردوسی، بین خیابان عافیت و منوچهری","32.6460648","51.6760911","1","2026-02-22 12:19:32","2026-02-22 12:52:58"
"285","7","الوند","mashhad alvand hotel","4","3","A","مشهد، خیابان امام رضا، امام رضا 27، چهارراه اول سمت راست","36.2744910","59.6019590","1","2026-02-22 12:19:32","2026-02-22 12:19:32"
"286","28","کوروش","chalus korosh hotel","4","3","A","چالوس، كيلومتر 2 جاده چالوس به نوشهر","36.6517570","51.4507090","1","2026-02-22 12:19:32","2026-02-22 12:19:32"
"287","52","صدف","kish sadaf hotel","4","4","A","کیش، میدان امیرکبیر","26.5463706","54.0133159","1","2026-02-22 12:19:32","2026-02-22 12:52:58"
"288","112","شبستان","rasht shabestan hotel","4","4","A","رشت، فلکه گلسار، ابتدای خیابان بنت الهدی","37.2918210","49.5891134","1","2026-02-22 12:19:32","2026-02-22 12:52:58"
"289","69","پارک","shiraz park hotel","4","3","A","شیراز، چهارراه زند، خیابان سعدی","29.6191084","52.5429668","1","2026-02-22 12:19:32","2026-02-22 12:52:58"
"290","72","لاله","yazd laleh hotel","4","3","A","یزد، بلوار بسیج، جنب آب انبار تاریخی گلشن","31.8875532","54.3708950","1","2026-02-22 12:19:32","2026-02-22 12:52:58"
"291","7","مدینه الرضا","mashhad madinehalreza hotel","4","5","A","مشهد، خیابان شیرازی، نبش شارستان رضوی","36.2919031","59.6115878","1","2026-02-22 12:19:32","2026-02-22 12:52:58"
"292","167","جهانگردی","astara jahangardi hotel","4","2","A","گیلان، آستارا، خیابان حکیم نظامی، روبروی اداره ی بهداشت","38.4338978","48.8777018","1","2026-02-22 12:19:32","2026-02-22 12:52:58"
"293","5","جهانگردی","lahijan jahangardi hotel","4","2","A","لاهیجان، میدان سپاه، جنب استخر","37.2049227","50.0102686","1","2026-02-22 12:19:32","2026-02-22 12:52:58"
"294","58","جهانگردی","bandaranzali jahangardi hotel","4","2","A","بندرانزلي، كيلومتر 5 جاده انزلي به آستارا، جنب نمايشگاه","37.4943070","49.3895750","1","2026-02-22 12:19:32","2026-02-22 12:19:32"
"295","131","جهانگردی ناهارخوران","gorgan jahangardinaharkhoran hotel","4","3","A","گرگان، بلوار ناهارخوران، پارک جنگلی ناهار خوران گرگان","36.7671056","54.4739729","1","2026-02-22 12:19:32","2026-02-22 12:52:58"
"296","68","مرمر","ghazvin marmar hotel","4","3","A","قزوین، میدان ولیعصر، بلوار آیت الله خامنه ای","36.2657352","50.0230245","1","2026-02-22 12:19:32","2026-02-22 12:52:58"
"297","72","کاروان","yazd karevan hotel","6","3","A","یزد، بلوار آزادگان، جاده فرودگاه","31.8924977","54.3069370","1","2026-02-22 12:19:32","2026-02-22 12:52:58"
"298","7","الماس","mashhad almas hotel","4","4","A","مشهد، خیابان امام رضا، بین امام رضا 4 و 6","36.2818042","59.6108127","1","2026-02-22 12:19:32","2026-02-22 12:52:58"
"299","7","ستاره شرق","mashhad setarehsharq hotel","4","1","A","مشهد، خیابان امام رضا 31، نبش چهارراه چهارم، شوش 5","36.2757789","59.5977107","1","2026-02-22 12:19:32","2026-02-22 12:52:58"
"300","52","آبادگران","kish abadgaran hotel","4","3","A","کیش، خیابان پروین اعتصامی","26.5397774","54.0231094","1","2026-02-22 12:19:32","2026-02-22 12:52:58"
"301","7","امینیان","mashhad aminian hotel","4","2","A","مشهد، خیابان امام رضا، خیابان عنصری، عنصری غربی 9","36.2757540","59.6104090","1","2026-02-22 12:19:32","2026-02-22 12:19:32"
"302","7","کیان","mashhad kiyan hotel","4","3","A","مشهد، خیابان امام رضا (ع)، امام رضا 2","36.2815300","59.6127902","1","2026-02-22 12:19:32","2026-02-22 12:52:58"
"303","140","صدف","mahmoudabad sadaf hotel","6","0","A","محمودآباد، خیابان شهید ناطق نوری(خیابان آزادی)، دریا 28","36.6329339","52.2502627","1","2026-02-22 12:19:32","2026-02-22 12:52:58"
"304","7","جم","mashhad jam hotel","4","3","A","مشهد، خیابان پاسداران، بین پاسداران 4 و 4/1","36.2881960","59.5961436","1","2026-02-22 12:19:32","2026-02-22 12:52:58"
"305","7","معین درباری","mashhad moendarbari hotel","5","1","C","مشهد، خیابان امام رضا، امام رضا 19","36.2776766","59.6049957","1","2026-02-22 12:19:32","2026-02-22 12:52:58"
"306","42","ملل","d1172535a","4","3","A","اصفهان، خیابان کمال اسماعیل، حد فاصل میدان انقلاب و پل فردوسی","32.6427666","51.6731777","1","2026-02-22 12:19:32","2026-02-22 12:52:58"
"307","69","جهانگردی","shiraz mojtamejahangardi hotel","4","3","A","شیراز، کلبه سعدی، ابتدای بلوار ابونصر","29.6114140","52.5720450","1","2026-02-22 12:19:32","2026-02-22 12:19:32"
"308","69","پارمیس","shiraz parmis hotel","5","1","A","شیراز، میدان شهرداری، خیابان پیروزی، کوچه شماره 8","29.6160520","52.5421890","1","2026-02-22 12:19:32","2026-02-22 12:19:32"
"309","49","جمشید","kermanshah jamshid hotel","4","4","A","كرمانشاه، انتهای بلوار طاق بستان","34.3848614","47.1317708","1","2026-02-22 12:19:32","2026-02-22 12:52:58"
"310","70","رنگین کمان","khorramabad ranginkaman hotel","4","2","A","خرم آباد، خیابان شهدای شرقی، نبش خیابان معلم، چهار راه رنگین کمان","33.4904516","48.3593557","1","2026-02-22 12:19:32","2026-02-22 12:52:58"
"311","69","بزرگ","shiraz bozorg hotel","4","5","A","شیراز، دروازه قرآن","29.6349401","52.5600344","1","2026-02-22 12:19:32","2026-02-22 12:52:58"
"312","7","اطلس","mashhad atlas hotel","4","3","A","مشهد، خیابان امام رضا (ع)، میدان بیت المقدس","36.2829669","59.6121751","1","2026-02-22 12:19:32","2026-02-22 12:52:58"
"313","10","هدیه","ahvaz hediyeh hotel","5","3","A","اهواز، کیانپارس، خیابان 20 غربی","31.3550239","48.6884675","1","2026-02-22 12:19:32","2026-02-22 12:52:58"
"314","72","سنتی مظفر","yazd sonnatimozafar hotel","4","3","A","یزد، میدان آزادی، خیابان مطهری شمالی، کوچه شهید بوکایی","31.8899977","54.3570786","1","2026-02-22 12:19:32","2026-02-22 12:52:58"
"315","39","اورین","tehran avrin hotel","4","2","A","تهران، میدان انقلاب، ابتدای کارگر شمالی، کوچه مجد، پلاک 12","35.7020220","51.3905230","1","2026-02-22 12:19:32","2026-02-22 12:19:32"
"316","38","بهار","rudsar bahar hotel","4","3","A","رودسر، ضلع شرقی ساحل دریا","37.1585864","50.2962535","1","2026-02-22 12:19:32","2026-02-22 12:52:58"
"317","7","بین المللی هما 1","mashhad internationalhoma1 hotel","4","5","A","مشهد، بلوار احمدآباد، تقاطع احمدآباد و کلاهدوز","36.2975845","59.5741011","1","2026-02-22 12:19:32","2026-02-22 12:52:58"
"318","92","فدک","sirjan fadak hotel","4","2","A","سیرجان، خیابان ابن سینا","29.4475950","55.6641840","1","2026-02-22 12:19:32","2026-02-22 12:19:32"
"319","92","کهکشان","sirjan kahkeshan hotel","4","2","A","سیرجان، بلوار نماز، چهارراه سیداحمد خمینی، شهرک رزمندگان","29.4312590","55.6885290","1","2026-02-22 12:19:32","2026-02-22 12:19:32"
"320","92","جهانگردی","sirjan jahangardi hotel","13","2","A","سیرجان، خیابان خیام، روبروی سینما قدس","29.4531010","55.6729950","1","2026-02-22 12:19:32","2026-02-22 12:19:32"
"321","53","گاجره","dizin gajereh hotel","4","3","A","البرز، کرج، جاده چالوس، دوراهی دیزین، نرسیده به دیزین","36.0610759","51.3898806","1","2026-02-22 12:19:32","2026-02-22 12:52:58"
"322","53","جهانگردی","dizin jahangardi hotel","4","4","A","البرز، کرج، کیلومتر 75جاده کرج/چالوس، بعد از دوراهی گچسر، مجتمع جهانگردی دیزین","36.0498632","51.4179314","1","2026-02-22 12:19:32","2026-02-22 12:52:58"
"323","175","امیر کبیر","karaj amirkabir hotel","4","2","A","البرز، کرج، خیابان دکتر بهشتی، خیابان فروغی","35.8158302","51.0011529","1","2026-02-22 12:19:32","2026-02-22 12:52:58"
"324","175","سامان","karaj saman hotel","4","2","A","کرج، ابتدای خیابان دکتر بهشتی، خیابان دکتر همایون، پلاک 26","35.8138324","51.0063670","1","2026-02-22 12:19:32","2026-02-22 12:52:58"
"325","175","مرمر","karaj marmar hotel","4","2","A","البرز، کرج، خیابان شهید بهشتی، ابتدای خیابان فروغی، کوچه سلیمی","35.8163107","51.0014764","1","2026-02-22 12:19:32","2026-02-22 12:52:58"
"326","134","شادی","sanandaj shadi hotel","4","4","A","سنندج، بلوار پاسداران، شهرک علوم پزشكي","35.2833371","47.0044262","1","2026-02-22 12:19:32","2026-02-22 12:52:58"
"327","69","آریانا","shiraz ariyana hotel","4","2","A","شیراز، خیابان زند، خیابان توحید","29.6173410","52.5388790","1","2026-02-22 12:19:32","2026-02-22 12:19:32"
"328","24","کاملیا","sabzevar kamelia hotel","4","3","A","خراسان رضوی، سبزوار، بلوار سربداران، روبروی پایانه مسافربری","36.2078710","57.6543540","1","2026-02-22 12:19:32","2026-02-22 12:19:32"
"329","58","دلفین","bandaranzali dolphin hotel","4","4","A","بندرانزلی، ساحل قو، خیابان اطبا","37.4733798","49.4992437","1","2026-02-22 12:19:32","2026-02-22 12:52:58"
"330","94","آریان","baneh ariyan hotel","4","3","A","کردستان، بانه، بلوار سردشت، میدان شوری","36.0049753","45.8708988","1","2026-02-22 12:19:32","2026-02-22 12:52:58"
"331","94","شار","baneh shar hotel","4","2","A","کردستان، بانه، میدان آزادی، بلوار بلال حبشی","36.0048951","45.8932448","1","2026-02-22 12:19:32","2026-02-22 12:52:58"
"332","109","ماد","saqqez mad hotel","4","2","A","سقز، بلوار 7 تير، روبروي ترمينال","36.2331360","46.2854010","1","2026-02-22 12:19:32","2026-02-22 12:19:32"
"333","42","پارسیان سوئیت","esfahan parsiansuite hotel","4","3","A","اصفهان، بلوار آینه خانه، مقابل سی و سه پل","32.6422568","51.6676112","1","2026-02-22 12:19:32","2026-02-22 12:52:58"
"334","171","پارسیان","bam parsian hotel","4","4","A","بم،بزرگراه خلیج فارس،روبه روی مجتمع آموزش عالی","29.0900734","58.3264173","1","2026-02-22 12:19:32","2026-02-22 12:52:58"
"335","51","پارسیان","shahrekord parsianazadi hotel","4","4","A","شهرکرد، انتهای بلوار فارابی شمالی","32.3292021","50.8798806","1","2026-02-22 12:19:32","2026-02-22 12:52:58"
"336","76","آزادی","yasuj parsianazadi hotel","4","4","A","یاسوج، بلوار نماز، مقابل شهربازی یاسوج","30.6427848","51.6047127","1","2026-02-22 12:19:32","2026-02-22 12:52:59"
"337","183","آرام","masuleh aram hotel","4","3","A","ماسوله، کیلومتر 10 جاده فومن ماسوله، هتل آرام","37.1914992","49.1912475","1","2026-02-22 12:19:32","2026-02-22 12:52:59"
"338","85","شایان (مهتاب سابق)","javaherdeh mahtab hotel","4","3","A","رامسر، روستای تاریخی جواهرده","36.8540107","50.4717343","1","2026-02-22 12:19:32","2026-02-22 12:52:59"
"339","78","سنتی عماد نظام","ferdows sonnatiemadnezam hotel","4","3","A","فردوس، حاشیه ی بلوار امام رضا(ع)","34.0225045","58.1851076","1","2026-02-22 12:19:33","2026-02-22 12:52:59"
"340","104","سنتی سرابی","shushtar sonnatishushtar hotel","4","3","A","شوشتر، خیابان 20 متری عبدالله بانو، جنب دبستان پسرانه زرین","32.0431932","48.8553446","1","2026-02-22 12:19:33","2026-02-22 12:52:59"
"341","142","زریوار","marivan zarivar hotel","4","3","A","کردستان، مريوان، بلوار درياچه","35.5297437","46.1527733","1","2026-02-22 12:19:33","2026-02-22 12:52:59"
"342","180","بام ایران","BameIran","4","2","B","بیجار، بلوار امام علی، روبروی پارک شاهد","35.8836039","47.5761724","1","2026-02-22 12:19:33","2026-02-22 12:52:59"
"343","8","قائم","birgand qaem hotel","4","1","D","بیرجند، میدان امام خمینی(ره)","32.8851656","59.2168618","1","2026-02-22 12:19:33","2026-02-22 12:52:59"
"344","99","قابوس","gonbadkavus qaboos hotel","4","1","A","گلستان، گنبدکاووس، خیابان امام علی، خیابان یاس","37.2257073","55.1627510","1","2026-02-22 12:19:33","2026-02-22 12:52:59"
"345","6","امیر","tabas amir hotel","5","2","A","خراسان جنوبی، طبس، ضلع جنوبی میدان امام زاده","33.6012329","56.9084528","1","2026-02-22 12:19:33","2026-02-22 12:52:59"
"346","6","نارنجستان","tabas naranjestan hotel","4","3","A","خراسان جنوبی، کیلومتر3 جاده طبس، به سمت روستای توریستی خرو","33.6131272","56.9784362","1","2026-02-22 12:19:33","2026-02-22 12:52:59"
"347","145","دوستی","sarakhs doosti hotel","4","1","A","سرخس، میدان الغدیر، مقابل ترمینال","36.5253096","61.1535123","1","2026-02-22 12:19:33","2026-02-22 12:52:59"
"348","138","الماس","rafsanjan almas hotel","4","2","A","رفسنجان، میدان علی ابن طالب","30.3876960","56.0042268","1","2026-02-22 12:19:33","2026-02-22 12:52:59"
"349","106","امام رضا","khomeyn emamreza hotel","4","3","A","خمین، ضلع غربی میدان مدرس، هتل امام رضا","33.6352876","50.0826214","1","2026-02-22 12:19:33","2026-02-22 12:52:59"
"350","14","آسمان","aligoodarz aseman hotel","6","1","A","الیگودرز، خیابان امام، روبروی دادگستری","33.4035010","49.6802620","1","2026-02-22 12:19:33","2026-02-22 12:19:33"
"351","14","جهانگردی","aligoodarz jahangardi hotel","4","1","A","لرستان، الیگودرز، بلوار شرقی، خیابان شاهد جنوبی","33.3908395","49.7069437","1","2026-02-22 12:19:33","2026-02-22 12:52:59"
"352","14","تخت جمشید","1acd860bd","4","1","A","لرستان، الیگودرز، خیابان ولیعصر شمالی، پایین تر از بیمارستان ۱۷ شهریور","33.4031210","49.6907443","1","2026-02-22 12:19:33","2026-02-22 12:52:59"
"353","29","کمال الملک","nishapur kamalalmolk hotel","9","1","C","نیشابور، میدان خیام، خیابان مدرس","36.1979013","58.8028735","1","2026-02-22 12:19:33","2026-02-22 12:52:59"
"354","29","جهانگردی مهر","nishapur jahangardi hotel","4","2","A","خراسان رضوی-نیشابور-خیابان امام خمینی-باغ ملی","36.2089286","58.7901612","1","2026-02-22 12:19:33","2026-02-22 12:52:59"
"355","28","ملک","chalus malek hotel","4","3","A","چالوس، بلوار چالوس به نوشهر","36.6526184","51.4495450","1","2026-02-22 12:19:33","2026-02-22 12:52:59"
"356","28","کوشال","chalus kooshal hotel","5","3","A","چالوس.انتهای خیابان رادیو دریا جاده ساحلی. فرج اباد هتل کوشال","36.6700587","51.4481886","1","2026-02-22 12:19:33","2026-02-22 12:52:59"
"357","156","مروارید خزر","nour morvaridkhazar hotel","4","4","A","کیلومتر 14 جاده محمود آباد به نور ،بین شهرک آرامشهر و آکامشهر هتل مروارید خزر","36.5943529","52.1137482","1","2026-02-22 12:19:33","2026-02-22 12:52:59"
"358","65","ستاره دریا","langarud setarehdarya hotel","4","5","A","لنگرود، چمخاله","37.2488985","50.2521288","1","2026-02-22 12:19:33","2026-02-22 12:52:59"
"359","26","جهانگردی","firouzabad jahangardi hotel","4","1","C","فیروز آباد، میدان گاز(میدان هنگ)","28.8509623","52.5756853","1","2026-02-22 12:19:33","2026-02-22 12:52:59"
"360","21","بهجت","meybod behjat hotel","4","3","A","میبد، ابتدای بلوار بسیج، جنب پل زیر گذر","32.2269163","54.0296050","1","2026-02-22 12:19:33","2026-02-22 12:52:59"
"361","7","سی نور","mashhad sinoor hotel","4","5","A","مشهد، خیابان هفده شهریور، بین هفده شهریور 2 و 2/2 (نبش دانش شرقی)","36.2749315","59.6153355","1","2026-02-22 12:19:33","2026-02-22 12:52:59"
"362","7","فرهنگ و هنر","mashhad farhangvahonar hotel","4","3","A","مشهد، میدان ده دی ، رازی غربی، نبش رازی غربی یک","36.2860342","59.5957699","1","2026-02-22 12:19:33","2026-02-22 12:52:59"
"363","7","مجید","mashhad majid hotel","5","1","A","مشهد،خیابان خسروی نو، شهید اندرزگو 12، کوچه آیت الله خامنه ای، مقابل بوستان نرگس","36.2869260","59.6064010","1","2026-02-22 12:19:33","2026-02-22 12:19:33"
"364","46","احسان","kashan khanehtarikhiehsan hotel","1","1","A","کاشان، میدان کمال الملک، ابتدای خیابان فاضل نراقی، روبروی مسجد آقابزرگ، کوچه فرهنگ 35","33.9809104","51.4442076","1","2026-02-22 12:19:33","2026-02-22 12:52:59"
"365","39","کیمیا (پارسی)","tehran parsi hotel","5","1","A","تهران، خیابان انقلاب، خیابان 12 فروردین، خیابان نظری غربی، پلاک 101","35.6982260","51.3958750","1","2026-02-22 12:19:33","2026-02-22 12:19:33"
"366","147","ابیانه","abyaneh abyaneh hotel","4","3","A","شهرستان نطنز، روستای تاریخی ابیانه","33.5909668","51.5862915","1","2026-02-22 12:19:33","2026-02-22 12:52:59"
"367","4","پرواز","Parvaz","4","2","A","بوشهر، بلوار خلیج فارس، بالاتر از میدان نیروی هوایی، روبروی پارک مرجان","28.9525410","50.8134430","1","2026-02-22 12:19:33","2026-02-22 12:19:33"
"368","34","دالاهو","ilam dalahoo hotel","4","3","A","ایلام، خیابان فردوسی، نبش خیابان  واسطی","33.6363885","46.4281154","1","2026-02-22 12:19:33","2026-02-22 12:52:59"
"369","54","توریستی کوثر","f5b0dc64f","6","3","A","اردبیل خیابان دانشگاه خیابان استاد شاهی جنب نمایشگاه بین المللی ساحل دریاچه شورابیل","38.2055229","48.2781280","1","2026-02-22 12:19:33","2026-02-22 12:52:59"
"370","7","مینا","mashhad mina hotel","5","1","C","مشهد، خیابان امام رضا 54، پلاک 9، (حاشیه میدان 15 خرداد)","36.2668150","59.5986520","1","2026-02-22 12:19:33","2026-02-22 12:19:33"
"371","110","قصر","oskou ghasr hotel","4","3","A","اسكو، خيابان ورزش","37.9205917","46.1272147","1","2026-02-22 12:19:33","2026-02-22 12:52:59"
"372","90","پتروشیمی","tabriz petroshimitabriz hotel","4","5","A","تبريز، بلوار استاد شهريار، مجتمع رفاهی پتروشیمی تبریز","38.0632747","46.3390077","1","2026-02-22 12:19:33","2026-02-22 12:52:59"
"373","165","رمیله","assaluyeh romeyleh hotel","5","2","A","عسلويه، بلوار امام خمینی","27.4738876","52.6225517","1","2026-02-22 12:19:33","2026-02-22 12:52:59"
"374","87","آبگرم محلات","mahalat jahangardimahalat hotel","4","3","A","محلات، جاده سلفچگان به اصفهان، 18 کیلومتری نرسیده به دلیجان، جاده آبگرم، کیلومتر 21، شرکت توسعه دهکده آبدرمانی محلات","34.0063726","50.5489066","1","2026-02-22 12:19:33","2026-02-22 12:52:59"
"375","9","الماس","abbasabad almas hotel","4","3","A","عباس آباد، 10 کیلومتر بعد از متل قو، رو به روی پمپ بنزین","36.7337684","51.0855448","1","2026-02-22 12:19:33","2026-02-22 12:52:59"
"376","7","ایوان","mashhad eyvan hotel","5","1","A","مشهد، خیابان امام رضا، امام رضا 10، بعد از چهارراه اول، سمت راست","36.2791370","59.6099296","1","2026-02-22 12:19:33","2026-02-22 12:52:59"
"377","65","شایان","langarud shayan hotel","14","2","A","لنگرود، چمخاله، بعد از پل فلزی، فرعی اول سمت راست، خیابان توسکا","37.2260661","50.2626450","1","2026-02-22 12:19:33","2026-02-22 12:52:59"
"378","58","بزرگ کادوسان","bandaranzali bozorgkadosan hotel","4","3","A","بندر انزلی، خیابان پاسداران","37.4825032","49.4436225","1","2026-02-22 12:19:33","2026-02-22 12:52:59"
"379","158","سنگسر","mehdishahr sangsar hotel","4","3","A","مهدی شهر، انتهای خیابان صاحب الزمان","35.7125239","53.3464184","1","2026-02-22 12:19:33","2026-02-22 12:52:59"
"380","139","ارگ تاریخی گوگد","golpaygan sonatiarggogad hotel","4","3","A","گلپايگان، گوگد، مجموعه فرهنگی و تاریخی ارگ گوگد","33.4820149","50.3565265","1","2026-02-22 12:19:33","2026-02-22 12:52:59"
"381","184","بزرگ اندیمشک","d32492c41d","4","4","A","اندیمشک، خیابان وحدت، جنب پارک بزرگ","32.4405938","48.3556313","1","2026-02-22 12:19:33","2026-02-22 12:52:59"
"382","185","ثمین","khoy samin hotel","4","3","A","خوی، بلوار ولیعصر، میدان ولایت فقیه","38.5279726","44.9582316","1","2026-02-22 12:19:33","2026-02-22 12:52:59"
"383","185","زمرد","khoy zomorrod hotel","4","2","A","خوی، خیابان شهیدکوچری، حدفاصل میدان امیربیگ و امامزاده بهلول","38.5531974","44.9356978","1","2026-02-22 12:19:33","2026-02-22 12:52:59"
"384","103","شهریار بازرگان","maku shahriyarbazargan hotel","4","2","A","منطقه آزاد تجاری - صنعتی ماکو، بازرگان، بلوار امام","39.3947579","44.3884828","1","2026-02-22 12:19:33","2026-02-22 12:52:59"
"385","27","کاوه","saveh kaveh hotel","4","4","A","ساوه، کیلومتر 90 اتوبان تهران ساوه، ورودی دوم، شهرک صنعتی بین المللی کاوه","35.1258736","50.3994933","1","2026-02-22 12:19:33","2026-02-22 12:52:59"
"386","116","کوهرنگ","koohrang kouhrang hotel","4","3","A","کوهرنگ، چلگرد، مقابل تونل اول، روبروی آبشار","32.4687120","50.1229620","1","2026-02-22 12:19:33","2026-02-22 12:19:33"
"387","42","سفیر","esfahan safir hotel","4","4","A","اصفهان، چهار باغ عباسی، خیابان آمادگاه (شهید مدنی)، مقابل هتل عباسی","32.6508172","51.6710803","1","2026-02-22 12:19:33","2026-02-22 12:52:59"
"388","69","کریم خان","shiraz karimkhan hotel","4","4","A","شیراز، خیابان رودکی","29.6219830","52.5410971","1","2026-02-22 12:19:33","2026-02-22 12:52:59"
"389","39","بزرگ","tehran bozorgtehran hotel","4","4","A","تهران، خیابان ولیعصر، ابتدای مطهری، شماره 391","35.7238889","51.4107215","1","2026-02-22 12:19:33","2026-02-22 12:52:59"
"390","7","میامی","mashhad mayamey hotel","4","3","C","مشهد، خیابان امام رضا، امام رضا 35","36.2713600","59.6006147","1","2026-02-22 12:19:33","2026-02-22 12:52:59"
"391","7","اعیان","c15c0615aa","4","3","A","مشهد، میدان بیت المقدس، خیابان امام رضا 2 (کوچه کربلا)",NULL,NULL,"1","2026-02-22 12:19:33","2026-02-22 12:19:33"
"392","63","صفا","qhom safa hotel","5","3","A","قم، میدان شهدا، خیابان معلم، نبش کوچه 5","34.6350171","50.8818746","1","2026-02-22 12:19:33","2026-02-22 12:52:59"
"393","90","ارس","tabriz aras hotel","5","2","A","تبریز، تقاطع پاستور جدید و طالقانی","38.0621235","46.2902775","1","2026-02-22 12:19:33","2026-02-22 12:52:59"
"394","46","خانه عامری ها","kashan khanehameriha hotel","1","1","A","کاشان، خیابان علوی، بن بست باستان هفتم","33.9751602","51.4416527","1","2026-02-22 12:19:33","2026-02-22 12:52:59"
"395","7","شیراز","mashhad shiraz hotel","4","3","A","مشهد، خیابان دانشگاه، نبش دانشگاه 13","36.2945615","59.5953943","1","2026-02-22 12:19:33","2026-02-22 12:52:59"
"396","39","گلستان","tehran golestan hotel","4","1","A","تهران، خیابان حافظ، نرسیده به میدان حسن آباد، پلاک 14","35.6873576","51.4100833","1","2026-02-22 12:19:33","2026-02-22 12:52:59"
"397","123","صحت","Sehat","4","2","A","سرعین، خیابان دانش، خیابان تختی","38.1488680","48.0771300","1","2026-02-22 12:19:33","2026-02-22 12:19:33"
"398","123","قهوه سوئی","sarein ghahvehsuie hotel","5","3","A","سرعین، چهارراه قهوه سویی","38.1541875","48.0729123","1","2026-02-22 12:19:33","2026-02-22 12:52:59"
"399","46","مهینستان راهب","kashan mahinestanraheb hotel","1","1","A","کاشان، خیابان فاضل نراقی، کوچه فرهنگ 31","33.9807072","51.4425295","1","2026-02-22 12:19:33","2026-02-22 12:52:59"
"400","7","همراز","mashhad hamraz hotel","4","1","A","مشهد، میدان هفده شهريور، خيابان عنصری شرقی، روبروی عنصری 3، پلاک 62","36.2726369","59.6170263","1","2026-02-22 12:19:33","2026-02-22 12:52:59"
"401","65","ماندگار","langarud mandegar hotel","4","3","A","لنگرود، منطقه توریستی چمخاله، بعد از پل فلزی","37.2303677","50.2578541","1","2026-02-22 12:19:33","2026-02-22 12:52:59"
"402","94","هاله","baneh laleh hotel","4","5","A","بانه، خیابان مطهری، میدان فرمانداری","35.9858136","45.8850954","1","2026-02-22 12:19:33","2026-02-22 12:52:59"
"403","58","دنیز","bf10a3cb","4","4","A","بندرانزلی، غازیان، بلوار اطباء، بعد از ساحل قو","37.4727550","49.5018660","1","2026-02-22 12:19:33","2026-02-22 12:19:33"
"404","44","شهر","amol shahr hotel","4","3","A","آمل، خیابان فرهنگ، جنب پل معلق، روبه روی شهرداری","36.4703003","52.3547248","1","2026-02-22 12:19:33","2026-02-22 12:52:59"
"405","90","دریا","tabriz darya hotel","4","3","A","تبریز، خیابان راه آهن (22 بهمن)، مقابل مرکز درمانی بابک","38.0723258","46.2387818","1","2026-02-22 12:19:33","2026-02-22 12:52:59"
"406","28","جهانگردی","chalus jahangardichaloos hotel","6","2","A","چالوس، کیلومتر 5 جاده چالوس به کرج، روبه روی پارک فین","36.6162899","51.3927440","1","2026-02-22 12:19:33","2026-02-22 12:52:59"
"407","73","کویر بالی","khurandbiabanak koolibali hotel","4","3","A","خور و بیابانک، بلوار فاطمی","33.7665569","55.0827618","1","2026-02-22 12:19:33","2026-02-22 12:52:59"
"408","64","جهانگردی چلندر","noshahr jahangardichalandar hotel","13","2","A","چلندر، کیلومتر 18 جاده نوشهر به نور","36.5914551","51.6896197","1","2026-02-22 12:19:33","2026-02-22 12:52:59"
"409","102","جهانگردی","bastam jahangardibastam hotel","4","3","A","بسطام، بلوار شهید بهشتی، جنب پارک شهرداری","36.4853473","54.9935900","1","2026-02-22 12:19:33","2026-02-22 12:52:59"
"410","7","آلما","mashhad alma hotel","5","1","A","مشهد، خیابان هفده شهریور، هفده شهریور 4، نبش نسترن 5","36.2708270","59.6142390","1","2026-02-22 12:19:33","2026-02-22 12:19:33"
"411","58","ملل","bandaranzali melal hotel","5","3","A","بندرانزلی، خیابان پاسداران، کیلومتر4، کوچه 11","37.4890126","49.4122340","1","2026-02-22 12:19:33","2026-02-22 12:52:59"
"412","39","مروارید","tehran morvarid hotel","4","3","A","تهران، میدان هفت تیر، روبروی مسجد الجواد","35.7175795","51.4264138","1","2026-02-22 12:19:33","2026-02-22 12:52:59"
"413","7","فردوس","mashhad ferdous hotel","4","4","A","مشهد، خيابان امام رضا، نبش امام رضا 8","36.2805484","59.6097297","1","2026-02-22 12:19:33","2026-02-22 12:52:59"
"414","39","ورزش","tehran varzesh hotel","4","2","A","تهران، خیابان فاطمی، خیابان حجاب، جنب کانون پرورش فکری، پلاک 16","35.7133490","51.3948800","1","2026-02-22 12:19:33","2026-02-22 12:19:33"
"415","72","جهانگردی","yazd jahangardiyazd hotel","13","3","A","یزد، بلوار دانشجو، جنب اداره ارشاد","31.8663744","54.3545544","1","2026-02-22 12:19:33","2026-02-22 12:52:59"
"416","69","الیزه","shiraz elizeh hotel","4","4","A","شیراز، معالی آباد، کوی پزشکان، پلاک 20","29.6775633","52.4601167","1","2026-02-22 12:19:33","2026-02-22 12:52:59"
"417","69","ساسان","4262e97c","4","2","A","شیراز، خیابان زند، خیابان انوری","29.6199072","52.5378103","1","2026-02-22 12:19:33","2026-02-22 12:52:59"
"418","69","صدرا","shiraz sadra hotel","4","3","A","شیراز، خیابان زند، خیابان رودکی","29.6205427","52.5408440","1","2026-02-22 12:19:33","2026-02-22 12:52:59"
"419","69","آناهیتا","shiraz anahita hotel","4","2","A","شیراز، میدان ولیعصر","29.6086460","52.5592320","1","2026-02-22 12:19:33","2026-02-22 12:19:33"
"420","7","کوثر","mashhad kowsar hotel","4","2","B","مشهد، میدان بیت المقدس (فلکه آب)، ضلع شمالی بازار رضا","36.2814608","59.6148867","1","2026-02-22 12:19:33","2026-02-22 12:52:59"
"421","7","هامون","mashhad hamoon hotel","5","1","A","مشهد، خيابان امام رضا، چهارراه دانش، حنایی 4، (دانش شرقی 6)، پلاک 3","36.2787841","59.6092023","1","2026-02-22 12:19:33","2026-02-22 12:52:59"
"422","39","پارک پلازا ( حجاب سابق )","ParkPlaza","4","3","A","تهران، بلوار کشاورز، خیابان حجاب، نبش کوچه 5","35.7107368","51.3965133","1","2026-02-22 12:19:33","2026-02-22 12:52:59"
"423","49","کوروش","kermanshah kourosh hotel","5","3","A","کرمانشاه، خیابان 22 بهمن، بلوار گلریزان، نبش کوچه حسینی، پلاک 44","34.3456692","47.0811122","1","2026-02-22 12:19:33","2026-02-22 12:52:59"
"424","151","کیمیا 4","qeshm kimiya4 hotel","4","3","A","قشم، میدان جهاد","26.9615969","56.2679181","1","2026-02-22 12:19:33","2026-02-22 12:52:59"
"425","7","اسپینو","mashhad espino hotel","9","3","A","مشهد، خیابان هفده شهریور، خیابان عنصری شرقی پلاک 20","36.2732771","59.6151638","1","2026-02-22 12:19:33","2026-02-22 12:52:59"
"426","39","رزیدانس رودکی","tehran rezidansrodaki hotel","4","3","A","تهران، خیابان انقلاب، بین خیابان رازی و خارک، خیابان شهریار، پلاک 12","35.7003148","51.4090132","1","2026-02-22 12:19:33","2026-02-22 12:52:59"
"427","7","هرند","mashhad harand hotel","4","2","B","مشهد، میدان بیت المقدس، ضلع جنوبی بازار رضا، کوچه چهارم، طوسی 9","36.2806469","59.6140302","1","2026-02-22 12:19:33","2026-02-22 12:52:59"
"428","123","پدرام","sarein pedram hotel","4","4","A","سرعین، خیابان دارایی","38.1497005","48.0779961","1","2026-02-22 12:19:33","2026-02-22 12:52:59"
"429","42","عتیق","esfahan atigh hotel","4","3","A","اصفهان، خیابان چهار باغ پائین، خیابان ابن سینا، کوچه37","32.6731623","51.6842067","1","2026-02-22 12:19:33","2026-02-22 12:52:59"
"430","171","جهانگردی","bam jahangardibam hotel","4","2","A","بم، بلوار امام خمینی، میدان 17 شهریور، جنب فرمانداری","29.0952199","58.3566829","1","2026-02-22 12:19:33","2026-02-22 12:52:59"
"431","138","جهانگردی","rafsanjan jahangardi hotel","4","2","A","رفسنجان، خیابان امام خمینی، نرسیده به میدان قدس","30.3920913","56.0085545","1","2026-02-22 12:19:33","2026-02-22 12:52:59"
"432","76","جهانگردی","yasuj jahangardiyasoj hotel","6","2","B","یاسوج، خیابان پاسداران، تپه تل دراز","30.6555483","51.5921034","1","2026-02-22 12:19:33","2026-02-22 12:52:59"
"433","67","جهانگردی","lar jahangardilar hotel","4","3","A","لار، بلوار جمهوری اسلامی، مقابل ثبت احوال","27.6443291","54.3196455","1","2026-02-22 12:19:33","2026-02-22 12:52:59"
"434","7","شارستان","Sharestan","4","3","A","مشهد، میدان بیت المقدس، خیابان خسروی نو، شهید اندرزگو 17 (کوچه شوکت الدوله)",NULL,"59.6086170","1","2026-02-22 12:19:33","2026-02-22 12:19:33"
"435","51","جهانگردی","shahrekord jahangardishahrekord hotel","4","2","A","شهرکرد، خیابان دکتر علی شریعتی، مقابل شهرداری","32.3285508","50.8562406","1","2026-02-22 12:19:33","2026-02-22 12:52:59"
"436","36","جهانگردی","naeen jahangardinaeen hotel","13","2","A","خیابان شهید رجائی، جنب کتابخانه مرکزی","32.8614247","53.0827510","1","2026-02-22 12:19:33","2026-02-22 12:52:59"
"437","39","مرکزی ایران","tehran markaziiran hotel","4","2","A","تهران، منطقه12، لاله زار نو، نرسیده به منوچهری، پایین تر از سینما کریستال","32.3292004","50.8798820","1","2026-02-22 12:19:33","2026-02-22 12:52:59"
"438","39","ارم","tehran eram hotel","4","4","B","تهران، میدان ونک، بزرگراه شهید حقانی، بالاتر از کتابخانه ملی، ورودی همت غرب سمت راست","35.7514108","51.4371893","1","2026-02-22 12:19:33","2026-02-22 12:52:59"
"439","128","جهانگردی","daran jahangardidaran hotel","13","1","A","داران، بلوار طالقانی، جنب بنیاد شهید","32.9838985","50.4082568","1","2026-02-22 12:19:34","2026-02-22 12:52:59"
"440","185","جهانگردی","khoy jahangardi hotel","4","2","A","خوی، خیابان انقلاب، جنب پارک گلستان","38.5502152","44.9669134","1","2026-02-22 12:19:34","2026-02-22 12:52:59"
"441","103","جهانگردی","maku jahangardimaku hotel","13","2","A","ماکو، خیابان امام، بالاتر از میدان امام حسین","39.2952748","44.5054223","1","2026-02-22 12:19:34","2026-02-22 12:52:59"
"442","8","جهانگردی","birgand jahangardi hotel","4","3","A","بیرجند، ابتدای بلوار معلم، خیابان ارتش، روبروی بیمارستان بوعلی","32.8713329","59.2307659","1","2026-02-22 12:19:34","2026-02-22 12:52:59"
"443","129","جهانگردی زاهدان","zahedan mehmansarajahangardizahedan hotel","13","3","A","زاهدان، خیابان جام جم، مقابل بیمارستان خاتم","29.4777347","60.8817797","1","2026-02-22 12:19:34","2026-02-22 12:52:59"
"444","142","جهانگردی","cf472d","13","1","A","جنب دریاچه زیوران","35.5389498","46.1426354","1","2026-02-22 12:19:34","2026-02-22 12:53:00"
"445","41","جهانگردی غار علیصدر","hamedan jahangardiqaralisadr hotel","13","2","A","همدان، کبودر آهنگ، بخش گل تپه، روستای علیصدر","35.3039772","48.3028998","1","2026-02-22 12:19:34","2026-02-22 12:53:00"
"446","176","جهانگردی","damghan jahangardidamghan hotel","4","2","A","چهارراه لاله، میدان آزادی، بلوار شمالی، جنب پارک شهر","36.1696946","54.3440430","1","2026-02-22 12:19:34","2026-02-22 12:53:00"
"447","149","جهانگردی","shahroud jahangardishahrood hotel","13","2","A","شاهرود، ابتدای خیابان فردوسی، داخل پارک شهر","36.4348436","54.9710605","1","2026-02-22 12:19:34","2026-02-22 12:53:00"
"448","86","جهانگردی تخت جمشید","marvdasht jahangarditakhtjamshid hotel","4","3","A","کیلومتر 2 جاده اختصاصی تخت جمشید","29.9326440","52.8694467","1","2026-02-22 12:19:34","2026-02-22 12:53:00"
"449","43","جهانگردی","ba46e3e","13","2","A","بلوار قائم، خیابان میثم، بالاتر از از اداره برق","29.1190856","54.0357636","1","2026-02-22 12:19:34","2026-02-22 12:53:00"
"450","39","باباطاهر","tehran babataher hotel","4","3","A","تهران، بالاتر از میدان فردوسی، خیابان صاحب قرنی، قبل از تقاطع سمیه، پلاک 49","35.7046783","51.4190026","1","2026-02-22 12:19:34","2026-02-22 12:53:00"
"451","107","جهانگردی","fasa jahangardi hotel","13","2","A","فسا، بلوار شهید بهشتی رو به روی ترمینال قدیم","28.9432410","53.6393781","1","2026-02-22 12:19:34","2026-02-22 12:53:00"
"452","7","خورشید تابان","mashhad khorshidtaban hotel","4","4","A","مشهد، بلوار امام خمینی، خیابان پاسداران، جنب فرمانداری","36.2884335","59.5966905","1","2026-02-22 12:19:34","2026-02-22 12:53:00"
"453","33","جهانگردی","zanjan jahangardi hotel","4","2","A","زنجان، بلوار خرمشهر، جنب پارک ملت","36.6565183","48.5199935","1","2026-02-22 12:19:34","2026-02-22 12:53:00"
"454","39","بلور","tehran bloor hotel","4","2","C","تهران، خيابان سپهبد قرنی، تقاطع پل كريم خان، پلاک 201","35.7147501","51.4178013","1","2026-02-22 12:19:34","2026-02-22 12:53:00"
"455","47","جهانگردی","julfa jahangardy hotel","13","1","A","جلفا، خیابان امام، میدان شهید بهشتی","38.9375921","45.6276457","1","2026-02-22 12:19:34","2026-02-22 12:53:00"
"456","163","جهانگردی","minab jahangardi hotel","4","2","A","میناب، خیابان امام خمینی، پارک ملت","27.1348729","57.0841482","1","2026-02-22 12:19:34","2026-02-22 12:53:00"
"457","135","جهانگردی","mahan jahangardi hotel","4","1","A","کرمان، ماهان، میدان قرنی، روبروی نیروی انتظامی","30.0668422","57.2888108","1","2026-02-22 12:19:34","2026-02-22 12:53:00"
"458","70","جهانگردی سراب کیو","khorramabad jahangardisarabq hotel","13","2","A","خرم آباد، میدان 22 بهمن، جنب صدا و سیما","33.5114093","48.3522524","1","2026-02-22 12:19:34","2026-02-22 12:53:00"
"459","7","مرمر","mashhad marmar hotel","4","2","A","مشهد، خیابان امام رضا، امام رضا 8، نبش چهارراه سوم","36.2787922","59.6124924","1","2026-02-22 12:19:34","2026-02-22 12:53:00"
"460","39","تاوریژ","tehran tavrizh hotel","5","1","A","تهران، خيابان ملاصدرا، خيابان شيراز جنوبی، خيابان برزیل غربی، شماره 154","35.7516555","51.3983585","1","2026-02-22 12:19:34","2026-02-22 12:53:00"
"461","39","بزرگ 2","tehran bozorgtehran2 hotel","4","4","A","تهران، خیابان نجات الهی، سپند شرقی شماره 28","35.7114070","51.4161290","1","2026-02-22 12:19:34","2026-02-22 12:53:00"
"462","39","مهرگان","Mehregan","5","2","A","تهران، خیابان انقلاب، میدان فردوسی، خیابان سپهبد قرنی، بالاتر از چهار راه طالقانی، نبش بن بست دوم پلاک ۱۷۴","35.7098778","51.4178591","1","2026-02-22 12:19:34","2026-02-22 12:53:00"
"463","7","سهند 1","mashhad sahand hotel","4","3","A","مشهد، خیابان امام رضا، امام رضا 2، کوچه کربلا","36.2808653","59.6124941","1","2026-02-22 12:19:34","2026-02-22 12:53:00"
"464","131","زیارت","gorgan ziyarat hotel","4","3","A","گرگان، انتهای بلوار ناهارخوران، روستای زیارت گرگان","36.7099281","54.4790899","1","2026-02-22 12:19:34","2026-02-22 12:53:00"
"465","7","منجی","mashhad monji hotel","4","3","A","مشهد، ضلع جنوبی بازار رضا،  نبش شیخ طوسی 9","36.2807053","59.6142549","1","2026-02-22 12:19:34","2026-02-22 12:53:00"
"466","151","بوتیک فولتون","qeshm fulton hotel","10","0","B","قشم، میدان استقلال، بزرگراه خلیج فارس، بعد از کمپ هامون","26.9756295","56.2409821","1","2026-02-22 12:19:34","2026-02-22 12:53:00"
"467","151","آسماری","qeshm asmari hotel","4","2","A","قشم، بازار قدیم، میدان پاسداران، کوچه مسجد صاحب الزمان","26.9629158","56.2712222","1","2026-02-22 12:19:34","2026-02-22 12:53:00"
"468","112","غدیر","rasht qadir hotel","4","2","A","رشت، کوچصفهان، کمربندی امام رضا، نرسیده به میدان امام رضا(15 کیلومتری رشت)","37.2806832","49.7796251","1","2026-02-22 12:19:34","2026-02-22 12:53:00"
"469","151","سان سیتی","qeshm suncity hotel","4","2","A","قشم، چهارراه پردیس، خیابان فلسطین، نبش سینا 1","26.9527770","56.2771118","1","2026-02-22 12:19:34","2026-02-22 12:53:00"
"470","125","نخل","fereidoonkenar nakhl hotel","11","2","A","فریدونکنار، بلوار ساحلی، روبروی هنرستان نریمانی","36.6900421","52.5224248","1","2026-02-22 12:19:34","2026-02-22 12:53:00"
"471","63","تشریفات","qhom tashrifat hotel","5","3","A","قم، خیابان اراک، کوچه حرم نما، پلاک 16","34.6434817","50.8760529","1","2026-02-22 12:19:34","2026-02-22 12:53:00"
"472","151","آنا","Ana","5","2","A","قشم، میدان پاسداران، بلوار ولی عصر، سه راه مخابرات، به سمت میدان ولایت","26.9601370","56.2732250","1","2026-02-22 12:19:34","2026-02-22 12:19:34"
"473","39","رمیس(ایبیس سابق)","tehran ibis hotel","4","4","A","تهران، کیلومتر 30 اتوبان خلیج فارس (تهران-قم)، روبروی ترمینال یک فرودگاه امام","35.4057009","51.1558078","1","2026-02-22 12:19:34","2026-02-22 12:53:00"
"474","151","سینگو","qeshm singo hotel","4","3","A","قشم، درگهان، مجتمع تجاری دریا، طبقه دوم","26.9684124","56.0714582","1","2026-02-22 12:19:34","2026-02-22 12:53:00"
"475","7","ایران زمین","mashhad iranzamin hotel","4","3","A","مشهد، خيابان امام رضا، امام رضا 8، كوچه شهيد حسنی","36.2806477","59.6117266","1","2026-02-22 12:19:34","2026-02-22 12:53:00"
"476","10","ایرانیکا","ahvaz mehrasl hotel","5","3","A","اهواز، بلوار پاسداران، سه راه فرودگاه، بعداز شرکت ملی حفاری","31.3547300","48.7348767","1","2026-02-22 12:19:34","2026-02-22 12:53:00"
"477","141","هالیس","borujerd haliss hotel","4","3","A","بروجرد، خیابان یادبود، نرسیده به سه راهی نیروگاه، خیابان بوستان","33.9071098","48.7392287","1","2026-02-22 12:19:34","2026-02-22 12:53:00"
"478","58","سفیر","bandaranzali safiran hotel","5","3","A","بندر انزلی، انتهای خیابان پاسداران کیلو متر 5","37.4912241","49.4016834","1","2026-02-22 12:19:34","2026-02-22 12:53:01"
"479","69","زندیه","shiraz zandiyeh hotel","4","5","A","شیراز، خیابان هجرت، پشت ارگ کریم‌خان","29.6198543","52.5448462","1","2026-02-22 12:19:34","2026-02-22 12:53:00"
"480","80","معین","fouman moein hotel","4","5","A","فومن، کیلومتر 3 محور گردشگری ماسوله","37.2146373","49.2605225","1","2026-02-22 12:19:34","2026-02-22 12:53:00"
"481","38","پدیدار خزر","rudsar padidarkhazar hotel","4","4","A","35کیلومتری جاده رامسر به رودسر، حسن سرا، جنب پل عابر پیاده،خیابان ساحلی2","37.1090391","50.3569564","1","2026-02-22 12:19:34","2026-02-22 12:53:00"
"482","7","اولیا","mashhad oliya hotel","4","2","A","مشهد، خیابان شیرازی، شیرازی 21، پلاک 88","36.2973169","59.6082850","1","2026-02-22 12:19:34","2026-02-22 12:53:00"
"483","7","الغدیر","mashhad alqadir hotel","4","4","A","مشهد، چهارراه شهدا، بهجت یک","36.2944420","59.6118340","1","2026-02-22 12:19:34","2026-02-22 12:19:34"
"484","7","انقلاب","mashhad enghelab hotel","4","2","A","مشهد، خيابان امام رضا، امام رضا 8، حنایی 6/6، جنب هتل رسالت","36.2798777","59.6126105","1","2026-02-22 12:19:34","2026-02-22 12:53:00"
"485","7","سراج","mashhad seraj hotel","4","2","A","مشهد، خیابان طبرسی، طبرسی 16","36.2941169","59.6236828","1","2026-02-22 12:19:34","2026-02-22 12:53:00"
"486","158","دربند","mehdishahr darband hotel","4","3","A","مهدی شهر، بلوار دکتر شریعتی، خیابان دربند، هتل دربند","35.7437979","53.3578804","1","2026-02-22 12:19:34","2026-02-22 12:53:00"
"487","68","سنتی خانه بهروزی","ghazvin sonnatikhanehbehroozi hotel","1","3","A","قزوین، خیابان امام خمینی، رویروی بازار سعادت، کوچه کریم اصغری، بن بست ششم","36.2709820","49.9983430","1","2026-02-22 12:19:34","2026-02-22 12:19:34"
"488","123","دریا","sarein darya hotel","5","2","B","سرعین، خیابان ولی عصر، جنب آبگرم گاومیش گلی","38.1518760","48.0749934","1","2026-02-22 12:19:34","2026-02-22 12:53:01"
"489","39","حافظ","tehran hafez hotel","4","2","A","تهران، خیابان فردوسی جنوبی، کوچه بانک ملی، پلاک 18","35.6909605","51.4188861","1","2026-02-22 12:19:34","2026-02-22 12:53:01"
"490","39","اسکان","tehran eskan hotel","4","3","C","تهران، خیابان انقلاب، خیابان شهید موسوی (فرصت سابق)، پلاک 29","35.7043181","51.4214167","1","2026-02-22 12:19:34","2026-02-22 12:53:01"
"491","139","جهانگردی","golpaygan jahangardigolpayegan hotel","13","2","A","بلوار شهید بهشتی، رو به روی استادیوم ورزشی","33.4686319","50.2704909","1","2026-02-22 12:19:34","2026-02-22 12:53:01"
"492","39","آرامیس","tehran aramis hotel","4","4","A","تهران، خيابان وليعصر، بالاتر از ميدان وليعصر، نبش کوچه دانش کيان","35.7146524","51.4072978","1","2026-02-22 12:19:34","2026-02-22 12:53:01"
"493","39","جهانگردی شمشک","tehran jahangardishemshak hotel","4","3","A","شمیرانات، رودبار قصران، شهر شمشک","36.0067258","51.4890036","1","2026-02-22 12:19:34","2026-02-22 12:53:01"
"494","39","ایرانگردی جهانگردی میگون","tehran irangardijahangardimeygon hotel","4","4","A","شمیرانات، رودبار قصران، میگون نو","35.9528533","51.4971414","1","2026-02-22 12:19:34","2026-02-22 12:53:01"
"495","7","پارسه","mashhad parseh hotel","4","2","A","مشهد، امام رضا ۱۳، مصباح یزدی ۱۲، نبش کامیاب 3","36.2800981","59.6019043","1","2026-02-22 12:19:34","2026-02-22 12:53:01"
"496","151","کاوان","Kavan","5","2","A","قشم، خیابان ولیعصر، چهارراه رسالت، نبش کوچه میلاد","26.9570666","56.2724537","1","2026-02-22 12:19:34","2026-02-22 12:53:01"
"497","7","صدر","mashhad sadr hotel","4","3","A","مشهد، خیابان دانشگاه، بین دانشگاه 11 و13","36.2946325","59.5955923","1","2026-02-22 12:19:34","2026-02-22 12:53:01"
"498","39","البرز","tehran alborz hotel","4","3","A","تهران، خیابان انقلاب، وصال شیرازی، نبش چهارراه بزرگمهر، پلاک 22","35.7032452","51.3992968","1","2026-02-22 12:19:34","2026-02-22 12:53:01"
"499","7","سیمرغ","mashhad simorq hotel","4","3","A","مشهد، میدان هفده شهریور، نبش چهارراه صدر","36.2732730","59.6186878","1","2026-02-22 12:19:34","2026-02-22 12:53:01"
"500","72","سنتی رویای قدیم","yazd sonnatiroyayehghadim hotel","4","3","A","یزد، خیابان سلمان فارسی، کوچه شهید کاردی، پارکینگ2، هتل رویای قدیم","31.8901229","54.3718522","1","2026-02-22 12:19:34","2026-02-22 12:53:01"
"501","52","ریان قائم","kish qaem hotel","4","3","A","کیش، بلوار ساحل، مقابل بازار زیتون","26.5447006","54.0169558","1","2026-02-22 12:19:34","2026-02-22 12:53:01"
"502","52","پارمیدا","kish parmida hotel","4","4","A","کیش، خیابان رودکی، جنب ساختمان دیپلمات، هتل پارمیدا","26.5413971","54.0173272","1","2026-02-22 12:19:34","2026-02-22 12:53:01"
"503","7","حافظ","32ff1c","4","1","A","مشهد، خیابان خسروی نو، نبش اندرزگو 14","36.2880019","59.6085186","1","2026-02-22 12:19:34","2026-02-22 12:53:01"
"504","52","تعطیلات","kish tatilatkish hotel","4","3","A","جزیره کیش، بعد از پردیس2، میدان سیری","26.5308080","54.0243421","1","2026-02-22 12:19:34","2026-02-22 12:53:01"
"505","71","همای سعادت","delijan homasaadat hotel","11","1","A","دلیجان، کیلومتر 5 جاده دلیجان، سلفچگان","34.0397322","50.6502132","1","2026-02-22 12:19:34","2026-02-22 12:53:01"
"506","69","هدیش","50b2db17ad","4","3","A","شیراز، خیابان زند، خیابان رودکی هتل هدیش","29.6211529","52.5406413","1","2026-02-22 12:19:34","2026-02-22 12:53:01"
"507","92","عطر سیب","sirjan atresib hotel","4","3","A","سیرجان، خیابان ابن سینا، هتل عطر سیب","29.4472291","55.6651665","1","2026-02-22 12:19:34","2026-02-22 12:53:01"
"508","72","سنتی رز","yazd sonatiroz hotel","4","2","A","یزد، میدان شهید بهشتی، ابتدای خیابان امام، کوچه فرهنگ 3","31.8892280","54.3652300","1","2026-02-22 12:19:34","2026-02-22 12:19:34"
"509","72","ارگ جدید","yazd argjadid hotel","4","5","A","یزد، صفائیه، بلوار شهیدان اشرف، انتهای بلوار مناجات، جنب پارک مهرآوران","31.8184878","54.3511120","1","2026-02-22 12:19:34","2026-02-22 12:53:01"
"510","7","آروین","mashhad arvin hotel","5","1","A","مشهد، خیابان هفده شهریور، چهارراه عنصری، عنصری شرقی، جنب بانک صادرات","36.2735413","59.6146886","1","2026-02-22 12:19:34","2026-02-22 12:53:01"
"511","47","آلتین ارس","AltinAras","5","2","B","جلفا، میدان عاشورا، خیابان ولایت فقیه، مقابل بانک ملت","38.9409734","45.6343038","1","2026-02-22 12:19:34","2026-02-22 12:53:01"
"512","154","بزرگ بام","borujen bozorgbameborojen hotel","4","4","A","بروجن، بعد از میدان جهاد","31.9468811","51.2607482","1","2026-02-22 12:19:34","2026-02-22 12:53:01"
"513","87","اقصی","mahalat aqsa hotel","4","3","A","محلات، خیابان امام، پایین تر از میدان ازادی، هتل اقصی","33.9012743","50.4605921","1","2026-02-22 12:19:34","2026-02-22 12:53:01"
"514","72","سنتی کهن کاشانه","yazd sonatikohankashanehyazd hotel","4","2","A","یزد، خیابان امام، بافت تاریخی، کوچه چهلم، جنب موزه سکه حیدرزاده","31.9043800","54.3720420","1","2026-02-22 12:19:34","2026-02-22 12:19:34"
"515","90","بهبود","ea7f1d","5","0","A","تبریز، خیابان ارتش جنوبی، بالاتر از چهارراه باغ شمال، جنب کلینیک شهید بهشتی، کوچه شعار، هتل بهبود","38.0670041","46.2981533","1","2026-02-22 12:19:34","2026-02-22 12:53:01"
"516","63","امامی","qhom emami hotel","4","1","A","قم، خیابان امیر کبیر، کوچه 15، فرعی اول سمت راست","34.6432611","50.8735699","1","2026-02-22 12:19:34","2026-02-22 12:53:01"
"517","28","ساحلی نارین","chalus sahelinarin hotel","4","2","A","چالوس، دو کیلومتری نمک آبرود، بعداز پل هچیرود، روبروی بانک صادرات","36.6910163","51.3426129","1","2026-02-22 12:19:34","2026-02-22 12:53:01"
"518","90","استقبال","tabriz eshteghbal hotel","5","3","A","تبریز، خیابان ششگلان، خیابان شهریار، مقابل مجموعه فرهنگی مقبرة العشرا","38.0818713","46.3032313","1","2026-02-22 12:19:34","2026-02-22 12:53:01"
"519","39","اسپیناس پالاس","tehran espinaspalas hotel","4","5","A","تهران، سعادت آباد، انتهای بزرگراه یادگار امام، میدان بهرود، خیابان عابدی، کوچه 33","35.7927925","51.3562997","1","2026-02-22 12:19:34","2026-02-22 12:53:01"
"520","69","رویال","shiraz royal hotel","4","4","A","شیراز، خیابان قرآن، بالاتر از میدان ابوالکلام، نبش کوچه 15","29.6326478","52.5561234","1","2026-02-22 12:19:34","2026-02-22 12:53:01"
"521","131","شهاب ناهارخوران","gorgan shahabenaharkhoran hotel","4","3","A","گرگان، بلوار ناهارخوران، 300 متر مانده به کلانتری، سمت چپ","36.7741142","54.4668978","1","2026-02-22 12:19:34","2026-02-22 12:53:01"
"522","49","لاله بیستون","bistoun lalehbiston hotel","4","5","A","کرمانشاه، بیستون، محوطه داخلی سایت جهانی بیستون، کاروانسرای عباسی","34.3840299","47.4350110","1","2026-02-22 12:19:34","2026-02-22 12:53:01"
"523","7","گل سرخ","mashhad golesorkh hotel","4","1","A","مشهد، میدان بیت المقدس، خیابان خسروی نو، اندرزگو 17، کوچه دوم سمت راست","36.2884894","59.6102865","1","2026-02-22 12:19:34","2026-02-22 12:53:01"
"524","54","ایده آل","ardabil ideal hotel","13","3","A","اردبیل، چهارراه پیر عبدالملک","38.2494240","48.3012330","1","2026-02-22 12:19:34","2026-02-22 12:19:34"
"525","52","ترنج","kish toranj hotel","4","5","A","کیش، میدان جاسک، ابتدای جاده جهان، مجموعه گردشگری و هتل دریایی ترنج","26.5649674","53.9231961","1","2026-02-22 12:19:34","2026-02-22 12:19:34"
"526","12","بزرگ ( گوت که مال سابق )","semnan gotkemal hotel","4","4","A","سمنان، بلوار قائم، خیابان دانشگاه","35.5748718","53.3816172","1","2026-02-22 12:19:34","2026-02-22 12:53:01"
"527","7","نگین پاسارگاد","mashhad neginpasargad hotel","4","4","A","مشهد، خیابان شیرازی، نبش شیرازی 4","36.2921917","59.6107609","1","2026-02-22 12:19:34","2026-02-22 12:53:01"
"528","39","رکسان(نووتل سابق)","tehran novotel hotel","4","5","A","کیلومتر 30 اتوبان تهران-قم، روبروی ترمینال یک فرودگاه بین المللی امام خمینی (ره)","35.4059935","51.1552011","1","2026-02-22 12:19:34","2026-02-22 12:53:01"
"529","132","بهار","urmia bahar hotel","5","2","A","ارومیه، خیابان کاشانی، سه راه کاشانی، خیابان  طاووسی، بن بست اول، سمت چپ","37.5403611","45.0676908","1","2026-02-22 12:19:34","2026-02-22 12:53:01"
"530","51","دامون","shahrekord damoon hotel","4","2","A","شهرکرد، خيابان دوازهم محرم شمالی","32.3264642","50.8587454","1","2026-02-22 12:19:34","2026-02-22 12:53:01"
"531","7","مهر","mashhad mehr hotel","5","2","B","مشهد، خیابان امام رضا، خیابان امام رضا 2، کوچه کربلا","36.2815856","59.6117909","1","2026-02-22 12:19:34","2026-02-22 12:53:01"
"532","38","سیروس","rudsar siroos hotel","4","3","A","رودسر، انتهای خیابان شهدا، ساحل دریا","37.1627643","50.2929417","1","2026-02-22 12:19:34","2026-02-22 12:53:01"
"533","39","پامچال","tehran pamchal hotel","4","3","C","تهران، خیابان شهید مفتح جنوبی، روبروی دانشگاه خوارزمی، خیابان ثاقب، پلاک 22","35.7043525","51.4238186","1","2026-02-22 12:19:34","2026-02-22 12:53:01"
"534","123","رضوان خلیج فارس","sarein rezvankhalijfars hotel","4","4","A","سرعین، میدان دانش، خیابان بعثت","38.1446229","48.0688729","1","2026-02-22 12:19:34","2026-02-22 12:53:01"
"535","72","سنتی والی","yazd sonativali hotel","4","3","A","یزد، خیابان امام خمینی، روبروی شاهزاده فاضل","31.8958918","54.3702852","1","2026-02-22 12:19:34","2026-02-22 12:53:01"
"536","7","سپنتا","mashhad sepanta hotel","4","2","A","مشهد، چهارراه شهدا، خیابان خسروی، کوچه شاهین فر",NULL,NULL,"1","2026-02-22 12:19:34","2026-02-22 12:19:34"
"537","37","نقش شاپور","darab naghshshapoor hotel","4","3","A","داراب، بلوار دانشجو","28.7605819","54.5619614","1","2026-02-22 12:19:34","2026-02-22 12:53:01"
"538","151","ارم","qeshm eram hotel","4","3","A","قشم، بلوار آزادگان، روبروی شیلات","26.9623625","56.2634681","1","2026-02-22 12:19:35","2026-02-22 12:53:01"
"539","39","آراد","tehran arad hotel","4","1","A","خیابان ولیعصر ، خیابان مطهری ، خیابان لارستان ، خیابان جهانسوز ، پلاک ۲۶","35.7230483","51.4118444","1","2026-02-22 12:19:35","2026-02-22 12:53:01"
"540","39","شیراز","tehran shiraz hotel","4","2","A","تهران، خیابان سعدی شمالی، بین منوچهری و مخبرالدوله","35.6957584","51.4254072","1","2026-02-22 12:19:35","2026-02-22 12:53:01"
"541","39","شهریار","tehran shahriyar hotel","4","2","A","تهران، میدان امام خمینی، خیابان سعدی جنوبی جدید، بلوک 8 غربی، پلاک 24","35.6835171","51.4232841","1","2026-02-22 12:19:35","2026-02-22 12:53:01"
"542","54","شورابیل","ardabil shorabil hotel","4","3","A","اردبیل، خیابان دانشگاه، مجتمع توریستی و تفریحی شورابیل","38.2184388","48.2918658","1","2026-02-22 12:19:35","2026-02-22 12:53:01"
"543","58","پرشین","bandaranzali persian hotel","4","3","A","بندرانزلی، کیلومتر 10جاده آستارا، سنگاچین","37.5345412","49.2724471","1","2026-02-22 12:19:35","2026-02-22 12:53:01"
"544","159","بزرگ کلیبر","kalibar bozorgkalibr hotel","4","2","A","کلیبر، میدان شهرداری","35.7239670","51.4110300","1","2026-02-22 12:19:35","2026-02-22 12:19:35"
"545","151","نخل هنگام","qeshm nakhlhengam hotel","4","2","A","قشم، میدان جهاد، جنب ایستگاه درگهان، جنب بازار قدیم","26.9629930","56.2697450","1","2026-02-22 12:19:35","2026-02-22 12:19:35"
"546","42","هشت بهشت","esfahan hashtbehesht hotel","5","1","A","اصفهان، چهارراه فلسطین، خیابان استانداری، نبش کوچه شماره 8","32.6522188","51.6758104","1","2026-02-22 12:19:35","2026-02-22 12:53:01"
"547","130","نارنج","sari naranj hotel","4","3","A","ساری، كيلومتر 3 میدان خزر، منتهي به دریای فرح‌آباد","36.6168775","53.0678616","1","2026-02-22 12:19:35","2026-02-22 12:53:01"
"548","168","مرزبانی شاندرمن","masal marzbanishanderman hotel","5","2","A","ماسال، کیلومتر3 شاندرمن، خیابان شهید عبدالحسین زاده","37.4067569","49.1202644","1","2026-02-22 12:19:35","2026-02-22 12:53:01"
"549","125","کیش مهر","fereidoonkenar kishmehr hotel","5","2","A","فریدونکنار، بلوار ساحلی، جنب تور شاهد، روبروی اسحاقی 24","36.6908293","52.5264237","1","2026-02-22 12:19:35","2026-02-22 12:53:01"
"550","73","سنتی یه تا","f7cdd4c1d","4","1","A","خور و بیابانک، روستای بیاضه","33.3279450","55.1081833","1","2026-02-22 12:19:35","2026-02-22 12:53:01"
"551","66","لاله","bonab laleh hotel","4","2","A","بناب، میدان معلم","37.3380927","46.0722965","1","2026-02-22 12:19:35","2026-02-22 12:53:01"
"552","39","اطلس","tehran atlas hotel","4","3","A","تهران، خیابان طالقانی، بین ویلا و قرنی، روبروی داروخانه هلال احمر","35.7069417","51.4181302","1","2026-02-22 12:19:35","2026-02-22 12:53:01"
"553","39","امیر","tehran amir hotel","4","3","A","تهران، خیابان طالقانی، بین ایرانشهر و فرصت، جنب بانک ملت مرکزی،  پلاک 278","35.7067086","51.4202863","1","2026-02-22 12:19:35","2026-02-22 12:53:01"
"554","39","پارس","tehran pars hotel","5","3","A","تهران، خیابان انقلاب، روبروی درب اصلی دانشگاه تهران، خیابان فخر رازی، تقاطع خیابان روانمهر شرقی","35.6981677","51.3962500","1","2026-02-22 12:19:35","2026-02-22 12:53:01"
"555","39","الیان","tehran elyan hotel","4","2","A","تهران، میدان امام خمینی، پایین تر از خیابان امیرکبیر، خیابان سعدی جنوبی، بلوک 9","35.6833101","51.4235331","1","2026-02-22 12:19:35","2026-02-22 12:53:01"
"556","72","سنتی خوان دوحد","yazd khanedohad hotel","4","3","A","یزد، چهارراه بسیج، بلوار شهید عاصی زاده، کوچه سنگ ریزه","31.8890150","54.3769989","1","2026-02-22 12:19:35","2026-02-22 12:53:01"
"557","127","تارا","mahabad tara hotel","4","4","A","مهاباد، بلوار شورا، روبروی مجتمع تجاری نور","36.7803037","45.7359764","1","2026-02-22 12:19:35","2026-02-22 12:53:01"
"558","83","آلیانس","maragheh alliance hotel","4","2","A","مراغه، بلوار طبیعت، 200متر بالاتر از هاشم آباد، سه راهی علویان","37.4026798","46.2291579","1","2026-02-22 12:19:35","2026-02-22 12:53:01"
"559","39","بولوار","tehran boulevar hotel","4","3","A","تهران، بولوار کشاورز، نبش خیابان جلالیه، پلاک 262","35.7074321","51.3936374","1","2026-02-22 12:19:35","2026-02-22 12:53:01"
"560","42","جام فیروزه","esfahan jamfiroozeh hotel","4","1","A","اصفهان، خیابان استانداری، گذر سعدی، نبش میدان نقش جهان","32.6561713","51.6766958","1","2026-02-22 12:19:35","2026-02-22 12:53:01"
"561","133","بهشهر","behshahr behshahr hotel","4","2","A","بهشهر، بلوار شهید هاشمی نژاد، جنب خیابان قائم","36.6869960","53.5586590","1","2026-02-22 12:19:35","2026-02-22 12:19:35"
"562","96","توکل","kelardasht tavakol hotel","4","3","A","کلاردشت، خیابان امام، ابتدای حسن کیف، روبروی اداره منابع طبیعی - طبقه ی فوقانی فروشگاه لیواز","36.5078147","51.1706475","1","2026-02-22 12:19:35","2026-02-22 12:53:02"
"563","167","پارلا","astara parla hotel","4","4","A","آستارا به سمت اردبیل - گردنه حیران - اول روستای حیران - نبش خیابان کوهپایه - هتل رستوران بین المللی پارلا","38.3948777","48.6084022","1","2026-02-22 12:19:35","2026-02-22 12:53:02"
"564","7","نیما","mashhad nima hotel","4","3","A","مشهد، خیابان طبرسی، بین طبرسی 25 و 27","36.2937728","59.6252721","1","2026-02-22 12:19:35","2026-02-22 12:53:02"
"565","46","خانه مرشدی","kashan khanemorshedi hotel","1","3","A","کاشان، میدان کمال الملک، خیابان ملا حبیب اله شریف، کوچه بوستانی","33.9740492","51.4482051","1","2026-02-22 12:19:35","2026-02-22 12:53:02"
"566","7","الماس2","mashhad almas 2 hotel","4","5","A","مشهد، خیابان امام رضا، امام رضا 20","36.2767323","59.6063990","1","2026-02-22 12:19:35","2026-02-22 12:53:02"
"567","72","فاضلی","yazd fazeli hotel","4","3","A","یزد، خیابان امام خمینی، خیابان مسجد جامع، میدان وقت‌الساعت","31.9019043","54.3706503","1","2026-02-22 12:19:35","2026-02-22 12:53:02"
"568","93","ایران","bandareabbas iran hotel","4","3","A","بندرعباس، بلوار امام خمینی، میدان 17 شهریور، جنب بانک ملی","27.1805812","56.2800017","1","2026-02-22 12:19:35","2026-02-22 12:53:02"
"569","152","پیام","arak payaminternational hotel","4","3","A","اراک، خیابان جهاد(هپکو)، ابتدای فاز یک، پشت سازمان میراث فرهنگی و گردشگری","34.0849620","49.7173290","1","2026-02-22 12:19:35","2026-02-22 12:19:35"
"570","90","لاله پارک","tabriz lalehpark hotel","4","5","A","تبریز، اتوبان پاسداران، میدان شهید فهمیده، جنب مرکز خرید لاله پارک","38.0727204","46.3695186","1","2026-02-22 12:19:35","2026-02-22 12:53:02"
"571","123","کوروش","sarein kurosh hotel","4","3","A","سرعین، خیابان دانش، روبروی آبدرمانی سبلان","38.1512058","48.0759373","1","2026-02-22 12:19:35","2026-02-22 12:53:02"
"572","7","پارسیس","mashhad parsis hotel","4","5","A","مشهد، بلوار وحدت، وحدت 7، بلوار امیرالمومنین، ساختمان دوم سمت راست","36.2896043","59.6289936","1","2026-02-22 12:19:35","2026-02-22 12:53:02"
"573","7","فراز","mashhad faraz hotel","4","2","A","مشهد، خیابان امام رضا، خیابان امام رضا 31","36.2723921","59.6014547","1","2026-02-22 12:19:35","2026-02-22 12:53:02"
"574","63","جمیل","qhom jamil hotel","4","3","A","قم، خیابان 45 متری عمار یاسر، نبش کوچه 4","34.6407973","50.8869110","1","2026-02-22 12:19:35","2026-02-22 12:53:02"
"575","68","ایرانیان","ghazvin iranian hotel","4","3","C","قزوین، هفت سنگان، ابتدای بلوار محصص، نبش نرگس 7","36.2469400","50.0618210","1","2026-02-22 12:19:35","2026-02-22 12:19:35"
"576","59","کپری (کرمان)","ghalegang parsiankapari hotel","4","3","A","کرمان، شهرستان قلعه گنج، روستای سرتک","27.5118345","57.8524829","1","2026-02-22 12:19:35","2026-02-22 12:53:02"
"577","151","آلاله مرکزی","qeshm alale2 hotel","4","3","A","قشم، درگهان، بلوار ساحلی، نرسیده به میدان گمرک","26.9654282","56.0568038","1","2026-02-22 12:19:35","2026-02-22 12:53:02"
"578","5","دهدار","lahijan dehdar hotel","4","4","A","لاهیجان، کیلومتر یک جاده لاهیجان، جنب ایران خودرو","37.2419540","49.9510729","1","2026-02-22 12:19:35","2026-02-22 12:53:02"
"579","187","هدهد","asalem hodhod hotel","4","3","A","گیلان، اسالم، خلیفه آباد، میدان امام خمینی(ره)","37.7030353","48.9680409","1","2026-02-22 12:19:35","2026-02-22 12:53:02"
"580","7","مینو","10e06abb8c","4","4","A","مشهد، خيابان امام رضا، بين امام رضا 16 و 18","36.2770941","59.6067717","1","2026-02-22 12:19:35","2026-02-22 12:53:02"
"581","46","خانه نقلی","kashan khaneye noghli hotel","3","1","A","کاشان، خیابان ملا حبیب الله شریف، کوچه پامنار، گذر آب انبار خان، کاشی 20","33.9775081","51.4461908","1","2026-02-22 12:19:35","2026-02-22 12:53:02"
"582","132","ماه کیمیا","urmia kimia hotel","4","2","A","ارومیه، ابتدای خیابان طالقانی","37.5534668","45.0770559","1","2026-02-22 12:19:35","2026-02-22 12:53:02"
"583","151","مروارید","qeshm morvarid hotel","4","1","A","قشم، خیابان شهید رجایی، جنب سازمان تبلیغات اسلامی","26.9664159","56.2649738","1","2026-02-22 12:19:35","2026-02-22 12:53:02"
"584","69","خانه باغ ایرانی","shiraz iranian garden hotel","3","2","A","شیراز، چهارراه گمرک، خیابان مشیر شرقی، کوچه 18، پلاک 38","29.6143496","52.5265694","1","2026-02-22 12:19:35","2026-02-22 12:53:02"
"585","42","ویانا","esfahan viana hotel","4","1","A","اصفهان، خیابان آیت الله کاشانی، روبروی خیابان میرداماد","32.6628705","51.6520532","1","2026-02-22 12:19:35","2026-02-22 12:53:02"
"586","25","نخل","abadan nakhl hotel","4","3","A","آبادان، بلوار آزادی، جنب فرودگاه بین المللی آبادان","30.3757221","48.2304663","1","2026-02-22 12:19:35","2026-02-22 12:53:02"
"587","7","ذاکر","mashhad zaker hotel","4","1","A","مشهد، خیابان امام رضا، امام رضا 18","36.2763216","59.6077536","1","2026-02-22 12:19:35","2026-02-22 12:53:02"
"588","131","خیام","Khayam","4","2","A","گرگان، خیابان امام خمینی، نبش آفتاب 15","36.8413825","54.4275060","1","2026-02-22 12:19:35","2026-02-22 12:53:02"
"589","131","گلستان","75f37c","5","0","C","گلستان، گرگان، میدان بسیج، بلوار خلیج گرگان، مابین خلیج ۱۲-۱۴","36.8480561","54.4010401","1","2026-02-22 12:19:35","2026-02-22 12:53:02"
"590","131","پردیس","f0e4c8bbc","5","2","A","گرگان، روستای زیارت","36.7137241","54.4821293","1","2026-02-22 12:19:35","2026-02-22 12:53:02"
"591","42","پارک","4dd9432c","4","2","A","اصفهان، رو به روی سی و سه پل","32.6423351","51.6680766","1","2026-02-22 12:19:35","2026-02-22 12:53:02"
"592","42","پارس","esfahan pars hotel","4","1","A","اصفهان، خيابان چهار باغ عباسی، مقابل خیابان آمادگاه، جنب بانک ملت","32.6505658","51.6680543","1","2026-02-22 12:19:35","2026-02-22 12:53:02"
"593","42","آوا پلاس","d9f3808e6f","4","2","A","اصفهان ، خیابان مسجد سید، چهار راه وفایی،نبش کوچه حسین فولادگر","32.6666801","51.6516151","1","2026-02-22 12:19:35","2026-02-22 12:53:02"
"594","42","آرام","9a672ec5dd","4","1","A","اصفهان، چهار باغ پائین، بین شهدا و چهارراه تختی، نیش کوچه 16","51.6704040","32.6685541","1","2026-02-22 12:19:35","2026-02-22 12:19:35"
"595","42","نگین جی","esfahan neginjey hotel","4","2","A","اصفهان، ميدان احمدآباد، خيابان جی، بعد از چهارراه شهید رجایی","32.6572431","51.7391251","1","2026-02-22 12:19:35","2026-02-22 12:53:02"
"596","42","طوبی","esfahan tooba hotel","5","1","A","اصفهان، خیابان پاسداران، خیابان سید علیخان","32.6484061","51.6727842","1","2026-02-22 12:19:35","2026-02-22 12:53:02"
"597","42","مروارید","esfahan morvarid hotel","4","1","A","اصفهان، خیابان سپاه، انتهای خیابان حکیم","32.6650672","51.6740036","1","2026-02-22 12:19:35","2026-02-22 12:53:02"
"598","69","حافظ","shiraz hafez hotel","4","2","C","شیراز، خیابان فردوسی ، چهارراه پارکینگ ،  به سمت خیابان هجرت، اولین کوچه سمت چپ","29.6199323","52.5463448","1","2026-02-22 12:19:35","2026-02-22 12:53:02"
"599","39","کشاورز","tehran keshavarz hotel","9","3","A","تهران، میدان ولیعصر، ابتدای بلوار کشاورز، پلاک 36.","35.7108760","51.4054941","1","2026-02-22 12:19:35","2026-02-22 12:53:02"
"600","57","فردوس","chabahar ferdos hotel","4","4","A","چابهار، منطقه آزاد تجاری صنعتی، خیابان تجارت","25.3240051","60.6280807","1","2026-02-22 12:19:35","2026-02-22 12:53:02"
"601","39","بهار","tehran bahar hotel","4","3","A","تهران، خیابان انقلاب، نبش خیابان بهار جنوبی، پلاک 5","35.7021090","51.4284316","1","2026-02-22 12:19:35","2026-02-22 12:53:02"
"602","164","نیکان","bafgh nikan hotel","4","4","A","بافق، جنب ميدان دانشجو","31.6225424","55.4204199","1","2026-02-22 12:19:35","2026-02-22 12:53:02"
"603","52","گلدیس","kish goldis hotel","4","3","C","کیش، بلوار ایران ، جنب اداره آب و برق","26.5593917","53.9925823","1","2026-02-22 12:19:35","2026-02-22 12:53:02"
"604","68","راژیا","ghazvin razhia hotel","4","2","A","قزوین، دروازه رشت، بلوار میرزا کوچک خان، نبش کوچه توحید","36.2708620","49.9848020","1","2026-02-22 12:19:35","2026-02-22 12:53:02"
"605","39","آرمان","tehran arman hotel","4","2","A","تهران، خیابان سعدی، خیابان اکباتان، نرسیده به مترو ملت","35.6877898","51.4253592","1","2026-02-22 12:19:35","2026-02-22 12:53:02"
"606","151","قصر الوند","qeshm alvand2 hotel","4","2","A","قشم، بلوار آزادگان، چهار راه سعدی","26.9598564","56.2642711","1","2026-02-22 12:19:35","2026-02-22 12:53:02"
"607","4","پلاس","bushehr pelas hotel","4","3","A","بوشهر، خیابان نواب صفوی، چهارراه کشتیرانی، روبروی اداره راهنمایی و رانندگی","28.9787659","50.8384330","1","2026-02-22 12:19:35","2026-02-22 12:53:02"
"608","165","ریم رام","assaluyeh rimrom hotel","4","4","A","عسلویه، میدان لنج، خیابان وحدت","27.4829337","52.6031533","1","2026-02-22 12:19:35","2026-02-22 12:53:02"
"609","151","شادناز 2",NULL,"5","2","A","قشم، چهارراه پردیس، خیابان فلسطین، نبش دوحه 4","26.9530210","56.2780640","1","2026-02-22 12:19:35","2026-02-22 12:19:35"
"610","52","گامبرون","kish gamberon hotel","4","3","A","کیش، میدان ساحل","26.5453889","54.0164374","1","2026-02-22 12:19:35","2026-02-22 12:53:02"
"611","151","آرمان","qeshm arman hotel","4","3","A","قشم، درگهان، بلوار ساحلی وحدت","26.9694953","56.0791518","1","2026-02-22 12:19:35","2026-02-22 12:53:02"
"612","151","ریحان","qeshm reihan hotel","4","3","A","قشم، چهارراه پردیس، خیابان فلسطین، نبش کوچه سینا 5","26.9528360","56.2789300","1","2026-02-22 12:19:35","2026-02-22 12:19:35"
"613","151","رویال","qeshm royal hotel","4","3","A","قشم، چهارراه پردیس، خیابان فلسطین، روبروی مبلمان جالود","26.9528344","56.2783955","1","2026-02-22 12:19:35","2026-02-22 12:53:02"
"614","151","قباد","qeshm ghobad hotel","4","2","A","قشم، چهارراه پردیس ،خیابان فلسطین، ابتدای ورودی بهشت","26.9535608","56.2749283","1","2026-02-22 12:19:35","2026-02-22 12:53:02"
"615","42","شروین","esfahan shervin hotel","6","1","C","اصفهان، خیابان کمال اسماعیل، کوچه شماره 6، مقابل هتل ملل","32.6427578","51.6733153","1","2026-02-22 12:19:35","2026-02-22 12:53:02"
"616","160","ساحلی پردیس","mobarakeh pardis hotel","4","3","A","مبارکه، جنوب اصفهان، محله اسماعیل ترخان، حاشیه زاینده رود","32.3755190","51.5274090","1","2026-02-22 12:19:35","2026-02-22 12:19:35"
"617","58","نخل","bandaranzali nakhl hotel","4","2","A","بندر انزلی، خیابان پاسداران، نرسیده به تالارآرمان، کوچه نهم، کوچه اقاقیا","37.4878437","49.4165194","1","2026-02-22 12:19:35","2026-02-22 12:53:02"
"618","70","سالیز","khorramabad saliz hotel","4","2","A","خرم آباد، میدان امام خمینی، خیابان کاکاوند","33.4743644","48.3532657","1","2026-02-22 12:19:35","2026-02-22 12:53:02"
"619","149","رویال","shahroud royal hotel","4","2","A","شاهرود، خیابان دانشجو، جنب اداره فنی و حرفه‌ای خواهران","36.4163156","54.9567164","1","2026-02-22 12:19:35","2026-02-22 12:53:02"
"620","153","اسکان","6dd27419b","5","1","A","رامسر، انتهای بلوار کازینو، رو به روی مجتمع ساحلی تفریحی لیدو، ساحل 9","36.9223149","50.6670173","1","2026-02-22 12:19:35","2026-02-22 12:53:02"
"621","174","شادی","houraman shadihawraman hotel","4","3","A","کردستان، شهرستان سروآباد، شهراورامان تخت","35.2833327","47.0044249","1","2026-02-22 12:19:35","2026-02-22 12:53:02"
"622","151","آدینه","qeshm adineh hotel","4","2","A","قشم، چهارراه سعدی، خیابان پیروزی، بلوار سپیدار","26.9547110","56.2644920","1","2026-02-22 12:19:35","2026-02-22 12:19:35"
"623","7","رواق","mashhad ravagh hotel","5","1","A","مشهد، خیابان امام رضا، امام رضا 10، چهارراه اول","36.2790120","59.6094269","1","2026-02-22 12:19:35","2026-02-22 12:53:02"
"624","167","افرا","astara afra hotel","4","3","A","آستارا، خیابان ملت شرقی به طرف بازارچه ساحلی، روبروی بازار ماهی فروشان","38.4216482","48.8735704","1","2026-02-22 12:19:35","2026-02-22 12:53:02"
"625","178","داریوش","bojnurd darioush hotel","4","4","A","بجنورد، کیلومتر 3 جاده بجنورد به مشهد، روستای کلاغ آشیان","37.4758413","57.4181428","1","2026-02-22 12:19:35","2026-02-22 12:53:02"
"626","39","امید","f7f","4","2","A","تهران، بلوار کشاورز، خیابان 16 آذر، خیابان نصرت شرقی، شماره 22","35.7054141","51.3907328","1","2026-02-22 12:19:35","2026-02-22 12:53:02"
"627","39","سعید","tehran saeed hotel","4","1","A","تهران، سعدی جنوبی، بلوک 7 شرقی، طبقه 4","35.6841578","51.4238816","1","2026-02-22 12:19:35","2026-02-22 12:53:02"
"628","39","فردوسی","ff0879b","9","0","B","تهران، میدان امام خمینی، ابتدای خیابان فردوسی، کوچه پشت شهرداری، پاساژ مطیعی پلاک ۸۵","35.6867532","51.4211073","1","2026-02-22 12:19:35","2026-02-22 12:53:13"
"629","39","تهران درسا","tehran tehrandorsa hotel","4","3","A","تهران، خیابان انقلاب، نبش خیابان شهید موسوی (فرصت)، پلاک 619","35.7017350","51.4216930","1","2026-02-22 12:19:35","2026-02-22 12:19:35"
"630","79","لیوادر","talesh livador hotel","4","3","A","تالش، بلوار امام رضا(ع)، کوچه رزاقی3","37.8127723","48.9041724","1","2026-02-22 12:19:35","2026-02-22 12:53:03"
"631","39","زیبا","tehran ziba hotel","4","2","A","تهران، ابتدای خیابان سعدی جنوبی، شماره 11","35.6830869","51.4234663","1","2026-02-22 12:19:36","2026-02-22 12:53:03"
"632","39","پاسارگاد","tehran pasargad hotel","4","2","A","تهران، خیابان آزادی، خیابان جمالزاده جنوبی، پلاک 61","35.6983021","51.3891674","1","2026-02-22 12:19:36","2026-02-22 12:53:03"
"633","69","کیوان","shiraz keyvan hotel","4","1","A","شیراز، میدان شهرداری، پشت ارگ کریمخان","29.6179448","52.5457959","1","2026-02-22 12:19:36","2026-02-22 12:53:03"
"634","167","بلال","astara balal hotel","4","3","A","آستارا ، بالاتر از گمرک، تقاطع خیابان معلم و بعثت، جنب پارک معلم","38.4367458","48.8734901","1","2026-02-22 12:19:36","2026-02-22 12:53:03"
"635","58","نازخزر","4f6221f7c","5","2","B","بندر انزلی، خیابان ساحل قو، بلوار اطــباء، کوچه ساحل یک",NULL,NULL,"1","2026-02-22 12:19:36","2026-02-22 12:19:36"
"636","46","مریم","5b312a598c","5","0","A","کاشان، بلوار مطهری، جنب بانک ملی",NULL,NULL,"1","2026-02-22 12:19:36","2026-02-22 12:19:36"
"637","70","آزادی افلاک","khorramabad azadi hotel","4","2","A","خرم آباد، میدان آزادی، خیابان مجاهدین، جنب بانک سپه","33.4861405","48.3595938","1","2026-02-22 12:19:36","2026-02-22 12:53:03"
"638","41","دهکده توریستی گنجنامه","hamedan dehkadehtouristiganjname hotel","15","2","A","همدان، جاده گنجنامه، ضلع شرقی میدان گنجنامه","34.7635772","48.4407683","1","2026-02-22 12:19:36","2026-02-22 12:53:03"
"639","41","امیران","hamedan amiran hotel","4","4","A","همدان ، بلوار بعثت","34.7765785","48.5061885","1","2026-02-22 12:19:36","2026-02-22 12:53:03"
"640","69","نصیرالملک","shiraz nasiralmolk hotel","4","2","A","شیراز، حرم شاهچراغ، چهارراه شاهزاده قاسم","29.6042661","52.5387213","1","2026-02-22 12:19:36","2026-02-22 12:53:03"
"641","18","نسترن","khorramshahr nastaran hotel","5","3","A","خرمشهر، بلوار بیت المقدس، نرسیده به پمپ بنزین","30.4177564","48.1947218","1","2026-02-22 12:19:36","2026-02-22 12:53:03"
"642","93","سفید","bandareabbas sefid hotel","5","2","A","بندرعباس، بهشت بندر، بلوار نواب، ابتدای بلوار مرجان","27.2088408","56.3495569","1","2026-02-22 12:19:36","2026-02-22 12:53:03"
"643","7","الماس نوین","mashhad almasnovin hotel","4","4","A","مشهد، خیابان امام رضا، امام رضا 9، کوچه مهرآئین، پلاک 85","36.2811723","59.6079929","1","2026-02-22 12:19:36","2026-02-22 12:53:03"
"644","39","مهر","tehran mehr hotel","4","1","A","تهران، خیابان امیرکبیر، کوچه سراج الملک، پلاک 1","35.6865962","51.4287656","1","2026-02-22 12:19:36","2026-02-22 12:53:03"
"645","63","ماهان","qhom mahan hotel","5","2","A","قم، میدان سعیدی، چهارراه غفاری به سمت حرم","34.6465414","50.8781365","1","2026-02-22 12:19:36","2026-02-22 12:53:03"
"646","69","جهان نما","shiraz jahannama hotel","5","3","A","شیراز، بلوار هجرت، خیابان جاوید، پلاک 19","29.6297028","52.5587929","1","2026-02-22 12:19:36","2026-02-22 12:53:03"
"647","69","آرنیکا","shiraz arnika hotel","5","1","A","میدان اطلس(قائم) ، بلوار هجرت ، خیابان جاوید","29.6259272","52.5506047","1","2026-02-22 12:19:36","2026-02-22 12:53:03"
"648","72","خانه خشتی","KhanehKheshti","3","1","C","یزد، خیابان امام خمینی بعد از میدان امیر چخماق، روبروی امام زاده شاهزاده فاضل، کوچه 21","31.8960730","54.3710385","1","2026-02-22 12:19:36","2026-02-22 12:53:03"
"649","72","شعرباف","cb8ac","3","1","A","یزد، خیابان فهادان، خیابان بقعه 12 امام، کوچه شهید میرزاده","31.9060196","54.3704749","1","2026-02-22 12:19:36","2026-02-22 12:53:03"
"650","72","فیروزه","yazd firouzeh hotel","4","3","A","یزد، خیابان مهدی، جنب بانک رفاه","31.8972613","54.3747445","1","2026-02-22 12:19:36","2026-02-22 12:53:03"
"651","72","سروش","Sorosh","1","1","A","یزد، بلوار بسیج، روبروی سازمان آب، کوچه طهمورث","54.3757960","31.8882780","1","2026-02-22 12:19:36","2026-02-22 12:19:36"
"652","72","جنگل","yazd jangal hotel","1","1","C","یزد، خیابان امام خمینی، فهادان، روبروی موزه سکه حیدرزاده","31.9049286","54.3721350","1","2026-02-22 12:19:36","2026-02-22 12:53:03"
"653","46","آریانا","kashan ariana hotel","1","1","A","خیابان ملا حبیب الله شریف ، کوچه شریف 31 ، فرعی سوم","33.9759111","51.4508364","1","2026-02-22 12:19:36","2026-02-22 12:53:03"
"654","46","خورشید اردهال","kashan khorshideardehal hotel","6","3","A","کیلومتر 50 جاده کاشان به مشهد اردهال","34.0392802","51.0456826","1","2026-02-22 12:19:36","2026-02-22 12:53:03"
"655","90","اهراب","tabriz ahrab hotel","4","3","A","تبریز، خیابان امام خمینی، چهار راه باغ گلستان، خیابان اهراب","38.0737427","46.2815410","1","2026-02-22 12:19:36","2026-02-22 12:53:03"
"656","90","سینا","tabriz sina hotel","4","2","A","خیابان امام خمینی، فلکه باغ گلستان","38.0749162","46.2820675","1","2026-02-22 12:19:36","2026-02-22 12:53:03"
"657","90","صائب","tabriz saeb hotel","5","2","A","تبریز، خیابان شریعتی جنوبی، مابین تقاطع صائب و پاستور، روبروی قنادی فرهمند","38.0649787","46.2836946","1","2026-02-22 12:19:36","2026-02-22 12:53:03"
"658","90","کاسپین","tabriz caspian hotel","4","3","A","تبریز، خیابان شهید بهشتی، بعد از پل منصور، مقابل خانه معلم","38.0786012","46.3077771","1","2026-02-22 12:19:36","2026-02-22 12:53:03"
"659","58","بهشت تالاب","bandaranzali beheshttalab hotel","4","4","A","بندر انزلی، پل هوایی غازیان ، رو به روی مصلی ، جزیره دکتر بهشتی، کوچه شمیم 1","37.4618272","49.4653583","1","2026-02-22 12:19:36","2026-02-22 12:53:03"
"660","123","سپید","a39986fc","5","1","A","سرعین، میدان گاومیش گلی، خیابان ژنرال","38.1530597","48.0745542","1","2026-02-22 12:19:36","2026-02-22 12:53:03"
"661","132","ایران پارک","urmia iranpark hotel","4","1","A","ارومیه، خیابان شهید منتظری، کوچه شهید نوری، پلاک 8","37.5517273","45.0738157","1","2026-02-22 12:19:36","2026-02-22 12:53:03"
"662","132","خرم","ceab149c","4","2","A","آذربایجان‌غربی، ارومیه، خیابان امام خمینی، پشت مسجد سردار","37.5500439","45.0713646","1","2026-02-22 12:19:36","2026-02-22 12:53:03"
"663","33","پیام","f4410c01f","4","3","A","بزرگراه 22 بهمن ، بالاتر از ستاد نیروی انتظامی","36.6664330","48.5383943","1","2026-02-22 12:19:36","2026-02-22 12:53:03"
"664","33","سپید","5f57fa00a","4","2","A","زنجان ، خیابان امام خمینی نرسیده به میدان انقلاب، هتل سپید","36.6680015","48.4837606","1","2026-02-22 12:19:36","2026-02-22 12:53:03"
"665","70","ارشیا","bb1f9dd","4","1","A","خیابان ساحلی ، روبروی زیباکنار و میدان زنده یاد ساکی","33.5057831","48.3535932","1","2026-02-22 12:19:36","2026-02-22 12:53:03"
"666","93","آپادانا","bb3e268fc","4","2","A","خیابان امام خمینی ، پشت سیتی سنتر","27.1819638","56.2810603","1","2026-02-22 12:19:36","2026-02-22 12:53:03"
"667","93","فروغ","35acca99c","4","2","A","بلوار امام خمینی ، بلوار دانشگاه","27.2049246","56.3439315","1","2026-02-22 12:19:36","2026-02-22 12:53:03"
"668","68","میرعماد","ghazvin miremad hotel","4","1","A","قزوین، بلوار اسدآبادی (دوراهی همدان)، جنب نمایندگی کرمان موتور","36.2623667","49.9875374","1","2026-02-22 12:19:36","2026-02-22 12:53:03"
"669","41","ورزش","995a8a979f","13","3","A","شهر مریانج (۶ کیلومتری جاده همدان به کرمانشاه) ، ضلع غربی ورزشگاه شهید حاجی بابایی","34.8346991","48.4635230","1","2026-02-22 12:19:36","2026-02-22 12:53:03"
"670","54","نگین","15b76ab","4","3","A","اردبیل ، خیابان سی متری ، مقابل شورای شهر ، حدفاصل عالی قاپو و بازار","38.2505410","48.2924860","1","2026-02-22 12:19:36","2026-02-22 12:53:03"
"671","142","قصر","marivan qasr hotel","4","1","A","مریوان، بلوار دریاچه زریوار، ضلع شمالی","35.5285380","46.1551690","1","2026-02-22 12:19:36","2026-02-22 12:19:36"
"672","42","هخامنشیان پارتاک","esfahan hakhamaneshianpartak hotel","5","3","A","اصفهان، خیابان امام خمینی، خیابان رسالت 1، روبروی پارک ترافیک رسالت","32.7165231","51.5827884","1","2026-02-22 12:19:36","2026-02-22 12:53:03"
"673","72","خانه سه نیک","yazd khanehseneek hotel","3","1","A","یزد، خیابان کاشانی،کوچه 57( کوچه شمس)، پلاک 19","31.8826353","54.3729923","1","2026-02-22 12:19:36","2026-02-22 12:53:03"
"674","164","علمدار","bafgh alamdar hotel","4","1","D","بافق، بلوار انقلاب، نبش فرعی 64","31.6147463","55.4064082","1","2026-02-22 12:19:36","2026-02-22 12:53:03"
"675","52","ویدا","kish vida hotel","4","5","A","کیش، میدان سنایی، بلوار موج","26.5499493","54.0166265","1","2026-02-22 12:19:36","2026-02-22 12:53:03"
"676","7","کارن","mashhad karen hotel","4","2","A","مشهد، خیابان امام رضا، امام رضا 8، نبش رجب زاده 3","36.2786451","59.6127447","1","2026-02-22 12:19:36","2026-02-22 12:53:03"
"677","7","پرستاره","mashhad porsetareh hotel","4","2","A","مشهد، خیابان امام رضا، امام رضا 18، پلاک 21","36.2764235","59.6070893","1","2026-02-22 12:19:36","2026-02-22 12:53:03"
"678","7","گل نرگس","mashhad golnarges hotel","5","1","A","مشهد، خیابان امام خمینی، امام خمینی 39، پلاک 16","36.2944790","59.5948100","1","2026-02-22 12:19:36","2026-02-22 12:19:36"
"679","47","ویلاهای کوهستانی ارس","julfa vilahayekoohestaniaras hotel","6","1","A","جلفا، جاده کلیسا، جنب پارک کوهستان، ویلاهای کوهستانی ارس","38.9580503","45.5903387","1","2026-02-22 12:19:36","2026-02-22 12:53:03"
"680","7","صدف","mashhad sadaf hotel","4","1","A","مشهد، میدان راه آهن، روبروی هاشمی نژاد29","36.3029874","59.6209987","1","2026-02-22 12:19:36","2026-02-22 12:53:03"
"681","7","سقاء","mashhad saqa hotel","4","2","A","خیابان امام رضا- چهارراه دانش-شهید حنایی 12 شهید رجب زاده 20- کوچه ابوهادی- هتل سقا","36.2805130","59.6130829","1","2026-02-22 12:19:36","2026-02-22 12:53:03"
"682","41","سفیر","hamedan safir hotel","5","1","C","همدان، بلوار جانبازان","34.8079041","48.4994745","1","2026-02-22 12:19:36","2026-02-22 12:53:03"
"683","39","ایران","tehran iran hotel","4","3","A","تهران، بالاتر از میدان ولیعصر، روبروی سینما استقلال، خیابان شهامتی، پلاک 25","35.7136250","51.4092850","1","2026-02-22 12:19:36","2026-02-22 12:19:36"
"684","52","کیش","kish kish hotel","4","5","A","کیش، تقاطع بلوار سنایی و بلوار دریا","26.5486431","54.0180856","1","2026-02-22 12:19:36","2026-02-22 12:53:03"
"685","42","خواجو","esfahan khaju hotel","4","3","A","اصفهان، خیابان چهار باغ خواجو، خیابان شهدای خواجو","32.6419050","51.6864531","1","2026-02-22 12:19:36","2026-02-22 12:53:03"
"686","151","آرتا","qeshm arta hotel","4","4","A","قشم، بلوار شهید بهشتی روبه روی منازل مسکونی علی ابن ابیطالب (ع)، هتل آرتا","26.9430219","56.2766019","1","2026-02-22 12:19:36","2026-02-22 12:53:03"
"687","63","ملل","qhom melal hotel","4","4","A","قم، خیابان اراک، بعدازحرم مطهر، ابتدای خیابان توحید","34.6403885","50.8674676","1","2026-02-22 12:19:36","2026-02-22 12:53:03"
"688","7","شاکر","ed1c","4","2","A","مشهد، خیابان امام رضا، امام رضا 32، بعد از چهارراه اول","36.2715167","59.6044333","1","2026-02-22 12:19:36","2026-02-22 12:53:03"
"689","101","جهانگردی  (2)","kerman jahangardi kerman hotel","6","2","A","کرمان، بلوار جمهوری، بعد از سه راه هوانیروز، جنب اداره میراث فرهنگی","30.2722207","56.9978438","1","2026-02-22 12:19:36","2026-02-22 12:53:03"
"690","10","آرامش","ahvaz aramesh hotel","2","1","A","اهواز، کیانپارس، خیابان موحدین غربی، تقاطع دوم، سمت چپ، کوچه فعلی، انتهای کوچه، پلاک 2","31.3359330","48.6729903","1","2026-02-22 12:19:36","2026-02-22 12:53:03"
"691","7","ابریشم","mashhad abrisham hotel","4","2","A","مشهد، خیابان امام رضا، امام رضا 2، کوچه کربلا","36.2814646","59.6122784","1","2026-02-22 12:19:36","2026-02-22 12:53:03"
"692","104","طبیب شوشتری","shushtar tabibtraditional hotel","1","3","A","شوشتر، چهارراه امام خمینی (ره)، کوچه سنگفرش","32.0436731","48.8516503","1","2026-02-22 12:19:37","2026-02-22 12:53:03"
"693","72","نقره","yazd noghreh hotel","3","1","A","یزد، خیابان امام، محله فهادان، محوطه زندان اسکندر به سمت زورخانه پهلوان یزدی","31.9058116","54.3691291","1","2026-02-22 12:19:37","2026-02-22 12:53:03"
"694","156","ساحلی شهر","nour shahr hotel","7","0","A","نور، ایزدشهر، گلسار3","36.6082040","52.1584112","1","2026-02-22 12:19:37","2026-02-22 12:53:03"
"695","28","ونوس پلاس","chalus venusplus hotel","4","5","A","چالوس، شهرک توریستی نمک آبرود، روبروی رستوران آبشار","36.6658277","51.3051005","1","2026-02-22 12:19:37","2026-02-22 12:53:03"
"696","105","باروژ","tonekabon barooj hotel","5","2","A","تنکابن، کیلومتر 7 جاده رامسر تنکابن، نرسیده به پل چالکرود","36.8708266","50.7741524","1","2026-02-22 12:19:37","2026-02-22 12:53:03"
"697","5","ابریشمی","lahijan abrishami hotel","4","4","A","لاهیجان، میدان بسیج","37.2078584","50.0097128","1","2026-02-22 12:19:37","2026-02-22 12:53:03"
"698","104","عمارت افضل","shushtar sonnatiemaratafzal hotel","4","1","A","شوشتر، چهار راه امام، ضلع غربی، خیابان سنگ فرش","32.0436627","48.8517691","1","2026-02-22 12:19:37","2026-02-22 12:53:03"
"699","156","نگین","nour negin hotel","4","2","A","نور، بلوار امام رضا(ع)، روبروی ایران کتان","36.5793347","52.0264522","1","2026-02-22 12:19:37","2026-02-22 12:53:03"
"700","8","سپهر","birgand sepehr hotel","4","3","A","بیرجند، خیابان جمهوری اسلامی، نبش جمهوری اسلامی 4 ، پلاک 77","32.8860096","59.2199587","1","2026-02-22 12:19:37","2026-02-22 12:53:03"
"701","151","باغ ایران زمین","qeshm bagheiranzamin hotel","6","2","A","قشم، بلوار جمهوری، جنب پارک زیتون","26.9317265","56.2658177","1","2026-02-22 12:19:37","2026-02-22 12:53:03"
"702","65","رویایی راستی","langarud royaeerasti hotel","4","3","A","لنگرود،شهر ساحلی چاف و چمخاله، منطقه توریستی تازه آباد","37.3057190","50.2092798","1","2026-02-22 12:19:37","2026-02-22 12:53:03"
"703","149","وصال","shahroud vesal hotel","2","1","A","شاهرود، خیابان فردوسی، خیابان ابن یمین، مقابل کوچه اول، پلاک 16","36.4311790","54.9701120","1","2026-02-22 12:19:37","2026-02-22 12:19:37"
"704","149","قصر بسطام","bastam ghasr hotel","4","4","A","شهرستان شاهرود، منطقه نمونه گردشگری بسطام، ابتدا بلوار کشاورز","36.4850790","55.0054194","1","2026-02-22 12:19:37","2026-02-22 12:53:03"
"705","69","حیدری","shiraz heydari hotel","9","1","A","شیراز، خیابان لطفعلی خان زند، جنب کوچه مسجد نصیرالملک","29.6094428","52.5488189","1","2026-02-22 12:19:37","2026-02-22 12:53:03"
"706","112","صبوری","rasht sabouri hotel","5","3","A","رشت، خیابان رسالت، پشت پمپ بنزین خطیبی، روبروی پارک شهید گلستانی","37.2765961","49.6050269","1","2026-02-22 12:19:37","2026-02-22 12:53:03"
"707","44","نیلوفر","8fa5e","4","3","A","آمل، کیلومتر 4 جاده آمل به محمودآباد","36.5385437","52.3200418","1","2026-02-22 12:19:37","2026-02-22 12:53:03"
"708","153","ترنج متین","ramsar toranjmatin hotel","5","3","A","رامسر، بلوار باهنر(لیدو)، کوچه ساحل، انتهای ساحل 7","36.9236109","50.6681575","1","2026-02-22 12:19:37","2026-02-22 12:53:03"
"709","42","سما","esfahan sama hotel","4","1","A","اصفهان، شهرک صنعتی جی، نبش خیابان دهم","32.6780790","51.8624000","1","2026-02-22 12:19:37","2026-02-22 12:19:37"
"710","101","آسام","kerman asam hotel","5","2","A","کرمان، خیابان شهید بهشتی، کوچه 5","30.2890030","57.0574786","1","2026-02-22 12:19:37","2026-02-22 12:53:03"
"711","157","دورنا","meshginshahr durna1 hotel","3","1","A","مشگین شهر، 20 کیلومتری جنوب مشگین شهر، جاده موئیل، به سمت آبگرم درمانی قینرجه","38.3906433","47.6823827","1","2026-02-22 12:19:37","2026-02-22 12:53:03"
"712","62","تاریخی خانه آقازاده","6e24576cfc","4","1","A","ابرکوه، میدان امام حسین، خیابان شهید باهنر، کوچه شهید باهنر19","31.1262639","53.2886882","1","2026-02-22 12:19:37","2026-02-22 12:53:03"
"713","39","سعدی","tehran saadi hotel","4","2","A","تهران، خیابان جمهوری اسلامی، بین چهارراه استانبول و چهارراه مخبرالدوله، ابتدای خیابان لاله زار نو، پلاک 367","35.6940778","51.4232477","1","2026-02-22 12:19:37","2026-02-22 12:53:03"
"714","44","المپیک شمال","amol northolymic hotel","4","3","A","آمل، کیلومتر 5 جاده آمل به تهران","36.4043137","52.3439966","1","2026-02-22 12:19:37","2026-02-22 12:53:03"
"715","39","تاج محل","tehran tajmahal hotel","5","3","A","تهران، میدان ونک، بلوار ملاصدرا، خیابان شیخ بهایی جنوبی، پلاک 29","35.7526458","51.3963544","1","2026-02-22 12:19:37","2026-02-22 12:53:03"
"716","119","نگین","Negin","4","1","A","بابل، کیلومتر 17 جاده گنج افروز، شهر مرزیکلا، روبروی بانک صادرات","36.3597036","52.7364524","1","2026-02-22 12:19:37","2026-02-22 12:53:03"
"717","166","سیمرغ دنا","sisakht simorghdena hotel","4","4","A","سی سخت، بلوار شهید بهشتی، حدفاصل میدان انقلاب، جنب کمیته امداد","30.8570038","51.4574866","1","2026-02-22 12:19:37","2026-02-22 12:53:03"
"718","7","معجزه","mashhad mojezeh hotel","9","1","A","مشهد، خیابان امام رضا، امام رضا 2","36.2815953","59.6132199","1","2026-02-22 12:19:37","2026-02-22 12:53:03"
"719","151","توس","b1b9a977be","4","1","B","قشم، خیابان فلسطین، محله سینا، خیابان بهشت","26.9525790","56.2782140","1","2026-02-22 12:19:37","2026-02-22 12:19:37"
"720","56","سینا","lalejin sina hotel","5","1","A","لالجین، میدان امام، هتل آپارتمان سینا","34.9692617","48.4790329","1","2026-02-22 12:19:37","2026-02-22 12:53:03"
"721","72","الزهرا","yazd alzahra hotel","4","3","A","یزد، چهار راه فرهنگیان، جنب بانک توسعه تعاون","31.8935186","54.3548941","1","2026-02-22 12:19:37","2026-02-22 12:53:03"
"722","7","طباطبایی ( تبسم )","174e2f","2","1","A","مشهد، امام رضا3","59.6093270","36.2826150","1","2026-02-22 12:19:37","2026-02-22 12:19:37"
"723","63","آریا","qhom ariya hotel","4","2","A","قم، میدان آستانه","34.6429852","50.8805397","1","2026-02-22 12:19:37","2026-02-22 12:53:03"
"724","57","آذین","chabahar azin hotel","4","3","A","چابهار، بلوار قدس، اسکله شهید بهشتی، ساختمان اداری جدید","25.2891765","60.6291376","1","2026-02-22 12:19:37","2026-02-22 12:53:03"
"725","119","رضا","e47f20fa","4","1","A","بابل، میدان 17 شهریور","36.5464107","52.6778981","1","2026-02-22 12:19:37","2026-02-22 12:53:03"
"726","42","سرای اردیبهشت","esfahan sarayeordibehesht hotel","4","1","A","اصفهان، خیابان کاشانی، حد فاصل خیابان شیخ بهایی و خیابان طالقانی، کوچه 31","51.6535280","32.6563930","1","2026-02-22 12:19:37","2026-02-22 12:19:37"
"727","72","راه و ما","yazd rahoma hotel","4","3","A","یزد، صفائیه، میدان ریاضی، بلوار ابن سینا","31.8258634","54.3764083","1","2026-02-22 12:19:37","2026-02-22 12:53:03"
"728","7","کیهان","Keyhan","4","1","A","مشهد، امام رضا ۲، انتهای کوچه، دست راست، هتل کیهان","36.2815009","59.6114166","1","2026-02-22 12:19:37","2026-02-22 12:53:03"
"729","7","آبشار","mashhad abshar hotel","4","1","A","مشهد، امام رضا 5، چهنو 10","36.2832886","59.6070320","1","2026-02-22 12:19:37","2026-02-22 12:53:03"
"730","2","شهرآفتاب","garmsar suncity hotel","4","3","A","گرمسار، جاده ی سمنان به تهران، ضلع جنوبی پارک جنگلی پروفسور کردوانی","35.2417516","52.3593234","1","2026-02-22 12:19:37","2026-02-22 12:53:03"
"731","127","افشار","mahabad afshar hotel","4","2","A","مهاباد، خیابان جام جم، روبروی صدا و سیمای مرکز مهاباد","36.7579473","45.7235912","1","2026-02-22 12:19:37","2026-02-22 12:53:03"
"732","74","پردیسان","tafresh pardisan hotel","4","1","A","تفرش، میدان آزادی، مقابل فرمانداری","34.6936952","50.0151287","1","2026-02-22 12:19:37","2026-02-22 12:53:03"
"733","144","گیل ماز","4cf41518e","4","3","C","رودسر، کیلومتر۱۰ کلاچای به رامسر","37.0280069","50.4695374","1","2026-02-22 12:19:37","2026-02-22 12:53:03"
"734","29","امیران","nishapur amiran hotel","4","4","A","نیشابور، خیابان امام خمینی، مقابل باغ ملی (پارک شهر)","36.2089540","58.7916502","1","2026-02-22 12:19:37","2026-02-22 12:53:03"
"735","63","مهسان","qhom mahsan hotel","4","3","C","قم، بلوار شهید منتظری، نبش کوچه 22","34.6372763","50.8692849","1","2026-02-22 12:19:37","2026-02-22 12:53:03"
"736","55","جهانگردی","marand jahangardimarand hotel","4","2","A","مرند، کيلومتر4 جاده قديم مرند به تبريز","38.3906254","45.7702788","1","2026-02-22 12:19:37","2026-02-22 12:53:03"
"737","5","امپراطور چلک","lahijan emperatoorchalak hotel","5","1","A","لاهیجان، میدان کاشف السلطنه، جاده کوبیجار","37.1721543","50.0555025","1","2026-02-22 12:19:37","2026-02-22 12:53:03"
"738","128","سیمرغ","daran simorgh hotel","4","3","A","داران، میدان شهرداری، خیابان کشاورز","32.9819793","50.4152803","1","2026-02-22 12:19:37","2026-02-22 12:53:03"
"739","167","ابوالفضل","astara abolfazl hotel","4","3","A","آستارا، خیابان فرهنگیان، فرهنگ 4 روبروی اسکله، جنب مسجد فاطمه الزهرا (س)","38.4102455","48.8705790","1","2026-02-22 12:19:37","2026-02-22 12:53:03"
"740","31","ایران زمین","dorud iranzamin hotel","4","1","A","دورود، میدان ابوالفظل (ع)","33.5143773","49.0293007","1","2026-02-22 12:19:37","2026-02-22 12:53:03"
"741","182","اطلس","shahinshahr atlas hotel","4","4","A","شاهین شهر، بلوار امام خمینی، خیابان جمهوری","32.8615058","51.5693773","1","2026-02-22 12:19:37","2026-02-22 12:53:03"
"742","68","مینو","ghazvin minoo hotel","4","2","A","قزوین، چهار راه ولیعصر، جنب مسجد، هتل مینو","36.2662973","50.0181640","1","2026-02-22 12:19:37","2026-02-22 12:53:03"
"743","114","ارم","paweh eram hotel","4","3","A","پاوه، سه راه ارشاد، خیابان آرامگاه","46.3525380","35.0524990","1","2026-02-22 12:19:37","2026-02-22 12:19:37"
"744","179","آوان","dezful avan hotel","4","3","A","دزفول، میدان امام حسین، بلوار 15 خرداد، روبروی هایپرمارکت زیتون","32.3908169","48.3830997","1","2026-02-22 12:19:37","2026-02-22 12:53:03"
"745","88","پردیسان","torbatejam pardisan hotel","4","1","A","تربت جام، بلوار امام خمینی، نبش امام خمینی 34","60.6171190","35.2412900","1","2026-02-22 12:19:37","2026-02-22 12:19:37"
"746","52","میراژ","kish mirazh hotel","4","5","A","كیش، بلوار دریا","26.5482311","54.0158444","1","2026-02-22 12:19:37","2026-02-22 12:53:04"
"747","58","مدائن","bandaranzali madaen hotel","4","2","A","بندرانزلی، کیلومتر 3 بلوار پاسداران","37.4871869","49.4163620","1","2026-02-22 12:19:37","2026-02-22 12:53:04"
"748","151","فردیس","Fardis","3","1","A","جزیره قشم، میدان فرودگاه بین المللی قشم، ساحل جنوبی، بعد از آب شیرین کن فرودگاه، رو به روی جزیره هنگام",NULL,NULL,"1","2026-02-22 12:19:37","2026-02-22 12:19:37"
"749","138","هیلان","rafsanjan hilan hotel","4","4","A","رفسنجان، ابتدای بلوار آیت الله طالقانی","30.4015345","55.9881138","1","2026-02-22 12:19:37","2026-02-22 12:53:04"
"750","63","اطلس","qhom atlas hotel","4","2","A","قم، خیابان اراک، کوچه آبشار، کوچه شهید محسنی","34.6441761","50.8761763","1","2026-02-22 12:19:37","2026-02-22 12:53:04"
"751","173","جهانگردی","ardakan jahangardiardakan hotel","4","2","A","اردکان، بلوار شهید بهشتی","32.2945421","54.0226792","1","2026-02-22 12:19:37","2026-02-22 12:53:04"
"752","69","هجرت","Hejrat","2","2","B","شیراز، خیابان هجرت، خیابان 22 بهمن، کوچه 12","29.6214047","52.5486523","1","2026-02-22 12:19:37","2026-02-22 12:53:04"
"753","105","وستا","tonekabon westa hotel","5","3","A","تنکابن، ولی آباد، دهکده توریستی نعمت آباد، میدان امام، خیابان ولیعصر","36.7433555","50.9359965","1","2026-02-22 12:19:37","2026-02-22 12:53:04"
"754","52","ققنوس","kish ghoghnoos hotel","4","2","A","کیش، خیابان سنایی، انتهای بلوار دریا غربی، خیابان سایه، قطعه VC21، هتل ققنوس","26.5469778","54.0137499","1","2026-02-22 12:19:37","2026-02-22 12:53:04"
"755","47","چیپال","julfa chipal hotel","5","3","A","جلفا، سه راهی شاه مار، جنب اداره گاز","38.9278206","45.6191934","1","2026-02-22 12:19:37","2026-02-22 12:53:04"
"756","151","بوتیک ایرمان","qeshm irman hotel","4","0","A","قشم، نخل زرین، خیابان پژوهش، نبش خیابان پیام","26.9432650","56.2722030","1","2026-02-22 12:19:37","2026-02-22 12:19:37"
"757","86","آپادانا","marvdasht apadana hotel","4","3","A","مرودشت، جنب مجموعه جهانی تخت جمشید","29.9360103","52.8863411","1","2026-02-22 12:19:37","2026-02-22 12:53:04"
"758","69","پنج دری","105a3ea5c","1","1","A","شیراز، خیابان 9 دی، شاهچراغ، روبروی پارکینگ عمومی شاهچراغ، داخل کوچه هفت پیچ","29.6092308","52.5403856","1","2026-02-22 12:19:37","2026-02-22 12:53:04"
"759","69","وکیل","shiraz vakil hotel","4","3","A","شیراز، خیابان لطفعلی خان زند، مابین چهار راه مشیر و چهار راه پیروزی، ابتدای کوچه 59","29.6145124","52.5401563","1","2026-02-22 12:19:37","2026-02-22 12:53:04"
"760","42","خان نشین","esfahan khanneshin hotel","1","1","A","اصفهان، خیابان ولیعصر، کوچه شماره 9 (اژه ای ها)، بن بست نسترن","32.6662974","51.6903269","1","2026-02-22 12:19:37","2026-02-22 12:53:04"
"761","42","کریاس","esfahan keryas hotel","1","1","A","اصفهان، خیابان استانداری، روبروی بیمارستان خورشید، کوچه شهید عمرانی، پشت گنبد مسجد جامع عباسی، پلاک 39","32.6540440","51.6771142","1","2026-02-22 12:19:37","2026-02-22 12:53:04"
"762","63","سپیدار","qhom sepidar hotel","2","1","C","قم، خیابان ایستگاه، جنب کوچه فرهنگ، بین کوچه 9 و 11، پلاک 193","34.6476887","50.8754985","1","2026-02-22 12:19:37","2026-02-22 12:53:04"
"763","63","الوند","qhom alvand hotel","6","0","A","قم، 30 متری هنرستان، بسیج 25، نبش دانش 2","34.6251015","50.8865185","1","2026-02-22 12:19:37","2026-02-22 12:53:04"
"764","63","کاظمین","qhom kazemeyn hotel","4","2","A","قم، خیابان اراک، نرسیده به میدان مطهری، کوچه 1 ( کوچه سازمان آب )","34.6459805","50.8799340","1","2026-02-22 12:19:37","2026-02-22 12:53:04"
"765","46","خادمی","kashan khademi hotel","1","1","B","کاشان، خیابان علوی، خیابان باستان نهم، بعد از گذر سرفره، کوچه میرزا تقی خان","33.9746086","51.4444805","1","2026-02-22 12:19:37","2026-02-22 12:53:04"
"766","46","آمیرزا","kashan amirza hotel","1","1","A","کاشان، میدان کمال الملک، خیابان فاضل نراقی، کوچه فرهنگ 24","33.9746047","51.4444852","1","2026-02-22 12:19:37","2026-02-22 12:53:04"
"767","72","سرای درویش","Sarayedarvish","3","1","C","یزد، خیابان امام، خیابان فهادان، روبروی زندان اسکندر، جنب کوچه کوشک نو (حسام ابوالمعالی)، پلاک 19","31.9049932","54.3696401","1","2026-02-22 12:19:37","2026-02-22 12:53:04"
"768","72","قنات","yazd ghanat hotel","1","1","A","یزد، خیایان امام (ره)، کوچه چهل، روبروی پارک فهادان","31.9045963","54.3715894","1","2026-02-22 12:19:37","2026-02-22 12:53:04"
"769","101","ناز","kerman naz hotel","4","2","D","کرمان، بلوار شهید صدوقی، نبش چهارراه فیروزه","30.2843455","57.0476283","1","2026-02-22 12:19:37","2026-02-22 12:53:04"
"770","68","سینا","ghazvin sina hotel","5","3","C","قزوین، خیابان شهید انصاری غربی، ابتدای خیابان تبریز","36.2668214","49.9922673","1","2026-02-22 12:19:37","2026-02-22 12:53:04"
"771","33","ددمان","zanjan dadamaan hotel","1","1","E","زنجان، میدان انقلاب، اول سعدی جنوبی، کوچه چمنی، بن بست سوم، پلاک44","36.6669321","48.4836876","1","2026-02-22 12:19:37","2026-02-22 12:53:04"
"772","190","برنجیان","miandoab berenjian hotel","4","2","E","میاندوآب، خیابان امام","36.9683534","46.0997218","1","2026-02-22 12:19:37","2026-02-22 12:53:04"
"773","151","آتامان","qeshm ataman hotel","4","4","A","قشم، میدان حافظ، به سمت میدان امام قلی خان، بلوار گلستان","26.9410994","56.2715941","1","2026-02-22 12:19:37","2026-02-22 12:53:04"
"774","108","نگین","c0ef7be5a","4","3","E","برازجان ، میدان گنجی، بلوار نگین، انتهای بلوار هتل نگین دشتستان",NULL,NULL,"1","2026-02-22 12:19:37","2026-02-22 12:19:37"
"775","72","الماس","yazd almas hotel","1","1","B","یزد، خیابان امام خمینی، بعد از مسجد جامع، کوچه حسینیان (منار گلی)، جنب کوچه حسینیان 5","31.9016104","54.3713935","1","2026-02-22 12:19:37","2026-02-22 12:53:04"
"776","153","پارسیان آزادی","ramsar parsianazadi hotel","4","4","A","رامسر، خیابان شهید رجایی","36.9029431","50.6581718","1","2026-02-22 12:19:37","2026-02-22 12:53:04"
"777","3","جهانگردی","sarab jahangardi hotel","4","1","E","سراب، بلوار شهید بهشتی","37.9425770","47.5311101","1","2026-02-22 12:19:37","2026-02-22 12:53:04"
"778","39","هویزه","tehran hovezeh hotel","4","4","A","تهران، خيابان طالقانی، نبش استاد نجات الهی، پلاک 115","35.7070581","51.4154501","1","2026-02-22 12:19:37","2026-02-22 12:53:04"
"779","8","مقدم","birgand moghaddam hotel","4","2","A","بیرجند، خیابان جمهوری، بین جمهوری 2 و 4، جنب پارک آزادی","32.8861243","59.2204239","1","2026-02-22 12:19:37","2026-02-22 12:53:04"
"780","173","انار","cccb046cbf","1","1","A","اردکان، عقدا، خیابان امام خمینی، بافت تاریخی، جنب حسینیه بزرگ","32.4409440","53.6267590","1","2026-02-22 12:19:37","2026-02-22 12:53:04"
"781","90","آزادی","tabriz azaditabriz hotel","4","4","B","تبریز، خیابان امام خمینی، حدفاصل چهارراه باغ گلستان و چهارراه شریعتی","38.0752202","46.2838307","1","2026-02-22 12:19:37","2026-02-22 12:53:05"
"782","39","مارلیک","tehran marlik hotel","4","3","A","تهران، خیابان مفتح جنوبی، نبش چهارراه سمیه، پلاک 61","35.7055346","51.4259578","1","2026-02-22 12:19:37","2026-02-22 12:53:05"
"783","7","زمرد","Zomorrod","5","2","A","مشهد، خیابان امام رضا، امام رضا ۶، کوچه شهید توکلی","36.2812031","59.6110068","1","2026-02-22 12:19:37","2026-02-22 12:53:05"
"784","41","کتیبه","hamedan katibeh hotel","4","4","A","همدان، بلوار ارم","34.7831991","48.4844048","1","2026-02-22 12:19:37","2026-02-22 12:53:05"
"785","41","امیران 2","hamedan amiran 2 hotel","4","4","A","همدان، ابتدای شهرک فرهنگیان، هتل بین المللی امیران 2","34.8302232","48.5200219","1","2026-02-22 12:19:37","2026-02-22 12:53:05"
"786","5","تعطیلات","lahijan tatilat hotel","5","3","B","لاهیجان، میدان کاشف السلطنه، جاده کوه بیجار، نبش سعدی 13","37.1940823","50.0238528","1","2026-02-22 12:19:37","2026-02-22 12:53:05"
"787","101","فانوس","kerman fanoos hotel","2","1","C","کرمان، خیابان مطهری، چهارراه خالقی غربی ( آسیاباد جنوبی ) ۱۱ ساختمان فانوس",NULL,NULL,"1","2026-02-22 12:19:37","2026-02-22 12:19:37"
"788","101","جهانگردی","kerman jahangardi hotel","4","4","A","كرمان، بلوار جمهوری اسلامی، نبش چهار راه شفا","30.2839966","57.0335663","1","2026-02-22 12:19:37","2026-02-22 12:53:05"
"789","101","کرمانیا","kerman kermania hotel","4","2","B","کرمان، بلوار جمهوری، جمهوری 17، پلاک 37","30.2814216","57.0307566","1","2026-02-22 12:19:37","2026-02-22 12:53:05"
"790","52","کوروش","kish kourosh hotel","4","5","A","کیش، میدان پردیس","26.5363287","54.0180410","1","2026-02-22 12:19:37","2026-02-22 12:53:05"
"791","52","شایگان","kish shayegan hotel","4","5","A","کیش، ابتدای بلوار رودکی","26.5398621","54.0181656","1","2026-02-22 12:19:37","2026-02-22 12:53:05"
"792","39","نادر","tehran nader hotel","4","1","C","تهران، میدان هفتم تیر، خیابان قائم مقام فراهانی، پلاک 22","35.7170341","51.4236237","1","2026-02-22 12:19:37","2026-02-22 12:53:05"
"793","123","رویال پارک","Royal Park","4","4","A","سرعین، خیابان دارایی، روبروی هتل لاله","38.1491983","48.0779967","1","2026-02-22 12:19:38","2026-02-22 12:53:05"
"794","194","قصرجهان","natanz ghasrejahan hotel","4","4","B","اصفهان، نطنز، خیابان سرابان، روبروی بیمارستان خاتم الانبیاء","51.9262060","33.4976910","1","2026-02-22 12:19:38","2026-02-22 12:19:38"
"795","39","اسکان الوند","tehran eskanalvand hotel","4","4","A","تهران، میدان آرژانتین، خیابان الوند، کوچه اسفراین، نبش اهورا مزدا","35.7438282","51.4143969","1","2026-02-22 12:19:38","2026-02-22 12:53:05"
"796","7","گل گندم","mashhad golegandom hotel","4","2","B","مشهد، خیابان امام رضا (ع)، امام رضا 64، نبش چهار راه اول","36.2638850","59.5966356","1","2026-02-22 12:19:38","2026-02-22 12:53:05"
"797","39","خیام","tehran khayyam hotel","4","2","B","تهران، میدان بهارستان، چهارراه سرچشمه، خیابان امیرکبیر، انتهای کوچه نویدی، پلاک 3","35.6871113","51.4287717","1","2026-02-22 12:19:38","2026-02-22 12:53:05"
"798","39","آران","tehran aran hotel","9","1","C","تهران، خیابان مطهری، خیابان قائم مقام فراهانی، بالاتر از میدان شعاع، روبروی کشتیرانی والفجر، پلاک 122","35.7218879","51.4202592","1","2026-02-22 12:19:38","2026-02-22 12:53:05"
"799","39","سپهر","tehran sepehr hotel","5","2","B","تهران، خیابان ولیعصر، خیابان شهید فیاضی، چهارراه حسابی، کوچه سالور، پلاک 11","35.8004783","51.4254702","1","2026-02-22 12:19:38","2026-02-22 12:53:05"
"800","151","رخسار","qeshm rokhsar hotel","4","2","B","قشم ، بلوار شهید رجایی، جنب ساختمان پایتخت، نبش کوچه محمد بازماندگان","26.9666380","56.2646037","1","2026-02-22 12:19:38","2026-02-22 12:53:05"
"801","151","خانه دوست","qeshm khanedust hotel","3","1","B","قشم، سوزا، میدان آزادی، کوچه نبش کتابخانه امام شافعی، میلان دوم سمت چپ، بومگردی خانه دوست","26.7794159","56.0642811","1","2026-02-22 12:19:38","2026-02-22 12:53:05"
"802","55","کاروانسرای یام","marand yaamkarvansara hotel","6","1","A","شهرستان مرند، کیلومتر 45 محور تبریز - مرند","38.3439748","45.8347482","1","2026-02-22 12:19:38","2026-02-22 12:53:05"
"803","48","ارگ محتشم","ghamsar argemohtasham hotel","4","3","A","قمصر، میدان شهدا، کوچه محتشم","33.7513650","51.4443107","1","2026-02-22 12:19:38","2026-02-22 12:53:05"
"804","100","گلستانکوه","khansar golestankooh hotel","6","1","A","خوانسار، ابتدای جاده خوانسار – اصفهان، روبروی سد باغکل","33.2079679","50.3466252","1","2026-02-22 12:19:38","2026-02-22 12:53:05"
"805","62","سروکهن","abarkooh sarvekohan hotel","3","1","A","ابرکوه، خیابان سرو، کوچه جنب سرو کهنسال، محله پشت آسیاب","31.1231457","53.2809492","1","2026-02-22 12:19:38","2026-02-22 12:53:05"
"806","20","فرهمند","6ef","6","2","A","جهرم، هواشناسی، جاده قیر، جنب پمپ بنزین فرهمند","28.4860010","53.5206672","1","2026-02-22 12:19:38","2026-02-22 12:53:05"
"807","179","جهانگردی","dezful dezfultourism hotel","4","3","A","خوزستان، دزفول، میدان امام حسین(ع)، بلوار 15خرداد،  جنب استادیوم مجدیان","32.3909014","48.3835601","1","2026-02-22 12:19:38","2026-02-22 12:53:05"
"808","109","کرد","saqqez kord hotel","4","3","A","سقز، میدان مادر(کمربندی بانه)","36.2272375","46.2624014","1","2026-02-22 12:19:38","2026-02-22 12:53:05"
"809","86","شیدگر","marvdasht shidgar hotel","3","1","A","مرودشت، شهرک ولیعصر","29.9225877","52.8909392","1","2026-02-22 12:19:38","2026-02-22 12:53:05"
"810","72","پارس","yazd pars hotel","1","1","A","یزد، خیابان فهادان، جنب درمانگاه قائم",NULL,NULL,"1","2026-02-22 12:19:38","2026-02-22 12:19:38"
"811","46","خانه پارسی","kashan parsi hotel","1","0","A","کاشان، خیابان فاضل نراقی، کوچه فرهنگ 5، انتهای کوچه سمت راست ،بعد از خانه ی معماران، خانه پارسی","33.9785420","51.4406420","1","2026-02-22 12:19:38","2026-02-22 12:19:38"
"812","167","نگین استیل","gorgan atlas hotel","4","3","B","آستارا، کیلومتر ۳ جاده آستارا به تالش، کوی استیل، جنب دریاچه استیل","38.3778593","48.8544266","1","2026-02-22 12:19:38","2026-02-22 12:53:05"
"813","121","پوریا عجم","1a37f04e","4","2","A","آزادشهر، میدان الله، ابتدای کمربندی گرگان","37.0965004","55.1703624","1","2026-02-22 12:19:38","2026-02-22 12:53:05"
"814","94","داوینکو","baneh dawinco hotel","4","3","A","بانه، ابتدای جاده سقز","36.0076075","45.8994654","1","2026-02-22 12:19:38","2026-02-22 12:53:05"
"815","42","باران","esfahan baran hotel","4","3","C","اصفهان، خیابان امام خمینی، نبش خیابان 12 بهمن","32.7236418","51.5870685","1","2026-02-22 12:19:38","2026-02-22 12:53:05"
"816","129","ملل","zahedan melal hotel","5","2","C","زاهدان،تقاطع خیابان آزادی و خیابان سعدی","29.5010333","60.8717009","1","2026-02-22 12:19:38","2026-02-22 12:53:05"
"817","7","آدینا","mashhad adina hotel","4","3","B","مشهد، خیابان امام رضا، بین امام رضا 16 و 18، جنب بانک شهر","36.2773030","59.6069508","1","2026-02-22 12:19:38","2026-02-22 12:53:05"
"818","155","سرای جهانگرد","mehriz sarayejahangard hotel","3","1","C","مهریز، مزویر آباد، خیابان شهید فهمیده، سه راه سنگ تراشی، کوچه سردر","31.5592538","54.4385582","1","2026-02-22 12:19:38","2026-02-22 12:53:05"
"819","46","شیرین","kashan shirin hotel","5","3","C","کاشان، خیابان فاضل نراقی، قبل از مسجد تاریخی آقابزرگ","33.9794469","51.4447468","1","2026-02-22 12:19:38","2026-02-22 12:53:05"
"820","42","آریو","esfahan ario hotel","1","1","B","اصفهان، خیابان جهاد، کوچه هادی زاده، بن بست آسیاب","32.6571491","51.6486904","1","2026-02-22 12:19:38","2026-02-22 12:53:05"
"821","46","سرای ملک","kashan saraymalek hotel","3","1","C","کاشان، خیابان شهید رجایی، خیابان آیت الله مدنی، کوی فخر آور","33.9864757","51.4472414","1","2026-02-22 12:19:38","2026-02-22 12:53:05"
"822","63","فدک","85729dbce","5","3","C","قم، خیابان حجتیه","34.6390641","50.8746037","1","2026-02-22 12:19:38","2026-02-22 12:53:05"
"823","52","پانوراما","kish panaroma hotel","4","5","A","کیش، بلوار رودکی، روبروی برج دیپلمات","26.5428953","54.0159810","1","2026-02-22 12:19:38","2026-02-22 12:53:05"
"824","42","آفتاب","esfahan aftab hotel","4","2","C","اصفهان، خیابان زینبیه، خیابان آیت الله غفاری، خیابان آزادی، کوچه شبنم","32.7139294","51.7263319","1","2026-02-22 12:19:38","2026-02-22 12:53:05"
"825","7","جهانگردی","5bef6a979f","4","3","C","مشهد، بلوار جمهوري اسلامي","36.2548770","59.6056671","1","2026-02-22 12:19:38","2026-02-22 12:53:05"
"826","195","آتا","2c3986dd","4","3","C","سلماس، بلوار امام رضا، روبروی تربیت معلم","38.2198902","44.7676228","1","2026-02-22 12:19:38","2026-02-22 12:53:05"
"827","151","امیر","qeshm amir hotel","4","2","C","قشم، شهرک الهیه، جنب پارک گلبرگ","26.9541399","56.2624173","1","2026-02-22 12:19:38","2026-02-22 12:53:05"
"828","166","دال دنا","sisakht daldena hotel","6","0","C","سی سخت، سه راه باغات","30.8605480","51.4708610","1","2026-02-22 12:19:38","2026-02-22 12:19:38"
"829","46","اطلسی","kashan atlas hotel","1","1","D","کاشان، خیابان علوی، کوچه باستان پنجم، پلاک 6","33.9760210","51.4425350","1","2026-02-22 12:19:38","2026-02-22 12:19:38"
"830","46","سرای آقا محمد","kashan sarayaghamohamad hotel","3","1","D","کاشان، خیابان ملا حبیب الله شریف، کوی شهید بوستانی","33.9744510","51.4494826","1","2026-02-22 12:19:38","2026-02-22 12:53:05"
"831","47","امپریال ارس","julfa imperialaras hotel","4","5","A","جلفا، منطقه آزاد ارس، جاده کلیسا","38.9414922","45.6081985","1","2026-02-22 12:19:38","2026-02-22 12:53:05"
"832","69","عمارت هفت رنگ","shiraz haftrang hotel","3","1","D","شیراز، سه راه آستانه، خیابان حسینی، سمت مسجد علمدار، نبش کوچه 84","29.6051971","52.5452610","1","2026-02-22 12:19:38","2026-02-22 12:53:05"
"833","159","پارادایس","kalibar paradise hotel","4","1","D","کلیبر، خیابان فرمانداری، ابتدای جاده جانانلو","38.8726108","47.0412697","1","2026-02-22 12:19:38","2026-02-22 12:53:05"
"834","10","تختی","ahvaz takhti hotel","4","2","D","اهواز، امانیه، ورزشگاه تختی، خیابان شهید صفاری، مقابل اداره دامپزشکی","31.3125531","48.6646143","1","2026-02-22 12:19:38","2026-02-22 12:53:05"
"835","90","نوبر","01effa1f","5","1","C","تبریز، خیابان ارک جدید، کوی شهید یوشاری، مقابل مسجد حسینی","38.0730637","46.2919108","1","2026-02-22 12:19:38","2026-02-22 12:53:05"
"836","151","آسمان","Aseman","4","1","D","قشم، ميدان ولايت (ساعت سابق)","26.9603816","56.2748970","1","2026-02-22 12:19:38","2026-02-22 12:53:05"
"837","52","بین المللی لیلیوم","kish lilium hotel","4","4","B","کیش، میدان پردیس، بلوار رودکی","26.5391472","54.0167364","1","2026-02-22 12:19:38","2026-02-22 12:53:05"
"838","39","سهند","tehran sahand hotel","9","2","B","تهران، میدان امام خمینی، خیابان سعدی جنوبی جدید، بلوک 8 شرقی، طبقه چهارم","35.6836018","51.4237072","1","2026-02-22 12:19:38","2026-02-22 12:53:05"
"839","69","ماه منیر","shiraz mahmonir hotel","1","2","D","شیراز، خیابان زند، کوچه 7، فرعی 7/8، پلاک 65","29.6101895","52.5531024","1","2026-02-22 12:19:38","2026-02-22 12:53:05"
"840","39","پرشین پلازا","tehran persianplazahotel hotel","4","5","A","تهران، سهروردی شمالی، چهارراه کیهان، خیابان میرزایی زینالی شرقی، پلاک 42","35.7284316","51.4397619","1","2026-02-22 12:19:38","2026-02-22 12:53:05"
"841","64","پرشیا 3","noshahr persia3 hotel","5","2","C","نوشهر، جاده نوشهر به نور (منطقه چلک)","36.5975144","51.6513356","1","2026-02-22 12:19:38","2026-02-22 12:53:05"
"842","77","بغدادی","takestan baghdadi hotel","4","4","C","کیلومتر ۳۱ جاده قدیم قزوین به تاکستان، ۵۰۰ متری میدان ورودی شهر تاکستان","36.0885953","49.7187486","1","2026-02-22 12:19:38","2026-02-22 12:53:05"
"843","96","پارسا","kelardasht parsa hotel","5","3","D","کلاردشت، روبروی نیروگاه برق، ابتدای جاده طبرسو","36.5089836","51.2136722","1","2026-02-22 12:19:38","2026-02-22 12:53:05"
"844","119","باغ سرهنگ","babol baghsarhang hotel","4","1","D","بابل، پارک جنگلی بز چفت","36.3963889","52.7278821","1","2026-02-22 12:19:38","2026-02-22 12:53:05"
"845","7","پلیکان","mashhad pelikan hotel","9","1","B","مشهد،خیابان امام رضا،حدفاصل امام رضا37و39","36.2699953","59.6001361","1","2026-02-22 12:19:38","2026-02-22 12:53:05"
"846","7","عقیق رضوی","mashhad aghighrazavi hotel","4","2","B","مشهد، میدان طبرسی، خیابان نوغان، بین نوغان 1 و 3، پلاک 120 و 121","36.2927370","59.6220200","1","2026-02-22 12:19:38","2026-02-22 12:19:38"
"847","87","نور","mahalat noorcomplex hotel","6","1","A","محلات، خیابان امام خمینی، خیابان دانش شرقی، خیابان سادات، مجتمع گردشگری نور","33.8994012","50.4637286","1","2026-02-22 12:19:38","2026-02-22 12:53:05"
"848","46","کاشانه روشن","kashan kashaneyeroshan hotel","1","3","A","کاشان، میدان کمال الملک، خیابان فاضل نراقی، کوچه فرهنگ 31،بن بست حرم","33.9815866","51.4429334","1","2026-02-22 12:19:38","2026-02-22 12:53:05"
"849","72","خانه صفا","yazd khanesafa hotel","3","1","A","یزد، خیابان امام خمینی، سه راه فهادان، امام خمینی 46","31.9041964","54.3749807","1","2026-02-22 12:19:38","2026-02-22 12:53:05"
"850","47","نارنجستان","julfa narenjestan hotel","4","3","C","جلفا، جاده کلیسا","38.9530230","45.6049930","1","2026-02-22 12:19:38","2026-02-22 12:19:38"
"851","46","فلاحتی","kashan falahati hotel","1","3","A","کاشان، میدان امام خمینی، خیابان محتشم، خیابان فدر 24، محله سرپله، جنب مسجد و حسینیه قاسم ابن الحسن(ع)","33.9825044","51.4530290","1","2026-02-22 12:19:38","2026-02-22 12:53:05"
"852","7","اریکا","mashhad erika hotel","5","2","A","مشهد، خیابان مصلی، نبش چمن 48","36.2738515","59.6273841","1","2026-02-22 12:19:38","2026-02-22 12:53:05"
"853","38","مهیاد","rudsar mahyad hotel","5","3","A","رودسر، خیابان شهدا، خیابان عابدینی دوم، خیابان خزر نهم","37.1645662","50.2885421","1","2026-02-22 12:19:38","2026-02-22 12:53:05"
"854","7","ساوین","mashhad savin hotel","4","2","A","مشهد، خیابان امام رضا 12، نبش حنایی 6","36.2781918","59.6101723","1","2026-02-22 12:19:38","2026-02-22 12:53:05"
"855","5","شهرزاد","lahijan shahrzad hotel","4","4","A","لاهیجان، جاده لنگرود، بعد از هتل فجر","37.2013302","50.0596294","1","2026-02-22 12:19:38","2026-02-22 12:53:05"
"856","42","زنده  رود","esfahan zenderood hotel","4","1","D","اصفهان، خیابان هشت بهشت غربی، بین چهارراه ملک و گلزار","32.6523815","51.6915928","1","2026-02-22 12:19:38","2026-02-22 12:53:05"
"857","5","گیلاریا (دنسه)","kiyashahr gilariya hotel","6","2","C","گیلان، آستانه اشرفیه، بندرکیاشهر، کیلومتر 7 جاده چمخاله، دهکده لب دریا، پشت پاسگاه، دهکده به سمت ساحل","37.4094767","50.0265673","1","2026-02-22 12:19:38","2026-02-22 12:53:05"
"858","7","مهر و ماه","mashhad sahand2 hotel","9","1","A","مشهد، خیابان امام رضا، امام رضا 8، رجب زاده 16","36.2794371","59.6128698","1","2026-02-22 12:19:38","2026-02-22 12:53:05"
"859","168","هتل راتینس","masal ratines hotel","4","4","B","گیلان، ماسال، کیلومتر 4 بلوار ماسال به شاندرمن","37.3887492","49.1188082","1","2026-02-22 12:19:38","2026-02-22 12:53:05"
"860","42","میناس","e5dc6cf28b","1","1","D","اصفهان، خیابان حکیم نظامی، کوی سنگتراش‌ها، کوچه شماره 22","32.6304102","51.6464896","1","2026-02-22 12:19:38","2026-02-22 12:53:05"
"861","7","قصر خورشید","mashhad ghasrekhorshid hotel","5","1","A","مشهد، میدان هفده شهریور، بلوار شهید شیرودی، بین شیرودی 5 و 7","36.2727450","59.6220333","1","2026-02-22 12:19:38","2026-02-22 12:53:05"
"862","72","آرتمیس","yazd artimis hotel","4","3","C","یزد، بلوار شهید صدوقی جنوبی، بعد از شهید عبادی","31.8811135","54.3384725","1","2026-02-22 12:19:38","2026-02-22 12:53:05"
"863","69","اطلس","shiraz atlas hotel","4","3","C","شیراز، میدان اطلس، جنب بانک ملت به طرف چهار راه حافظیه","29.6284476","52.5524962","1","2026-02-22 12:19:38","2026-02-22 12:53:05"
"864","46","یاسمین راهب","95f0284b","1","4","B","""کاشان، خیابان غیاث الدین جمشید کاشانی، کوی قدمگاه علی، کوی سرسنگ، رو به روی خانه صالح.""","33.9785800","51.4524367","1","2026-02-22 12:19:38","2026-02-22 12:53:05"
"865","69","ریتون","shiraz rhyton hotel","4","2","C","شیراز، سه راه نمازی به سمت شاه چراغ، کوچه ششم دستغیب","29.6124906","52.5402225","1","2026-02-22 12:19:38","2026-02-22 12:53:05"
"866","90","فرید","a659ff","4","3","C","تبریز، خیابان شریعتی جنوبی، خیابان والمان، جنب پارکینگ طبقاتی فجر","38.0710790","46.2868649","1","2026-02-22 12:19:38","2026-02-22 12:53:05"
"867","39","ویستریا","d9852f","4","5","A","تهران، تجریش، چهارراه قدس، خیابان دربند، نبش خیابان احمدی زمانی، پلاک 1","35.8087820","51.4336092","1","2026-02-22 12:19:38","2026-02-22 12:53:05"
"868","168","آریانا","33ec8304e","4","3","C","ماسال، کیلومتر ۸ جاده ییلاقی، روستای گندز، هتل آریانا","37.3194149","49.0456330","1","2026-02-22 12:19:38","2026-02-22 12:53:05"
"869","7","علمدار","77323248ea","9","3","A","مشهد، خیابان امام رضا 5، چهنو 6","36.2825016","59.6078799","1","2026-02-22 12:19:38","2026-02-22 12:53:05"
"870","42","خانه  کشیش","4fbf9d4d","1","0","A","اصفهان، خیابان حکیم نظامی، کوچه سنگتراش‌ها شماره ۲۴، بن بست زیتون شماره ۱۰","32.6298352","51.6502070","1","2026-02-22 12:19:38","2026-02-22 12:53:05"
"871","146","لیلیوم","966711c","4","4","A","سلمانشهر انتهای دریا گوشه، تیلاکنار","36.6673079","51.1968339","1","2026-02-22 12:19:38","2026-02-22 12:53:05"
"872","39","آتانا","34a951cda","4","5","A","تهران، خیابان ولیعصر، خیابان طالقانی غربی، پلاک 401","35.7063191","51.4022839","1","2026-02-22 12:19:38","2026-02-22 12:53:05"
"873","105","تنکاپارسه","58bdab8b","5","3","A","مازندران، ارتفاعات تنکابن، منطقه توریستی جنگل سه هزار","36.6378702","50.8405032","1","2026-02-22 12:19:38","2026-02-22 12:53:05"
"874","46","ادیب","f186db7ba","1","1","B","کاشان، میدان کمال الملک، خیابان فاضل نراقی، کوچه شهید موحدپور","33.9790861","51.4400214","1","2026-02-22 12:19:38","2026-02-22 12:53:05"
"875","4","ناکو","Nakoo","4","3","A","بوشهر، خیابان ساحلی، روبروی اسکله جلالی","28.9206862","50.8105072","1","2026-02-22 12:19:38","2026-02-22 12:53:05"
"876","7","مرآت","16202d4b5e","4","3","A","مشهد، میدان بسیج، خیابان بهار 3، فرهنگ 12","36.2771454","59.6044885","1","2026-02-22 12:19:38","2026-02-22 12:53:05"
"877","39","رامتین","7b718911b","4","4","B","تهران، خيابان ولیعصر، بالاتر از خیابان شهید بهشتی، مقابل پمپ بنزین","35.7322740","51.4113906","1","2026-02-22 12:19:38","2026-02-22 12:53:05"
"878","72","کهن پایاب","295cd2944e","3","0","C","یزد، خیابان امام، خیابان فهادان، کوچه قبه دوازده امام، کوچه شیخی زاده، پلاک ۷۸","31.9067542","54.3719790","1","2026-02-22 12:19:38","2026-02-22 12:53:05"
"879","72","هومان","868fc68ffe","1","1","B","یزد، خیابان قیام، کوچه لب خندق، کوچه ریسمانیان","31.8984090","54.3671095","1","2026-02-22 12:19:38","2026-02-22 12:53:05"
"880","104","گرگر","d64c93f","4","3","B","آدرس هتل: شوشتر، بلوار دانشگاه آزاد اسلامی","32.0681186","48.8455609","1","2026-02-22 12:19:38","2026-02-22 12:53:05"
"881","72","آرا","81207b606d","1","1","C","یزد، خیابان امام خمینی، ابتدای خیابان مهدی، جنب بانک رفاه، کوچه ی سید، هتل سنتی آرا","31.8971342","54.3743786","1","2026-02-22 12:19:38","2026-02-22 12:53:05"
"882","17","میزبان 5 ستاره","c5918240dd","4","5","A","بابلسر، كيلومتر ۳ كمربندی بابلسر، بین میدان امام حسین(ع) و میدان معلم","36.6895806","52.6348368","1","2026-02-22 12:19:38","2026-02-22 12:53:05"
"883","39","آماتیس","198a4ef5af","4","3","B","تهران، خیابان طالقانی، مقابل اتاق بازرگانی، پلاک ۲۶۲","35.7067710","51.4221927","1","2026-02-22 12:19:38","2026-02-22 12:53:05"
"884","98","سورن","8417c16f6f","4","3","A","آدرس هتل: ماهشهر،منطقه ویژه اقتصادی پتروشیمی ، سایت 1 میدان آزادی","30.5126742","49.0881262","1","2026-02-22 12:19:38","2026-02-22 12:19:38"
"885","21","قلعه وزیر",NULL,"1","1","A","یزد، ۵ کیلومتری میبد، روستای رکن آباد، میدان اول (دانش)، کوچه قلعه وزیر میبد","32.1902706","54.0510952","1","2026-02-22 12:19:38","2026-02-22 12:53:06"
"886","90","ائل آی","d27b59ab3f","5","2","B","تبریز، شهرک باغمیشه، خیابان الهیه، انتهای خیابان سهند جنوبی","38.0781025","46.3777507","1","2026-02-22 12:19:38","2026-02-22 12:53:06"
"887","69","فروغ  مهر","8e9aa814e","1","1","C","شیراز، سه راه نمازی، ابتدای بلوار دستغیب، کوچه ۴ (گذر تاریخی سنگ سیاه)، انتهای کوچه سمت راست، جنب خانه فروغ الملک","29.6131067","52.5379699","1","2026-02-22 12:19:38","2026-02-22 12:53:06"
"888","54","حیات","6d2df67c","9","1","B","اردبیل، پیر عبدالملک، نبش کوچه اوچرکان، مهمانپذیر حیات","38.2478431","48.2988764","1","2026-02-22 12:19:38","2026-02-22 12:53:06"
"889","113","فلور","0bf","4","3","B","اردبیل - خلخال - خوجین - نرسیده به پمپ بنزین","37.5900396","48.5592243","1","2026-02-22 12:19:38","2026-02-22 12:53:06"
"890","42","آرمنیا","39e","1","1","A","اصفهان، خیابان نظر میانی، کوچه کلیسا وانک، کوچه جلفا، پلاک ۶ الی ۹",NULL,NULL,"1","2026-02-22 12:19:38","2026-02-22 12:19:38"
"891","39","پارادایس","c440fe0d","4","3","C","میدان ولیعصر ،ضلع جنوب شرقی ،نبش خیابان شهیدان سازش (شقایق) روبروی مترو پلاک 36","35.7110624","51.4079985","1","2026-02-22 12:19:38","2026-02-22 12:53:06"
"892","46","کاسیان","3f67db3c","1","0","A","کاشان، خیابان آیت الله کاشانی، کوی ملک آباد، جنب زیارت طاهر منصور، ملک آباد پنجم","33.9832774","51.4410211","1","2026-02-22 12:19:38","2026-02-22 12:53:06"
"893","10","سومیا","eaddd0f8d","4","3","B","اهواز، کیانپارس، خیابان ۱۳ شرقی، جنب خبرگزاری جمهوری اسلامی ایران
رزرو هتل","31.3498672","48.6909757","1","2026-02-22 12:19:39","2026-02-22 12:53:06"
"894","131","اطلس","ae7e7226eb","5","0","A","گرگان، بلوار خلیج، نبش خلیج 5","36.8482978","54.3953450","1","2026-02-22 12:19:39","2026-02-22 12:53:06"
"895","58","آرکا","902308f6e","4","3","A","بندرانزلی، خیابان پاسداران، نبش خیابان نهم","37.4870490","49.4182698","1","2026-02-22 12:19:39","2026-02-22 12:53:06"
"896","156","کیانا","9699f19bbc","4","2","B","خیابان امام خمینی","36.5740927","51.9953041","1","2026-02-22 12:19:39","2026-02-22 12:53:06"
"897","60","پردیس سکوتی","a005ee4a","5","2","B","استان گیلان ،15 کیلومتری شمال رضوانشهر ،جاده رشت به آستارا ، 2 کیلومتر بعد از پره سر ،جنب پمپ بنزین انعامی","37.6192249","49.0481467","1","2026-02-22 12:19:39","2026-02-22 12:53:06"
"898","47","تاج","21ccc0374d","4","3","A","آذربایجان شرقی – جلفا – میدان یاد بود – خیابان ولیعصر – جنب باغ شورا – خیابان احسان","38.9360131","45.6147031","1","2026-02-22 12:19:39","2026-02-22 12:53:06"
"899","36","انار","beb89f","1","0","A","نائین، خیابان دکتر طبا، نبش میدان پور هاشمی (عزیزخان)","32.8659287","53.0899495","1","2026-02-22 12:19:39","2026-02-22 12:53:06"
"900","90","بوتیک ارسی","456196b","4","5","A","تبریز، جاده ائل گلی، کوی بهارستان، کوچه سوم، پلاک ۱۹",NULL,NULL,"1","2026-02-22 12:19:39","2026-02-22 12:19:39"
"901","46","سوریجان",NULL,"1","2","A","کاشان، خیابان فاضل نراقی، کوی حاج بابا عطوف","33.9759380","51.4372572","1","2026-02-22 12:19:39","2026-02-22 12:53:06"
"902","28","فلامینگو","3a9ddd","5","2","B","چالوس، انتهای خیابان راه دریا، سمت راست به سمت فرج آباد، سه راه موج","36.6729668","51.4488400","1","2026-02-22 12:19:39","2026-02-22 12:53:06"
"903","159","ائل یوردی","8ca7cd15f","11","0","C","کلیبر، جاده آینالو، روستای شجاع آباد، ابتدای مسیر اصلی قلع بابک",NULL,NULL,"1","2026-02-22 12:19:39","2026-02-22 12:19:39"
"904","46","بابا افضل","7d48bc8d","1","0","C","کاشان، میدان کمال الملک، خیابان فاضل نراقی، کوچه فرهنگ ۳۱، محله درب باغ، بن بست حرم، انتهای بن بست","33.9817887","51.4430689","1","2026-02-22 12:19:39","2026-02-22 12:53:06"
"905","46","گیواک","35ad","1","1","B","کاشان، خیابان علوی، محله سنگ پلویی، کوچه سنگ پلویی",NULL,NULL,"1","2026-02-22 12:19:39","2026-02-22 12:19:39"
"906","69","سنتی درباری","c0a","1","3","A","شیراز، خیابان شهید دستغیب، رو به رو آرامگاه بی بی دختران، کوچه ۴، پلاک ۱۴","29.6126064","52.5397143","1","2026-02-22 12:19:39","2026-02-22 12:53:06"
"907","28","کاخ  امیران","b92cc9c6ca","4","4","A","چالوس، به طرف کمربندی رامسر، ابتدای جاده ذوات، خیابان کاخ، جنب کاخ مادر","36.6460582","51.3904499","1","2026-02-22 12:19:39","2026-02-22 12:53:06"
"908","69","شیرازیس","c41c85d5cf","4","4","A","شیراز، بلوار زند، خیابان سعدی، خیابان مکتبی","29.6217052","52.5409995","1","2026-02-22 12:19:39","2026-02-22 12:53:06"
"909","39","ورنوس","396a4a5eb","4","3","B","تهران، میدان ولیعصر، بلوار کشاورز، بعد از بیمارستان ساسان، نبش خیابان ورنوس، پلاک ۱","35.7102225","51.4005735","1","2026-02-22 12:19:39","2026-02-22 12:53:06"
"910","100","کاروانسرای سنتی گلستانکوه","9eb0da4cb","6","1","C","خوانسار، ابتدای جاده اصفهان، روبروی دریاچه سد باغکل","33.2079587","50.3466217","1","2026-02-22 12:19:39","2026-02-22 12:53:06"
"911","39","ستیا","8b102b8c","5","2","B","تهران، بلوار میرداماد، خیابان نور بخش، کوچه ده متری دوم، پلاک ۵","35.7581279","51.4335110","1","2026-02-22 12:19:39","2026-02-22 12:53:06"
"912","7","رز درویشی","92afa603b","4","3","A","مشهد، خیابان امام رضا، بین امام رضا 1 و 3","36.2834713","59.6114288","1","2026-02-22 12:19:39","2026-02-22 12:53:06"
"913","18","رویال اروند","1c8be43aa","4","4","C","خرمشهر، خیابان حافظ نو، جنب مجتمع تجاری امام رضا (ع)","30.4426515","48.1718534","1","2026-02-22 12:19:39","2026-02-22 12:53:06"
"914","130","آسمان شهر","37b3eb5e7b","4","3","B","ساری، کیلومتر ۲ جاده نکا، بالاتر از جنگل پارک جنگلی شهید زارع، هتل جنگلی آسمان شهر","36.5393642","53.1309884","1","2026-02-22 12:19:39","2026-02-22 12:53:06"
"915","151","آوینا","02b74588b","4","4","B","قشم- بلوارباهنر","26.9596426","56.2748229","1","2026-02-22 12:19:39","2026-02-22 12:53:06"
"916","58","شایان",NULL,"5","2","A","بندرانزلی، کیلومتر ۴ بلوار ساحلی پاسداران، کوچه ۷","37.4866485","49.4216504","1","2026-02-22 12:19:39","2026-02-22 12:53:06"
"917","54","سارای","c92fed196e","4","1","A","اردبیل، نبش میدان پلیس، روبروی شورابیل","38.2183624","48.2957606","1","2026-02-22 12:19:39","2026-02-22 12:53:06"
"918","52","آرامیس پلاس","5ebd3d78ab","4","5","A","کیش میدان پردیس","26.5372437","54.0190247","1","2026-02-22 12:19:39","2026-02-22 12:53:06"
"919","72","پارسیک","2d9bbf0c","1","1","C","یزد، خیابان سید گل سرخ، کوچه لرد کیوان 17، پلاک ۱","31.9040745","54.3661525","1","2026-02-22 12:19:39","2026-02-22 12:53:06"
"920","49","عمارت بامگاه","1319a2bfe","1","1","A","کرمانشاه، جلو خان، رو به روی مسجد جامع، جنب بانک ملی، کوچه‌ی انتظاری، پلاک ۳۵","34.3177692","47.0731269","1","2026-02-22 12:19:39","2026-02-22 12:53:06"
"921","72","سنتی","9ae81c2f","1","3","B","یزد، میدان امیر چخماق، نبش حسینیه امیر چخماق، نبش کوچه عهدی","31.8928614","54.3701209","1","2026-02-22 12:19:39","2026-02-22 12:53:06"
"922","90","سهند","4eca5a77f","4","2","C","تبریز، خیابان امام خمینی، رو به روی درب اصلی مصلی تبریز ( ما بین سه راه فردوسی و سه راه طالقانی )","38.0741172","46.2902033","1","2026-02-22 12:19:39","2026-02-22 12:53:06"
"923","10","زاگرس","92048bc","9","2","C","اهواز، خیابان کیانپارس، خیابان چمران، بین اسفند و پهلوان شرقی","31.3386204","48.6813295","1","2026-02-22 12:19:39","2026-02-22 12:53:06"
"924","47","گیلبرتون","d27b7735bb","5","3","A","جلفا، خیابان ولایت فقیه، روبروی بازار روس ها","38.9418037","45.6359406","1","2026-02-22 12:19:39","2026-02-22 12:53:06"
"925","90","سارای","07690d","4","3","C","تبریز، خیابان مدرس (بهادری سابق)، روبروی مسجد کبود","38.0755712","46.3020344","1","2026-02-22 12:19:39","2026-02-22 12:53:06"
"926","39","مشهد","0d347a034e","4","3","B","تهران، خیابان مفتح‌، تقاطع خیابان طالقانی‌، نبش کوچه معیر، پلاک 190","35.7064435","51.4255504","1","2026-02-22 12:19:39","2026-02-22 12:53:06"
"927","101","شهباز","c3888cb5d","1","0","B","کرمان، بلوار فردوسی، کوچه شماره ۷",NULL,NULL,"1","2026-02-22 12:19:39","2026-02-22 12:19:39"
"928","4","یاس","b","5","2","C","بوشهر، خیابان عاشوری، جنب بانک سپه","28.9636294","50.8306362","1","2026-02-22 12:19:39","2026-02-22 12:53:06"
"929","39","نظامیه","1ad4b7df9b","1","1","A","تهران، میدان بهارستان، خیابان مصطفی خمینی، کوچه نظامیه، کوچه اصالت، بن بست پنجم، پلاک 2","35.6894859","51.4302697","1","2026-02-22 12:19:39","2026-02-22 12:53:06"
"930","182","ابوریحان","e508e9910e","2","1","C","شاهین شهر، خیابان فردوسی، انتهای فرعی اول شرقی، پلاک یک","32.8623768","51.5500639","1","2026-02-22 12:19:39","2026-02-22 12:53:06"
"931","7","هرمس","85b92bc","2","0","A","مشهد، خیابان امام رضا، نبش عنصری 10","36.2777809","59.6069270","1","2026-02-22 12:19:39","2026-02-22 12:53:06"
"932","72","گیتی","58036c65e","1","1","C","یزد، خیابان امام، کوچه چهلم، بافت تاریخی، جنب موزه سکه حیدرزاده","31.9047887","54.3727397","1","2026-02-22 12:19:39","2026-02-22 12:53:06"
"933","49","پاتاق","34bbdb","5","3","C","کرمانشاه، بلوار ۲۲ بهمن، بلوار آل آقا، کوی ۲۰۳، پلاک ۱۲","34.3409432","47.0918766","1","2026-02-22 12:19:39","2026-02-22 12:53:06"
"934","70","شاپورخواست","6396d86b","4","3","C","خرم آباد، کیلومتر ۲، جاده الشتر، بعد از پادگان حمزه سیدالشهدا","33.5760292","48.2962571","1","2026-02-22 12:19:39","2026-02-22 12:53:06"
"935","39","ولیعصر","c27ee794a","4","3","C","تهران، بالاتر از میدان ولیعصر، نبش کوچه غزایی عتیق، پلاک 1716","35.7138569","51.4070845","1","2026-02-22 12:19:39","2026-02-22 12:53:06"
"936","7","نوین","2da870f","5","1","A","مشهد، خیابان امام رضا، امام رضا 1، میدان بیت المقدس","36.2835276","59.6108907","1","2026-02-22 12:19:39","2026-02-22 12:53:06"
"937","57","شوهاز","a1920474d","4","1","D","چابهار، بلوار امام خمینی، چهار راه یخسازی، تقاطع جمهوری","25.2923002","60.6566010","1","2026-02-22 12:19:39","2026-02-22 12:53:06"
"938","181","کلاریج","deca79edbd","4","3","C","آستانه اشرفیه، بلوار امام رضا","37.2536067","49.9409057","1","2026-02-22 12:19:39","2026-02-22 12:53:06"
"939","54","حسین","02eb44489d","5","3","C","اردبیل، چهار راه باغمیشه، به سمت عالی قاپو، سمت راست، هتل آپارتمان حسین (رستوران قازماخ)","38.2490323","48.2876084","1","2026-02-22 12:19:39","2026-02-22 12:53:06"
"940","197","ستاره",NULL,"4","3","C","استان گلستان، بندر تركمن، جاده اسکله","36.9040013","54.0617665","1","2026-02-22 12:19:39","2026-02-22 12:53:06"
"941","58","ملورین","51f2ed","4","3","A","بندرانزلی، بلوار اطبا، هتل ملورین","37.4727600","49.5008442","1","2026-02-22 12:19:39","2026-02-22 12:53:06"
"942","46","وندا","32c5b2256e","4","3","A","کاشان، بلوار امام رضا، جنب مجموعه کاشان مال","33.9784993","51.3952121","1","2026-02-22 12:19:39","2026-02-22 12:53:06"
"943","42","یاس","18173c83a","1","1","B","اصفهان، خیابان عبدالرزاق، کوچه ۹، بن بست یاس","32.6648032","51.6745188","1","2026-02-22 12:19:39","2026-02-22 12:53:06"
"944","18","بارمانی","88f0dc9dff","5","3","C","خرمشهر، بلوار ساحلی، پشت ساختمان شورای شهر","30.4365811","48.1908372","1","2026-02-22 12:19:39","2026-02-22 12:53:06"
"945","232","تست","Test","5","0","E","گلمکان",NULL,NULL,"1","2026-02-22 12:19:39","2026-02-22 12:19:39"
"946","52","ارم ( آپارتمان های محوطه )",NULL,"4","2","E","کیش بلوار خیام","26.5335350","54.0241715","1","2026-02-22 12:19:39","2026-02-22 12:53:06"
"947","151","شهریار","4daeaed87f","4","3","C","قشم، درگهان، بلوار ساحلی، روبروی بازار ماهی فروشان","26.9717763","56.0804615","1","2026-02-22 12:19:39","2026-02-22 12:53:06"
"948","100","جهانگرد","a2e463f","4","1","A","خوانسار، میدان ۲۲ بهمن","33.2120361","50.3195291","1","2026-02-22 12:19:39","2026-02-22 12:53:06"
"949","79","قصر نگین","44399ae59d","4","2","A","تالش، بلوار پاییزان","37.8270344","48.8980979","1","2026-02-22 12:19:40","2026-02-22 12:53:06"
"950","69","ایران مهر","37bc201d","10","0","C","شیراز، بازار وکیل، کوچه جنب سرای مشیر، انتهای کوچه، سمت راست","29.6143525","52.5465507","1","2026-02-22 12:19:40","2026-02-22 12:53:06"
"951","7","مدینه الجواد ( لیان سابق )","bc8495883c","4","4","A","مشهد، خیابان نواب صفوی. بلوار شهید شوشتری. بین شهید شوشتری ۸ و ۱۰",NULL,NULL,"1","2026-02-22 12:19:40","2026-02-22 12:19:40"
"952","101","هیوا",NULL,"4","4","A","کرمان،بلوار کشاورز،نبش کشاورز 16","30.2726992","57.0187047","1","2026-02-22 12:19:40","2026-02-22 12:53:10"
"953","80","قصرامید","329d64f","4","2","A","استان گیلان شهر فومن کیلومتر ۱۰جاده ماسوله شهر ماکلوان خانوانه جاده میان رز خیابان ازادگان","37.2101563","49.1938689","1","2026-02-22 12:19:40","2026-02-22 12:53:06"
"954","168","آهوان","27983d390f","5","2","A","ماسال، شاندرمن، خیابان آزادگان، روبروی مدرسه شهید بهشتی","37.4107303","49.1223665","1","2026-02-22 12:19:40","2026-02-22 12:53:06"
"955","125","میلاد","66e3c1c09c","5","0","B","مازندران, فریدونکنار, خیابان ۲۴ متری ساحلی شرقی, جنب از پل میلاد, شهید اسحاقی ۳۵","36.6892423","52.5168043","1","2026-02-22 12:19:40","2026-02-22 12:53:06"
"956","40","لابوس",NULL,"4","2","A","استان گلستان, رامیان, جاده زینب آباد, کیلومتر ۲جاده رامیان, مقابل شهرک صنعتی","37.0480306","55.1407376","1","2026-02-22 12:19:40","2026-02-22 12:53:06"
"957","177","عمو قدرت",NULL,"3","3","A","جاده بالای سد نرم اب  روستای قلعه چه","37.1589344","55.4033462","1","2026-02-22 12:19:40","2026-02-22 12:53:06"
"958","4","دریا کنار",NULL,"4","2","A","بوشهر، خیابان ساحلی، سه راه انقلاب، رو به روی پارک تی وی","28.9934354","50.8292492","1","2026-02-22 12:19:40","2026-02-22 12:53:06"
"959","7","گوهر","7902428eab","5","3","B","امام رضا ۵, چهنو ۲","36.2820894","59.6091650","1","2026-02-22 12:19:40","2026-02-22 12:53:06"
"960","16","آوش","f505574a7c","3","0","C","گلستان ، بندر گز ، روستای وطنا ، خیابان گل ها",NULL,NULL,"1","2026-02-22 12:19:40","2026-02-22 12:19:40"
"961","64","ساینا",NULL,"5","3","A","خیابان معلم، کوچه فرهنگ","36.6606838","51.4830673","1","2026-02-22 12:19:40","2026-02-22 12:53:06"
"962","121","وامنان",NULL,"3","2","B","استان گلستان ، شهرستان آزادشهر ،بخش چشمه ساران ، روستای وامیان","37.0066585","55.5547688","1","2026-02-22 12:19:40","2026-02-22 12:53:06"
"963","117","پارتیان",NULL,"4","2","B","شهر کردکوی ،خیابان جنگل ،بلوار دانشگاه","36.7722692","54.1233899","1","2026-02-22 12:19:40","2026-02-22 12:53:06"
"964","191","شهرداری",NULL,"4","1","A","فارس ، اقلید ، میدان قرآن","30.9211168","52.7233024","1","2026-02-22 12:19:40","2026-02-22 12:53:06"
"965","5","البرز",NULL,"4","2","C","گیلان ،لاهیجان ، کیلومتر 2جاده لنگرود ،لیالستان","37.2010317","50.0617962","1","2026-02-22 12:19:40","2026-02-22 12:53:06"
"966","177","خلوت آرام","38d441c","2","2","C","گلستان مینودشت ، بعد از تفرجگاه جنگلی ،تنگه چهل چای ، روستای ییلاقی ، روستای ریگ چشمه بالا ،روبه روی مدرسه ، درب مشکی طلایی","37.1180054","55.4750650","1","2026-02-22 12:19:40","2026-02-22 12:53:06"
"967","133","عباس آباد","a4f2d59efc","5","3","C","کیلونتر 3 جاده بهشهر به گرگان ، رو به روی روستای سارو","36.6961234","53.5975496","1","2026-02-22 12:19:40","2026-02-22 12:53:06"
"968","54","بوتیک ایده آل اردبیل","692c9749a","4","3","B","اردبیل، خیابان شهید مدنی(جمعه مسجد)، اول پل پیرعبدالملک","38.2496780","48.3013913","1","2026-02-22 12:19:40","2026-02-22 12:53:06"
"969","79","سعادت",NULL,"3","1","D","تالش، اسالم, خاله سرای ۵۷, روستای سیاهبیل
رزرو هتل","37.6502122","48.9884048","1","2026-02-22 12:19:40","2026-02-22 12:53:06"
"970","151","دیانا پلاس",NULL,"4","3","A","قشم، بلوار آزادگان، نبش میدان شهدا","26.9554859","56.2679509","1","2026-02-22 12:19:40","2026-02-22 12:53:06"
"971","105","نگین خزرکنار","81c092609c","6","1","C","تنکابن, شیرود, خزرکنار","36.8645508","50.7834438","1","2026-02-22 12:19:40","2026-02-22 12:53:06"
"972","168","داروک","8de93ff","3","0","D","صومعه سرا, بخش میرزا کوچک خان جنگلی, روستای چالکسر",NULL,NULL,"1","2026-02-22 12:19:40","2026-02-22 12:19:40"
"973","184","رستم",NULL,"4","2","D","اندیمشک، خیابان امام خمینی (لوانتور سابق)، هتل رستم","32.4532294","48.3556249","1","2026-02-22 12:19:40","2026-02-22 12:53:06"
"974","35","برجیس","2e6426fef","5","2","C","گلستان ،خان ببین، خیابان امام ، نبش امام خمینی 19","37.0115629","54.9875797","1","2026-02-22 12:19:40","2026-02-22 12:53:06"
"975","7","مدائن","Madaen","4","4","A","مشهد، خيابان امام رضا، بین امام رضا 7 و 9","36.2814162","59.6095274","1","2026-02-22 12:19:40","2026-02-22 12:53:06"
"976","64","صحرا",NULL,"4","2","B","نوشهر، ابتدای جاده نور، روبروی دانشگاه آزاداسلامی","36.6374695","51.5554721","1","2026-02-22 12:19:40","2026-02-22 12:53:06"
"977","7","تبرک",NULL,"4","4","B","مشهد","36.2779044","59.6129136","1","2026-02-22 12:19:40","2026-02-22 12:53:06"
"978","120","حاجی خان","Hajikhan","3","0","B","تفت ، روستای اسلامیه (فراشاه) ، بعد از قدمگاه ، کوچه شهید پور محمد علی","31.7310254","54.1030220","1","2026-02-22 12:19:40","2026-02-22 12:53:06"
"979","25","طهران","fecc3a42b","9","0","B","آبادان – احمدآباد – انتهای بولوار ولایت به سمت چهارراه لاین 1 – مقابل بانک صادرات",NULL,NULL,"1","2026-02-22 12:19:40","2026-02-22 12:19:40"
"980","72","خوان سالار","47f1f24ee","1","0","B","یزد، خیابان امام خمینی، انتهای کوچه 43 یا مالمیر","31.9021333","54.3767788","1","2026-02-22 12:19:40","2026-02-22 12:53:06"
"981","175","کندلوس",NULL,"6","0","B","محور کرج، ابتدای جاده چالوس، ورودی جاده کندر، مجتمع گردشگری کندلوس","35.8409169","51.0569662","1","2026-02-22 12:19:40","2026-02-22 12:53:06"
"982","5","مزرعه قو ها",NULL,"6","2","C","لاهیجان, میدان کاشف السلطنه, خیابان سعدی, کوچه شهید ستوده",NULL,NULL,"1","2026-02-22 12:19:40","2026-02-22 12:19:40"
"983","72","سنتی عمارت مالمیر",NULL,"10","1","C","یزد، خیابان امام خمینی، مالمیر، کوچه ۴۳، پلاک ۴۱
رزرو هتل","31.9023005","54.3762852","1","2026-02-22 12:19:40","2026-02-22 12:53:06"
"984","9","دوریکا",NULL,"5","3","B","مازندران, بین شهرستان عباس آباد و نشتارود, روبه روی جنگل خشکداران","36.7397680","51.0662666","1","2026-02-22 12:19:40","2026-02-22 12:53:06"
"985","39","پردیس","38c9856f","5","1","B","تهران، میدان ونک، خیابان گاندی، کوچه ۱۴، پلاک ۷","35.7580762","51.4069100","1","2026-02-22 12:19:40","2026-02-22 12:53:06"
"986","50","کیمه","a7061f9f4d","2","2","C","مازندران، سوادکوه، شیرگاه به سمت لفور، روستای سیدکلا","36.3002673","59.7112083","1","2026-02-22 12:19:40","2026-02-22 12:53:06"
"987","46","روناک",NULL,"6","1","C","کاشان، کیلومتر پنج اتوبان کاشان به سمت قم",NULL,NULL,"1","2026-02-22 12:19:40","2026-02-22 12:19:40"
"988","153","کیمیا",NULL,"4","3","B","رامسر, بلوار شهید باهنر, پلاژ شهرداری","36.9285352","50.6667690","1","2026-02-22 12:19:40","2026-02-22 12:53:06"
"989","39","امیر کبیر",NULL,"4","2","B","تهران، خیابان ناصرخسرو، بعد از مدرسه دارالفنون، پلاک ۲۲۰","35.6828977","51.4224269","1","2026-02-22 12:19:40","2026-02-22 12:53:06"
"990","7","ملیسا",NULL,"4","2","A","مشهد، خیابان امام رضا، بین امام رضا ۲۱ و ۲۳","36.2759413","59.6050420","1","2026-02-22 12:19:40","2026-02-22 12:53:06"
"991","105","رادمهر","Raadmehr","5","2","C","جاده اصلی تنکابن با رامسر، ۱۰ کیلومتری رامسر سمت دریا،بلوار شهید شیرودی،شیرودی یک","36.8516901","50.8077916","1","2026-02-22 12:19:40","2026-02-22 12:53:06"
"992","199","المقام (Al-Maqam)","Al-Maqam","4","4","A","نجف اشرف، خیابان مدینه قدیمه، مقابل صافی صفا","31.9944702","44.3103439","1","2026-02-22 12:19:40","2026-02-22 12:53:06"
"993","7","ماریشان",NULL,"2","1","B","مشهد، خیابان امام رضا، امام رضا ۵، چهنو 8","36.2825796","59.6071469","1","2026-02-22 12:19:40","2026-02-22 12:53:07"
"994","101","کلیاس",NULL,"1","0","A","کرمان، خیابان شهدا(زریسف)، کوچه شماره ۶، درب هفتم سمت راست","30.2940733","57.0940050","1","2026-02-22 12:19:40","2026-02-22 12:53:07"
"995","4","آسمان",NULL,"5","1","B","بوشهر خیابان عالی آباد (حافظ جنوبی) هتل آپارتمان آسمان",NULL,NULL,"1","2026-02-22 12:19:40","2026-02-22 12:19:40"
"996","7","ضیافت الزهرا",NULL,"4","5","A","مشهد، خيابان نواب صفوی، شوشتري ٧، آخر كوچه سمت چپ","36.2878237","59.6217529","1","2026-02-22 12:19:40","2026-02-22 12:53:07"
"997","129","کویر",NULL,"4","2","B","زاهدان، نبش خیابان ایت الله کفعمی جنوبی","29.4879358","60.8692096","1","2026-02-22 12:19:40","2026-02-22 12:53:07"
"998","7","ایوان 3 ( احسان )","Ehsan","5","2","B","مشهد، چهارراه شهدا، آیت الله بهجت ۱","36.2946629","59.6121592","1","2026-02-22 12:19:40","2026-02-22 12:53:07"
"999","7","گلایول",NULL,"5","1","A","مشهد، خیابان امام رضا، امام رضا ۸، چهارراه سوم","36.2786171","59.6116916","1","2026-02-22 12:19:40","2026-02-22 12:53:07"
"1000","151","آزادی",NULL,"4","2","B","قشم، خیابان شهید رجایی، کوچه ایثار ۶",NULL,NULL,"1","2026-02-22 12:19:40","2026-02-22 12:19:40"
"1001","46","صباغیان","abefea8e2a","1","3","A","کاشان خیابان باباافضل، انتهای کوچه واحدپور۴۷تالار نورجهان",NULL,NULL,"1","2026-02-22 12:19:40","2026-02-22 12:19:40"
"1002","90","آیدا",NULL,"4","2","C","تبریز، خیابان امام خمینی، بین منصور و رضانژاد، کوچه علیپور (بالا حمام سابق)، پلاک ۷","38.0707547","46.3109881","1","2026-02-22 12:19:40","2026-02-22 12:53:07"
"1003","52","پالاس","2020bf5f1c","4","5","A","جزيره کيش، مابين ميدان سيري و ميدان داريوش","26.5308602","54.0269932","1","2026-02-22 12:19:40","2026-02-22 12:53:07"
"1004","7","حدیث",NULL,"4","1","A","مشهد، خیابان امام رضا، امام رضا ۴۲، نبش چهارراه دوم","36.2693043","59.6023757","1","2026-02-22 12:19:40","2026-02-22 12:53:07"
"1005","7","فدک الزهرا",NULL,"4","3","A","مشهد، نواب صفوی ۹، عسگری ۹، کوچه رکابی ۱","36.2831614","59.6186530","1","2026-02-22 12:19:40","2026-02-22 12:53:07"
"1006","19","آرامش",NULL,"5","1","B","همدان، ملایر، میدان قائم، بلوار فردوسی، خیابان سینا","34.3020090","48.8145936","1","2026-02-22 12:19:40","2026-02-22 12:53:07"
"1007","93","استاتیس",NULL,"4","4","B","بندرعباس، مرکز شهر، حدفاصل شهربانی و اتوتاج، کوچه طاهرنژاد","27.1824211","56.2830585","1","2026-02-22 12:19:40","2026-02-22 12:53:07"
"1008","42","کاربات",NULL,"4","2","B","هتل کاربات (هتل) در اصفهان و خیابان فردوسی، استانداری واقع شده است","32.6514233","51.6761226","1","2026-02-22 12:19:40","2026-02-22 12:53:07"
"1009","68","ارغوان قزوین",NULL,"1","0","A","قزوین، خیابان شهید انصاری، کوچه صالحیه","36.2659088","49.9944016","1","2026-02-22 12:19:40","2026-02-22 12:53:07"
"1010","72","دالان",NULL,"4","3","C","یزد، ابتدای بلوار بسیج، جنب شهرداری ناحیه تاریخی",NULL,NULL,"1","2026-02-22 12:19:40","2026-02-22 12:19:40"
"1011","203","ساحلی نخل",NULL,"4","5","A","بوشهر، بندر کنگان، برکه چوپان، هتل بزرگ ساحلی کنگان","27.7805564","52.1170393","1","2026-02-22 12:19:40","2026-02-22 12:53:07"
"1012","42","عمارت شهسواران",NULL,"1","0","A","اصفهان، خیابان حکیم، کوچه شماره ۹ (تجویدی)، پلاک ۴۶ ، عمارت شهسواران",NULL,NULL,"1","2026-02-22 12:19:40","2026-02-22 12:19:40"
"1013","42","هزار و یک شب چهار باغ",NULL,"1","0","C","اصفهان، میدان امام حسین، ابتدای چهارباغ پایین، بعد از بریانی اعظم، کوچه شماره ۳",NULL,NULL,"1","2026-02-22 12:19:40","2026-02-22 12:19:40"
"1014","7","سایه",NULL,"4","3","A","مشهد - خیابان امام رضا - امام رضا ۵","36.2821466","59.6096880","1","2026-02-22 12:19:40","2026-02-22 12:53:07"
"1015","42","کاخ سرهنگ",NULL,"1","0","A","اصفهان، خیابان چهارباغ پایین، حدفاصل بین چهارراه تختی و میدان شهدا، انتهای کوچه شماره۱۶",NULL,NULL,"1","2026-02-22 12:19:40","2026-02-22 12:19:40"
"1016","42","گل آرا",NULL,"1","0","B","اصفهان، خیابان حکیم، کوچه مشیر یخچال، کوچه مسجد ذوالفقار",NULL,NULL,"1","2026-02-22 12:19:40","2026-02-22 12:19:40"
"1017","7","جهان","7a6b5b5abe","9","0","B","خیابان امام رضا ۱۴,جنب بانک ملت داخل کوچه","36.2764396","59.6090340","1","2026-02-22 12:19:40","2026-02-22 12:53:13"
"1018","41","وندیک",NULL,"4","3","B","همدان، بلوار بعثت، خیابان سعیدیه جنوبی، جنب استادیوم ملت","34.7740875","48.5008393","1","2026-02-22 12:19:40","2026-02-22 12:53:07"
"1019","7","سفیران",NULL,"4","1","A","مشهد، میدان هفده شهریور، جنب پاساژ افشار","36.2754556","59.6168969","1","2026-02-22 12:19:40","2026-02-22 12:53:07"
"1020","69","بهارنارنج حافظ",NULL,"1","0","C","شیراز، شاهچراغ، خیابان حضرتی، روبروی بانک شهر، کوچه حضرتی ۲۸",NULL,NULL,"1","2026-02-22 12:19:40","2026-02-22 12:19:40"
"1021","151","آسانا","e9362da","4","3","B","قشم، خیابان امام خمینی، جنب بازار طلا و جواهر و بازار قدیم قشم","26.9788990","56.2202911","1","2026-02-22 12:19:40","2026-02-22 12:53:07"
"1022","68","کوروش",NULL,"5","2","C","قزوین، خیابان امام خمینی (ره)، نبش پاساژ حجتی","36.2706878","49.9950504","1","2026-02-22 12:19:40","2026-02-22 12:53:07"
"1023","72","آواسا",NULL,"4","3","A","یزد، خیابان مهدی، جنب پارک وحشی بافقی","31.8974154","54.3747873","1","2026-02-22 12:19:40","2026-02-22 12:53:07"
"1024","104","عمارت پدری",NULL,"1","0","B","شوشتر، خیابان عبدالله بانو، کوچه جنب لبنیات تجلی، ۵۰ متر داخل کوچه",NULL,NULL,"1","2026-02-22 12:19:40","2026-02-22 12:19:40"
"1025","7","یلدا",NULL,"5","1","C","مشهد، خیابان امام رضا 16، مقابل عنصری غربی 16","36.2747520","59.6121066","1","2026-02-22 12:19:40","2026-02-22 12:53:07"
"1026","21","هتل مهربد فیروزه",NULL,"4","3","C","یزد، میبد، میدان ایت الله اعرافی","32.2417751","54.0319767","1","2026-02-22 12:19:40","2026-02-22 12:53:07"
"1027","7","فجر",NULL,"4","2","A","مشهد، خیابان امام رضا، امام رضا ۱۶، نبش عنصری ۹","36.2758402","59.6101933","1","2026-02-22 12:19:40","2026-02-22 12:53:07"
"1028","7","جوار الملک","4fc2e7956f","4","3","A","مشهد، اندرزگو ۱۸ (آخوند خراسانی ۸)","36.2886652","59.6069977","1","2026-02-22 12:19:40","2026-02-22 12:53:07"
"1029","46","فانوس ویونا",NULL,"1","0","A","کاشان، خیابان فاضل نراقی، پشت کوچه مسجد آقا بزرگ، کوچه ی آشتی کنان،پلاک 2","33.9776427","51.4457446","1","2026-02-22 12:19:40","2026-02-22 12:53:07"
"1030","42","قصر منشی","9686cd25c","1","0","A","اصفهان، خیابان نشاط، کوچه قصر منشی غربی، اقامتگاه قصر منشی",NULL,NULL,"1","2026-02-22 12:19:40","2026-02-22 12:19:40"
"1031","165","ساحلی بنود",NULL,"4","3","A","شهرستان عسلویه، شهر نخل تقی، سه راه عسلویه، بلوار شهید شهریاری، ۵۰ متر بعد از پمپ گاز به سمت دریا، خیابان سرباز گمنام","27.4932228","52.5901326","1","2026-02-22 12:19:40","2026-02-22 12:53:07"
"1032","153","پارسیان",NULL,"11","2","B","استان مازندران، رامسر، انتهای بلوار معلم","36.9189410","50.6734868","1","2026-02-22 12:19:40","2026-02-22 12:53:07"
"1033","72","دربار",NULL,"10","3","D","یزد، بلوار بسیج، جنب آب انبار رستم گیوه","31.8858224","54.3746611","1","2026-02-22 12:19:40","2026-02-22 12:53:07"
"1034","46","عمارت ماندگار",NULL,"1","3","A","کاشان، خیابان علوی","33.9774257","51.4403643","1","2026-02-22 12:19:40","2026-02-22 12:53:08"
"1035","46","معمار",NULL,"1","0","A","کاشان، خیابان باباافضل، خیابان باب الحوائج، کوچه آیت الله مدنی، کوچه شهید چاوشی",NULL,NULL,"1","2026-02-22 12:19:40","2026-02-22 12:19:40"
"1036","42","ربیع","Rbi","4","1","C","خیابان استانداری نقش جهان گذر سعدی بن بست فروزنده","32.6557620","51.6758850","1","2026-02-22 12:19:40","2026-02-22 12:53:07"
"1037","4","پدرمن",NULL,"5","3","B","بوشهر، میدان امام، ابتدای خیابان شهید بهشتی (خیابان فرودگاه)، جنب نوشت افزار دهخدا","28.9572840","50.8347957","1","2026-02-22 12:19:40","2026-02-22 12:53:07"
"1038","94","سامان",NULL,"4","2","A","کردستان، بانه، ابتدای بلوار سردشت","36.0015732","45.8786262","1","2026-02-22 12:19:40","2026-02-22 12:53:08"
"1039","7","جاوید",NULL,"4","2","A","مشهد، خیابان طبرسی ۲۷، کوچه حاج تقی، نبش چهارراه دوم","36.2933951","59.6274778","1","2026-02-22 12:19:40","2026-02-22 12:53:08"
"1040","58","رویال بلوگا",NULL,"5","3","B","بندرانزلی, خیابان ساحل قو, خیابان اطبا","37.4727228","49.5007022","1","2026-02-22 12:19:40","2026-02-22 12:53:08"
"1041","200","تکسیم اکسپرس (Taxim Express)","Taxim Express","4","4","A","استانبول، سیسلی، محله ی اینونو، خیابان جمهوری، پلاک 135","27.9967887","41.3879262","1","2026-02-22 12:19:40","2026-02-22 12:53:08"
"1042","201","جهان",NULL,"5","0","A","تنکابن، شهر توریستی نشتارود، خیابان ۱۷ شهریور، روبروی بانک رفاه","36.7509448","51.0266859","1","2026-02-22 12:19:40","2026-02-22 12:53:08"
"1043","200","الیت ورلد کامفی (Elite World Comfy)","Elite World Comfy","4","4","A","استانبول، منطقه ی بی اوغلو، محله ی تعلیم خانه تکسیم، خیابان صحت مختار، پلاک 40","28.9837953","41.0401917","1","2026-02-22 12:19:40","2026-02-22 12:53:08"
"1044","165","حرا",NULL,"4","2","A","بوشهر، شهرستان عسلویه، میدان لنج خیابان کمربندی (شهدا)، جنب پمپ گاز","27.4814548","52.6164634","1","2026-02-22 12:19:40","2026-02-22 12:53:08"
"1045","113","بام خلخال",NULL,"1","0","A","اردبیل، خلخال، خیابان سیمتری، روبروی هلال احمر",NULL,NULL,"1","2026-02-22 12:19:40","2026-02-22 12:19:40"
"1046","202","پایاب",NULL,"4","0","C","کرمان، شهداد، بلوار تختی، خیابان تمدن، جنب آسیاب آبی دوقلو","30.4076810","57.6896449","1","2026-02-22 12:19:40","2026-02-22 12:53:08"
"1047","7","یزدان",NULL,"5","3","C","مشهد، خیابان امام رضا، امام رضا ۸، رجب زاده ۱۶","36.2792451","59.6130682","1","2026-02-22 12:19:40","2026-02-22 12:53:08"
"1048","7","سفرا","387c5eaaba","5","2","C","مشهد، خیابان امام رضا، امام رضا ۶، هتل آپارتمان سفرا","36.2812673","59.6112196","1","2026-02-22 12:19:40","2026-02-22 12:53:08"
"1049","33","بوتیک",NULL,"4","1","A","زنجان، خیابان فردوسی، خیایان کاشانی (ضیائی)، کوچه علایی، پلاک1","36.6669814","48.4742759","1","2026-02-22 12:19:40","2026-02-22 12:53:08"
"1050","39","ایریانو",NULL,"4","3","B","تهران، خیابان ولیعصر، خیابان مطهری، خیابان لارستان، خیابان ایرنا( مجلسی) ، پلاک ۲۱","35.7215031","51.4118914","1","2026-02-22 12:19:40","2026-02-22 12:53:08"
"1051","46","بوتیک سرای قجر کاشان",NULL,"1","1","C","کاشان، خیابان فاضل نراقی، کوچه شهید بزرگی، جنب خانه حکیم باشی",NULL,NULL,"1","2026-02-22 12:19:40","2026-02-22 12:19:40"
"1052","76","تفریحی  المپیک باقری",NULL,"6","1","A","یاسوج، خیابان ساحلی به سمت بیمارستان امام سجاد، هتل المپیک باقری","30.6417772","51.6053817","1","2026-02-22 12:19:41","2026-02-22 12:53:08"
"1053","72","ترنج سبز",NULL,"1","1","A","یزد، خیابان امام خمینی، کوچه شهیدان حسینیان، کوچه حسینیان ۱","31.9032257","54.3711353","1","2026-02-22 12:19:41","2026-02-22 12:53:08"
"1054","167","برلیان",NULL,"4","3","A","گیلان، کمربندی آستارا به سمت اردبیل، مجتمع خدمات رفاهی حسینی، جنب پمپ بنزین حسینی","38.4435307","48.8428032","1","2026-02-22 12:19:41","2026-02-22 12:53:08"
"1055","39","بانی",NULL,"5","4","A","تهران، بلوار نلسون ماندلا (جردن)، خیابان گلگشت، پلاک ۱۲",NULL,NULL,"1","2026-02-22 12:19:41","2026-02-22 12:19:41"
"1056","203","فاروس",NULL,"6","2","A","کنگان ، روستای گردشگری نخل غانم در جوار ساحل خلیج فارس","27.8000302","52.0922590","1","2026-02-22 12:19:41","2026-02-22 12:53:08"
"1057","123","تماشا",NULL,"4","3","A","سرعین، میدان گاومیش گلی، بلوار چالدران","38.1545814","48.0770425","1","2026-02-22 12:19:41","2026-02-22 12:53:08"
"1058","93","ناز2",NULL,"5","2","A","بندرعباس, بلوار امام, ما بین میدان ابوذر و 17 شهریور, پشت هتل قدس","27.1826760","56.2838632","1","2026-02-22 12:19:41","2026-02-22 12:53:08"
"1059","46","سرپله",NULL,"1","1","B","کاشان، میدان کمال الملک، خیابان محتشم، نرسیده به میدان امام، سمت راست قدر ۲۴، سومین فرعی سمت چپ، کوچه چیت سازیان (موسسه خیریه)
رزرو هتل","33.9831250","51.4544223","1","2026-02-22 12:19:41","2026-02-22 12:53:08"
"1060","7","حجت نو",NULL,"9","1","A","مشهد، انتهای بازار رضا، میدان هفده شهریور","36.2760608","59.6166514","1","2026-02-22 12:19:41","2026-02-22 12:53:08"
"1061","69","قصر یازده",NULL,"4","3","A","شیراز، ده کیلومتری شیراز، قلات، اول جاده شب شتری","29.8211355","52.3075328","1","2026-02-22 12:19:41","2026-02-22 12:53:08"
"1062","72","سرای کهن",NULL,"3","0","B","یزد، خیابان امام خمینی 35، جنب فروشگاه شرکت گوشت، بن بست عرفا، پلاک ۶۹۸",NULL,NULL,"1","2026-02-22 12:19:41","2026-02-22 12:19:41"
"1063","17","جهانگردی خزرشهر",NULL,"4","3","A","بابلسر، کیلومتر ۶ جاده، بابلسر به فریدون کنار، خزرشهر جنوبی
رزرو هتل","36.6830636","52.5678694","1","2026-02-22 12:19:41","2026-02-22 12:53:08"
"1064","142","یاس",NULL,"5","1","B","مریوان، انتهای بلوار عبادت، بالاتر از پادگان
رزرو هتل","35.5287716","46.2058670","1","2026-02-22 12:19:41","2026-02-22 12:53:08"
"1065","112","پامچال",NULL,"4","3","B","رشت، بلوار امام خمینی، میدان مصلی رزرو هتل","37.2605234","49.6021728","1","2026-02-22 12:19:41","2026-02-22 12:53:08"
"1066","131","شانلی",NULL,"4","2","B","گرگان، کیلومتر ۳ بز رگراه گرگان ساری، جنب شرکت لرد گاز","36.8408305","54.3499191","1","2026-02-22 12:19:41","2026-02-22 12:53:08"
"1067","7","جوادیه",NULL,"4","2","B","مشهد، خیابان طبرسی، طبرسی ۲۵","36.2922952","59.6276230","1","2026-02-22 12:19:41","2026-02-22 12:53:08"
"1068","27","آزادی",NULL,"4","1","C","ساوه، میدان آزادی ضلع جنوب شرقی، هتل آزادی","35.0336588","50.3690501","1","2026-02-22 12:19:41","2026-02-22 12:53:08"
"1069","7","نیکو",NULL,"4","1","B","مشهد، خیابان امام رضا، میدان بیت المقدس، جنب درب ورودی باب الرضا
رزرو هتل","36.2845267","59.6130490","1","2026-02-22 12:19:41","2026-02-22 12:53:08"
"1070","7","بستان","Bostan","4","2","A","مشهد, میدان بیت المقدس، خیابان اندرزگو، بین اندرزگو 17 و 19","36.2889416","59.6082278","1","2026-02-22 12:19:41","2026-02-22 12:53:08"
"1071","7","مدینه النور ( چایچیان )",NULL,"2","1","A","مشهد, خیابان امام رضا, امام رضا 5, چهنو 4 جدید",NULL,NULL,"1","2026-02-22 12:19:41","2026-02-22 12:19:41"
"1072","200","هوبی (Hubi)","Hubi","4","4","A","استانبول، سیسلی، خیابان دولاپدره، پلاک 127","28.6356330","41.0325829","1","2026-02-22 12:19:41","2026-02-22 12:53:08"
"1073","12","اسفنجان",NULL,"10","3","B","سمنان, خیابان ابوذر, ابوذر 30","35.5644759","53.4002110","1","2026-02-22 12:19:41","2026-02-22 12:53:08"
"1074","200","چر (Cher)","Cher","4","5","A","استانبول، منطقه ی بی اوغلو، محله ی حاجی احمد، خیابان کورتولوس دره، پلاک 31","28.9763803","41.0401172","1","2026-02-22 12:19:41","2026-02-22 12:53:08"
"1075","200","رادیسون بلو شیشلی (Radisson Blu Sisli)","Radisson Blu Sisli","4","5","A","استانبول، منطقه ی سیسلی، خیابان ماییس 19، پلاک 2","28.9967127","41.0809330","1","2026-02-22 12:19:41","2026-02-22 12:53:08"
"1076","68","اطلس",NULL,"5","2","A","قزوین, خیابان نوروزیان, انتهای حکمت 48, نبش دانش 12","36.3099277","50.0158980","1","2026-02-22 12:19:41","2026-02-22 12:53:08"
"1077","200","آکگون (Akgun)","Akgun","4","5","A","استانبول، منطقه فاتح، محله توپکاپی، بلوار عدنان مندرس (خیابان وطن)","28.9120242","41.0363973","1","2026-02-22 12:19:41","2026-02-22 12:53:08"
"1078","200","سنترال پالاس (Central Palace)","Central Palace","4","4","A","استانبول، منطقه بی اوغلو، محله تعلیم خانه تکسیم، خیابان لامارتین، پلاک 18","28.9857804","41.0401451","1","2026-02-22 12:19:41","2026-02-22 12:53:08"
"1079","188","اسپهبدان",NULL,"4","2","B","مازندران، قائم شهر، ابتدای جاده نظامی، اولین بریدگی","36.4763464","52.8156671","1","2026-02-22 12:19:41","2026-02-22 12:53:08"
"1080","42","میدان کوچک",NULL,"1","0","A","اصفهان, خیابان خاقانی, کوچه میدان کوچک پلاک 23",NULL,NULL,"1","2026-02-22 12:19:41","2026-02-22 12:19:41"
"1081","39","الماس زعفرانیه",NULL,"4","3","A","خیابان ولیعصر (عج)، خیابان شهید فلاحی (زعفرانیه)، خیابان فیروزکوه شرقی، خیابان روشن یکم، دهکده نشاط ولیعصر (عج)","35.8136740","51.4175035","1","2026-02-22 12:19:41","2026-02-22 12:53:08"
"1082","200","کنراد (Conrad)","Conrad","4","5","A","استانبول، بشیکتاش، منطقه ی جیهانوما، خیابان سرای، پلاک 5","29.0102111","41.0471996","1","2026-02-22 12:19:41","2026-02-22 12:53:08"
"1083","200","وایت مونارچ (White Monarch)","White Monarch","4","4","A","استانبول، منطقه ی شیشلی، مجیدیه کوی، خیابان بویوکدره، پلاک 65","41.0672002","28.9982099","1","2026-02-22 12:19:41","2026-02-22 12:53:08"
"1084","7","نوین پلاس",NULL,"4","5","A","مشهد, بزرگراه آیت الله رفسنجانی, بلوار مجیدیه, مجیدیه 37, صادقیه 12","36.3759394","59.4647952","1","2026-02-22 12:19:41","2026-02-22 12:53:08"
"1085","42","هنر",NULL,"10","1","A","اصفهان, خیابان استانداری, کوچه گذر سعدی",NULL,NULL,"1","2026-02-22 12:19:41","2026-02-22 12:19:41"
"1086","7","خورشید",NULL,"4","2","B","مشهد, خیابان دانشگاه, بین دانشگاه 12 و14","36.2944829","59.5962285","1","2026-02-22 12:19:41","2026-02-22 12:53:08"
"1087","58","ارکیده",NULL,"4","2","A","بندر انزلی، خیابان پاسداران، کیلومتر ۴ خیابان پاسداران، روبروی تالار گیشه","37.4889482","49.4108093","1","2026-02-22 12:19:41","2026-02-22 12:53:08"
"1088","7","آرتیمان",NULL,"4","2","A","مشهد, خیابان امام رضا, امام رضا 42, بعد از چهارراه سوم, پلاک 46","36.2687428","59.6031347","1","2026-02-22 12:19:41","2026-02-22 12:53:08"
"1089","52","امیرکبیر",NULL,"4","5","A","کیش، بلوار میرمهنا، شهریار، بین شمس و خیابان اقبال لاهوری","26.5695249","53.9534192","1","2026-02-22 12:19:41","2026-02-22 12:53:08"
"1090","157","متین",NULL,"4","3","B","مشگین شهر, خیابان باهنر شمالی, روبروی بقعه شیخ حیدر, مجتمع تجاری ساوالان","38.4015061","47.6821524","1","2026-02-22 12:19:41","2026-02-22 12:53:08"
"1091","204","کانفوریوم (Conforium)","Conforium","4","5","A","وان، ایپکیولو، خیابان سیهه، پلاک 217","43.4328948","38.6213634","1","2026-02-22 12:19:41","2026-02-22 12:53:08"
"1092","204","دابل تری بای هیلتون (DoubleTree by Hilton)","DoubleTree by Hilton","4","5","A","وان، کیلومتر 8 جاده ی ادرمیت، خیابان ایپکیولو","43.3249295","38.4449671","1","2026-02-22 12:19:41","2026-02-22 12:53:08"
"1093","204","الیت ورلد (Elite World)","Elite World","4","5","A","وان، منطقه ی باغچه بان، خیابان کاظم کارابکر، پلاک 67","43.3866993","38.4997027","1","2026-02-22 12:19:41","2026-02-22 12:53:08"
"1094","205","گرند پارک لارا (Grand Park Lara)","Grand Park Lara","4","4","A","جاده ی لارا-آکسو-آنتالیا، خیابان کمرآقزی تسیسلر، پلاک 339","30.8761235","36.8570650","1","2026-02-22 12:19:41","2026-02-22 12:53:08"
"1095","205","دلفین بی گرند ریزورت (Delphin BE Grand Resort)","Delphin BE Grand Resort","4","5","A","لارا، لارا توریزم مرکزی آنتالیا","30.8632234","36.8562584","1","2026-02-22 12:19:41","2026-02-22 12:53:08"
"1096","7","ارم",NULL,"4","2","A","مشهد, خیابان امام رضا, نبش امام رضا 74","36.2615415","59.5938941","1","2026-02-22 12:19:41","2026-02-22 12:53:08"
"1097","42","سران",NULL,"4","3","B","اصفهان، میدان شهدا، ابتدای خیابان ابن سینا، نبش کوچه ۵","32.6715435","51.6730376","1","2026-02-22 12:19:41","2026-02-22 12:53:08"
"1098","46","سرای سهراب",NULL,"1","1","A","کاشان, خیابان علوی, باستان پنجم, کوچه فاطمیه","33.9761911","51.4447148","1","2026-02-22 12:19:41","2026-02-22 12:53:08"
"1099","46","سنگ پلوی",NULL,"1","1","B","کاشان، خیابان علوی، محله سلطان امیر احمد، بالاتر از خانه طباطبایی، کوی سنگ پلوی","33.9754664","51.4376844","1","2026-02-22 12:19:41","2026-02-22 12:53:08"
"1100","63","فاطیما",NULL,"4","3","B","قم، خیابان 19 دی. کوی 3","34.6462245","50.8887054","1","2026-02-22 12:19:41","2026-02-22 12:53:08"
"1101","7","خورشید هشتم",NULL,"4","5","A","مشهد،خیابان شارستان، شهید شوشتری 7","36.2880950","59.6219091","1","2026-02-22 12:19:41","2026-02-22 12:53:08"
"1102","63","قصر نادری",NULL,"4","3","B","قم، خیابان ایستگاه راه آهن، نبش کوی ۷","34.6474032","50.8768081","1","2026-02-22 12:19:41","2026-02-22 12:53:08"
"1103","39","فلامینگو",NULL,"5","2","C","خيابان انقلاب نرسيده به ميدان فردوسي خيابان موسوي بن بست خواف","35.7025003","51.4210920","1","2026-02-22 12:19:41","2026-02-22 12:53:08"
"1104","200","مارمارا تکسیم (Marmara Taksim)","Marmara Taksim","4","5","A","استانبول، منطقه ی بی اوغلو، میدان تکسیم","28.9863786","41.0363503","1","2026-02-22 12:19:41","2026-02-22 12:53:08"
"1105","200","سوئیس اوتل (Swissotel)","Swissotel","4","5","A","استانبول، منطقه ی بشیکتاش، محله ی ویسنه زاده، کوچه ی آچیسو، پلاک 19","28.9976613","41.0412088","1","2026-02-22 12:19:41","2026-02-22 12:53:08"
"1106","200","فرونیا (Feronya)","Feronya","4","4","A","استانبول، منطقه ی بی اوغلو، میدان تکسیم، تعلیم خانه، خیابان عبدالحق حمید، پلاک 58","28.9836866","41.0408703","1","2026-02-22 12:19:41","2026-02-22 12:53:08"
"1107","200","کراون پلازا هاربیه (Crowne Plaza Harbiye)","CrownePlazaHarbiye","4","5","A","استانبول، منطقه ی شیشلی، محله ی هاربیه، خیابان دولاپدره، پلاک 163","28.9850860","41.0487446","1","2026-02-22 12:19:41","2026-02-22 12:53:08"
"1108","200","تایتانیک سیتی تکسیم (Titanic City Taksim)","Titanic City Taksim","4","4","A","استانبول، منطقه ی بی اوغلو، خیابان لامارتین، پلاک 47","28.9840724","41.0407375","1","2026-02-22 12:19:41","2026-02-22 12:53:08"
"1109","42","صوفی",NULL,"4","3","B","اصفهان، ابتدای خیابان چهارباغ پایین، روبروی ورزشگاه تختی","32.6641830","51.6705166","1","2026-02-22 12:19:41","2026-02-22 12:53:08"
"1110","151","مریم جزیره",NULL,"4","2","C","قشم، بلوار آزادگان، جنب هلال احمر، مقابل فرمانداری","26.9630015","56.2631435","1","2026-02-22 12:19:41","2026-02-22 12:53:09"
"1111","200","هیلتون بسفروس (Hilton Bosphorus)","Hilton Bosphorus","4","5","A","استانبول، منطقه ی شیشلی، محله ی هاربیه، خیابان جمهوری","28.9900474","41.0449203","1","2026-02-22 12:19:41","2026-02-22 12:53:09"
"1112","54","یاکاموز",NULL,"4","5","A","اردبیل، میدان قدس، خیابان شهید نوعی اقدم، نبش کوچه طهماسبی، پلاک 129","38.2306671","48.2858838","1","2026-02-22 12:19:41","2026-02-22 12:53:09"
"1113","90","تورال",NULL,"4","2","B","تبریز، ولیعصر، خیابان نظامی، خیابان قطران، کوچه بغل اداره برق","38.0613947","46.3551447","1","2026-02-22 12:19:41","2026-02-22 12:53:09"
"1114","90","ونوس",NULL,"4","3","B","تبریز، شریعتی جنوبی( شهناز)، چهارراه والمان","38.0704434","46.2846347","1","2026-02-22 12:19:41","2026-02-22 12:53:09"
"1115","200","گرند جواهر (Grand Cevahir)","Grand Cevahir","4","5","A","استانبول، منطقه ی شیشلی، محله ی هالیپ ادیپ ادیوار، خیابان دارولاجز، پلاک 5","28.9821373","41.0638307","1","2026-02-22 12:19:41","2026-02-22 12:53:09"
"1116","200","گلدن ایج (Golden Age)","Golden Age","4","4","A","استانبول، منطقه ی بی اوغلو؛ محله ی تعلیم خانه، خیابان توپکو پلاک 10","28.9842786","41.0401549","1","2026-02-22 12:19:41","2026-02-22 12:53:09"
"1117","72","یزدان گرد",NULL,"1","3","B","یزد، خیابان امام، كوچه ٣٤ حسينيان، اولين كوچه سمت راست","31.9029250","54.3720351","1","2026-02-22 12:19:41","2026-02-22 12:53:09"
"1118","101","پویا",NULL,"4","3","B","کرمان، چهارراه ابوحامد، خیابان مهدیه، جنب کوچه ی شماره 1","30.3006740","57.0775980","1","2026-02-22 12:19:41","2026-02-22 12:53:09"
"1119","7","آریو","a9b78b0cc","4","3","B","مشهد، خیابان امام رضا ۲۸، پلاک ۲۲","36.2738379","59.6047945","1","2026-02-22 12:19:41","2026-02-22 12:53:09"
"1120","210","ارکید (Orchid)","Orchid","4","3","A","دبی، نزدیک به میدان برج ساعت الرقه، خیابان 40C","55.3247553","25.2606381","1","2026-02-22 12:19:41","2026-02-22 12:53:09"
"1121","210","نووتل البرشا (Novotel Al Barsha)","Novotel Al Barsha","4","4","A","دبی، منطقه ی البرشا، خیابان شیخ زاید، روبروی ایستگاه مترو مشرق","25.1124802","55.1885673","1","2026-02-22 12:19:41","2026-02-22 12:53:09"
"1122","42","معتمدی",NULL,"10","1","B","اصفهان، خیابان هشت بهشت غربی، ملک شمالی بن بست 3 ملاباشی","32.6533434","51.6859193","1","2026-02-22 12:19:41","2026-02-22 12:53:09"
"1123","101","کاروانیکا",NULL,"10","4","B","کرمان، خیابان شریعتی 20، جنب کلانتری 11","30.2919324","57.0807383","1","2026-02-22 12:19:41","2026-02-22 12:53:09"
"1124","69","گل افرا",NULL,"4","1","B","شیراز، خیابان 9 دی،  داخل کوچه افرا، هتل گل افرا","29.6095514","52.5400924","1","2026-02-22 12:19:41","2026-02-22 12:53:09"
"1125","63","ذوی القربی",NULL,"4","2","B","قم، خیابان امام خمینی، بین چهار راه غفاری و سه راه خورشید، کوچه 63","34.6447362","50.8779830","1","2026-02-22 12:19:41","2026-02-22 12:53:09"
"1126","205","اورنج کانتی بلک (Orange County Belek)","Orange County Belek","4","5","A","آنتالیا، منطقه ی سریک، محله ی بوآزاک، خیابان 50، پلاک 18","31.1506136","36.8341689","1","2026-02-22 12:19:41","2026-02-22 12:53:09"
"1127","205","کرملین پالاس (Kremlin Palace)","Kremlin Palace","4","5","A","آنتالیا، منطقه ی لارا، محله ی کوندو، خیابان تسیسلر، پلاک 440/1","30.9140260","36.8570868","1","2026-02-22 12:19:41","2026-02-22 12:53:09"
"1128","72","سیب و نار",NULL,"4","4","B","یزد، دروازه قران، بلوار سرگرد سامعی","31.9360513","54.3037062","1","2026-02-22 12:19:41","2026-02-22 12:53:09"
"1129","17","ساحلی میزبان",NULL,"4","4","B","مازندران، بابلسر، پارکینگ نهم، هتل ساحلی میزبان","36.7030907","52.6074005","1","2026-02-22 12:19:41","2026-02-22 12:53:09"
"1130","200","کارتون (Cartoon)","Cartoon","4","4","A","استانبول، منطقه ی بی اوغلو، محله ی سهیت مختار، بلوار تارلاباشی، پلاک 36","41.0374511","28.9832003","1","2026-02-22 12:19:41","2026-02-22 12:53:09"
"1131","200","هیلتون بومونتی (Hilton Bomonti)","Hilton Bomonti","4","5","A","استانبول، منطقه ی شیشلی، خیابان سلحشور، پلاک 42","28.9795224","41.0586063","1","2026-02-22 12:19:41","2026-02-22 12:53:09"
"1132","200","شرایتون سیتی سنتر (Sheraton City Center)","Sheraton City Center","4","5","A","استانبول، منطقه ی بی اوغلو، محله ی حاجی احمد، خیابان کورتولوش درسی، پلاک 23","28.9745506","41.0392756","1","2026-02-22 12:19:41","2026-02-22 12:53:09"
"1133","200","آرتز تکسیم (Arts Taksim)","Arts Taksim","4","4","A","استانبول، منطقه ی بی اوغلو، محله ی کوجاتپه، پلاک 9 و 11","41.0401666","28.9848983","1","2026-02-22 12:19:41","2026-02-22 12:53:09"
"1134","200","الیت ورلد تکسیم (Elite World Taksim)","Elite World Taksim","4","5","A","استانبول، منطقه ی بی اوغلو، میدان تکسیم، خیابان سهیت مختار ، پلاک 42","28.9835168","41.0407694","1","2026-02-22 12:19:41","2026-02-22 12:53:09"
"1135","210","سوئیسوتل الغریر (Swissotel AlGhurair)","Swissotel AlGhurair","4","5","A","دبی، منطقه ی دیره، خیابان عمر ابن خطاب، میدان ماهی","55.3171113","25.2693090","1","2026-02-22 12:19:41","2026-02-22 12:53:09"
"1136","7","سپهر آراد","56759a26da","5","0","A","مشهد، خیابان شیرازی، شیرازی 5، اول شارستان","36.2935426","59.6136986","1","2026-02-22 12:19:41","2026-02-22 12:53:09"
"1137","69","آستانه",NULL,"5","2","C","آدرس:  شیراز- خیابان حسینی- میدان آستانه- خیابان حسینی 22 (خیابان بین الحرمین)","29.6055844","52.5470166","1","2026-02-22 12:19:41","2026-02-22 12:53:09"
"1138","151","ویهان",NULL,"4","3","B","قشم، چهار راه پردیس، روبروی استادیوم ورزشی تختی","26.9544121","56.2764773","1","2026-02-22 12:19:41","2026-02-22 12:53:09"
"1139","39","رسپینا","Respina","5","1","B","تهران، خیابان فردوسی نرسیده به میدان فردوسی، خیابان تقوی (کوشک سابق)، پلاک 86","35.6993081","51.4204963","1","2026-02-22 12:19:41","2026-02-22 12:53:09"
"1140","7","قصرالضیافه قدس","GhasrAlziafatGhods","4","5","A","مشهد، ابتدای خیابان شیرازی، روبروی دارالشفا امام رضا","35.9857883","45.8851403","1","2026-02-22 12:19:41","2026-02-22 12:53:09"
"1141","210","رویال کانتیننتال (Royal Continental)","Royal Continental","4","4","A","دبی، منطقه ی دیره، پورت سعید، جنب سیتی سنتر دیره، خیابان بیست و هفتم","25.2527372","55.3355216","1","2026-02-22 12:19:41","2026-02-22 12:53:09"
"1142","7","مهریز",NULL,"5","1","C","مشهد، خیابان امام رضا، امام رضا 5، چهنو 10","36.2824632","59.6094657","1","2026-02-22 12:19:41","2026-02-22 12:53:09"
"1143","205","اورنج کانتی کمر (Orange County Kemer)","Orange County Kemer","4","5","A","آنتالیا، کمر، بلوار آتاتورک، محله ی ینی","36.6089807","30.5589419","1","2026-02-22 12:19:41","2026-02-22 12:53:09"
"1144","205","شروود اکسکلوسیو لارا (Sherwood Exclusive Lara)","Sherwood Exclusive Lara","4","5","A","آنتالیا، لارا، کوندو، بلندی های کوپاک سایی","36.8557306","30.8823373","1","2026-02-22 12:19:41","2026-02-22 12:53:09"
"1145","63","بین الحرمین",NULL,"4","1","B","قم، مسجد مقدس جمکران، ابتدای خیابان ظهور، کوچه 1/1","34.5828164","50.9100196","1","2026-02-22 12:19:41","2026-02-22 12:53:09"
"1146","205","سندر (Cender)","Cender","4","4","A","آنتالیا، منطقه ی مرادپاشا، محله ی جنیچلیک، خیابان ایشیکلار، پلاک 42","36.8753665","30.7119555","1","2026-02-22 12:19:41","2026-02-22 12:53:09"
"1147","205","بلکون (Belkon)","Belkon","4","4","A","آنتالیا، سریک، محله ی کاردیه، خیابان بشگوز، پلاک 36","36.8778997","30.9907924","1","2026-02-22 12:19:41","2026-02-22 12:53:09"
"1148","63","ونوس",NULL,"4","4","B","قم، بلوار الغدیر، روبه روی دانشگاه قم","34.6038019","50.8262290","1","2026-02-22 12:19:41","2026-02-22 12:53:09"
"1149","212","ای وان د رویال کروز (A One the Royal Cruise)","a9ccdaa","4","4","A","پاتایا، چونبوری، جاده ساحلی پاتایا شمالی 499","12.9456690","100.8850166","1","2026-02-22 12:19:41","2026-02-22 12:53:09"
"1150","212","رویال کلیف بیچ (Royal Cliff Beach)","5c207fd4b","4","5","A","پاتایا، چونبوری، منطقه ی بانگ لامونگ، پاتا جنوبی، خیابان فرا تامنوک، پلاک 353","12.9237087","100.8601810","1","2026-02-22 12:19:41","2026-02-22 12:53:09"
"1151","212","گاردن کلیف ریزورت (Garden Cliff Resort)","ce1104ba","4","5","A","پاتایا، چونبوری، منطقه ی بانگ لامونگ، محله ی ناکلوا، خیابان پاتایا ناکلوا 16، پلاک 5","12.9700293","100.8865641","1","2026-02-22 12:19:41","2026-02-22 12:53:09"
"1152","216","ایمپریال پالاس (Imperial Palace)","Imperial Palace","4","4","A","ایروان، خیابان کوریون، پلاک 23","40.1900411","44.5201575","1","2026-02-22 12:19:41","2026-02-22 12:53:09"
"1153","132","کارا",NULL,"4","3","B","ارومیه، خیابان شیخ تپه، ابتدای خیابان جنگلی، روبروی مجتمع مسکونی نگین","37.5287759","45.0786548","1","2026-02-22 12:19:41","2026-02-22 12:53:09"
"1154","216","رادیسون بلو (Radisson Blu)","Radisson Blu","4","5","A","ایروان، خیابان آزاتوتیان، پلاک 2/2","40.1970877","44.5189431","1","2026-02-22 12:19:41","2026-02-22 12:53:09"
"1155","216","گرند (Grand)","Grand","4","5","A","ایروان، خیابان آبوویان، پلاک 14","40.1812839","44.5163684","1","2026-02-22 12:19:42","2026-02-22 12:53:09"
"1156","216","گلدن پالاس (Golden Palace)","Golden Palace","4","5","A","ایروان، خیابان شمالی 11","40.1804173","44.5148514","1","2026-02-22 12:19:42","2026-02-22 12:53:09"
"1157","216","دابل تری بای هیلتون (Doubletree by Hilton)","Doubletree by Hilton","4","4","A","ایروان، خیابان گریگور یوساووریچ، پلاک 4/2","40.1719953","44.5083431","1","2026-02-22 12:19:42","2026-02-22 12:53:09"
"1158","216","آنی پلازا (Ani Plaza)","Ani Plaza","4","4","A","ایروان، خیابان سایات نوا، پلاک 19","40.1833336","44.5197053","1","2026-02-22 12:19:42","2026-02-22 12:53:09"
"1159","216","نوا (Nova)","Nova","4","4","A","ایروان، خیابان سایات نوا، پلاک 10/5","40.1823800","44.5195327","1","2026-02-22 12:19:42","2026-02-22 12:53:09"
"1160","216","کنیاک (Konyak)","Konyak","4","4","A","ایروان، خیابان رستومی 24","40.1672387","44.5178992","1","2026-02-22 12:19:42","2026-02-22 12:53:09"
"1161","216","متروپل (Metropol)","Metropol","4","4","A","ایروان، خیابان ماشتوتس، پلاک 2","40.1742201","44.5017400","1","2026-02-22 12:19:42","2026-02-22 12:53:09"
"1162","216","سنترال (Central)","Central","4","4","A","ایروان، خیابان زاکیان، پلاک 7/1","40.1776903","44.5082763","1","2026-02-22 12:19:42","2026-02-22 12:53:09"
"1163","216","آکواتک ریزورت (Aquatek Resort)","Aquatek Resort","4","3","A","ایروان، خیابان میاسنیکیان، پلاک 40/2","40.2058107","44.5596658","1","2026-02-22 12:19:42","2026-02-22 12:53:09"
"1164","216","آلبا (Alba)","Alba","4","3","A","ایروان، خیابان پروشیان، لاین اول، ساختمان شماره 32","40.1900867","44.5052118","1","2026-02-22 12:19:42","2026-02-22 12:53:09"
"1165","69","قوام",NULL,"4","1","B","شیراز، دروازه اصفهان، کوچه افراسیابی","29.6214357","52.5500032","1","2026-02-22 12:19:42","2026-02-22 12:53:09"
"1166","217","جی دبلیو ماریوت آبشرون (JW Marriott Absheron)","e6129123b","4","5","A","باکو، منطقه ی نسیمی، میدان آزادلیک، پلاک 674","40.3747264","49.8567962","1","2026-02-22 12:19:42","2026-02-22 12:53:09"
"1167","217","فیرمونت فلیم تاورز (Fairmont Flame Towers)","d03faa1dc","4","5","A","باکو، منطقه ی سباییل، خیابان مهدی حسین، 1A","40.3595348","49.8265363","1","2026-02-22 12:19:42","2026-02-22 12:53:09"
"1168","217","ماریوت بولوارد (Marriott Boulevard)","673de73e0f","4","5","A","باکو، شهر سفید باکو، خیابان خاقانی رستموف 4C","40.3749353","49.8836137","1","2026-02-22 12:19:42","2026-02-22 12:53:09"
"1169","179","آسمان جنوب",NULL,"5","1","C","خوزستان، دزفول، خیابان حضرت رسول بین طالقانی و نبوت، جنب درمانگاه تامین اجتماعی","32.3777351","48.4060732","1","2026-02-22 12:19:42","2026-02-22 12:53:09"
"1170","90","تورال کندوان",NULL,"3","1","C","تبریز، اسکو، دهکده توریستی صخره ای کندوان، کوچه گیله جان (گیله جان جاباسی)","37.7961390","46.2463247","1","2026-02-22 12:19:42","2026-02-22 12:53:09"
"1171","217","شاه پالاس (Shah Palace)","702f16f","4","4","A","باکو، منطقه ی سبایی، خیابان قوشا قلعه، پلاک 47","40.3680492","49.8363634","1","2026-02-22 12:19:42","2026-02-22 12:53:09"
"1172","42","آرماندیس",NULL,"4","4","B","اصفهان، خیابان کاوه، نبش کوچه 18","32.6807063","51.6718910","1","2026-02-22 12:19:42","2026-02-22 12:53:09"
"1173","217","وینتر پارک (Winter Park)","6894239ea","4","4","A","باکو، منطقه ی نسیمی، خیابان میرزاقا علیف، پلاک 210","40.3757770","49.8370809","1","2026-02-22 12:19:42","2026-02-22 12:53:09"
"1174","217","گرند (Grand)","9d3198e","4","4","A","باکو، یاسامال، میدان فوزولی، پارک فوزولی، تقاطع خیابان زرگر پالان","40.3758562","49.8311443","1","2026-02-22 12:19:42","2026-02-22 12:53:09"
"1175","194","کوهاب",NULL,"10","1","C","اصفهان، شهرستان نطنز، بلوار شهید بهشتی، جنب اداره فنی و حرفه ای","33.5170227","51.9060903","1","2026-02-22 12:19:42","2026-02-22 12:53:09"
"1176","10","صدف",NULL,"4","1","C","اهواز، کیانپارس، خیابان سروش غربی، فاز سوم پلاک ۹۷","30.5517438","49.1889335","1","2026-02-22 12:19:42","2026-02-22 12:53:09"
"1177","217","اونیو (Avenue)",NULL,"4","4","A","باکو، خیابان حیدر علی اف، پلاک 96A","40.4116832","49.8978276","1","2026-02-22 12:19:42","2026-02-22 12:53:09"
"1178","217","سفایر این (Sapphire Inn)","4a6a988b8e","4","4","A","باکو، منطقه ی سباییل، خیابان حسن عبدالله اف، پلاک 5","40.3687655","49.8289383","1","2026-02-22 12:19:42","2026-02-22 12:53:09"
"1179","12","ایثار",NULL,"4","3","C","سمنان، میدان استاندارد، مسکن مهر، پشت مصلی","35.5942451","53.4216254","1","2026-02-22 12:19:42","2026-02-22 12:53:10"
"1180","39","زیتون",NULL,"4","3","B","تهران، اتوبان هاشمی رفسنجانی غرب به شرق، نرسیده به اتوبان کردستان، داخل مجتمع مسکونی فجر","35.7753054","51.4008001","1","2026-02-22 12:19:42","2026-02-22 12:53:10"
"1181","7","جمالی",NULL,"5","1","C","مشهد، خیابان امام رضا، امام رضا ۸، کوچه دوم سمت چپ","36.2794589","59.6116812","1","2026-02-22 12:19:42","2026-02-22 12:53:10"
"1182","215","بیلتمور (The Biltmore)","The Biltmore","4","5","A","تفلیس، منطقه ی تاتسمیندا، خیابان روستاولی، پلاک 29","41.7021962","44.7943593","1","2026-02-22 12:19:42","2026-02-22 12:53:10"
"1183","215","پولمن اکسس تاورز (Pullman Axis Towers)","Pullman Axis Towers","4","5","A","تفلیس، منطقه ی واکه، خیابان چاوچاوادزه، پلاک 37","41.7117495","44.7562047","1","2026-02-22 12:19:42","2026-02-22 12:53:10"
"1184","39","روما",NULL,"4","2","B","عباس آباد انتهای خیابان بهشتی بعد از تقاطع میرزای شیراژی به سمت ولیعصر سمت چپ هتل روما","35.7272450","51.4146707","1","2026-02-22 12:19:42","2026-02-22 12:53:10"
"1185","215","پریفرنس هوالینگ (Preference Hualing)","Preference Hualing","4","5","A","تفلیس، خیابان جوزف پیلسودسکی","41.7155935","44.8736020","1","2026-02-22 12:19:42","2026-02-22 12:53:10"
"1186","218","افصح الدوله",NULL,"10","1","B","استان اصفهان ،شهر بادرود ،خ امام خمینی،خ طالقانی،میدان امام حسین ،کوی گلستان،محله باغ،کوی ایرج ،پلاک ۶","33.6871274","52.0078995","1","2026-02-22 12:19:42","2026-02-22 12:53:10"
"1187","70","شهرداری",NULL,"4","1","B","خرم آباد، خیابان شریعتی، خیابان گرین، بالاتر از پارک","33.4817706","48.3613270","1","2026-02-22 12:19:42","2026-02-22 12:53:10"
"1188","7","سرای نور",NULL,"5","2","B","مشهد، خیابان امام رضا(ع)، امام رضا ۳۹ بعد از چهارراه سوم پلاک ۸۵، هتل آپارتمان سرای نور","36.2729336","59.5971097","1","2026-02-22 12:19:42","2026-02-22 12:53:10"
"1189","46","لیلی",NULL,"4","1","B","کاشان،چهار راه کاشانی،سه راه ملک آباد","33.9849809","51.4383676","1","2026-02-22 12:19:42","2026-02-22 12:53:10"
"1190","215","روستاولی پالاس (Rustaveli Palace)","Rustaveli Palace","4","4","A","تفلیس، خیابان اکاترین گاباشویلی، پلاک 10","41.7008251","44.7951564","1","2026-02-22 12:19:42","2026-02-22 12:53:10"
"1191","215","ریور ساید (River Side)","River Side","4","4","A","تفلیس، منطقه ی متاتسمیندا، پیچ ماری بروس، سمت راست متکواری","41.7017843","44.7998881","1","2026-02-22 12:19:42","2026-02-22 12:53:10"
"1192","215","آیوانی (Aivani)","Aivani","4","4","A","تفلیس، خیابان سامقبرو، پلاک 21","41.6889242","44.8099804","1","2026-02-22 12:19:42","2026-02-22 12:53:10"
"1193","215","ایبیس باجت تفلیس سنتر (Ibis Budget Tbilisi Center)","Ibis Budget Tbilisi Center","4","3","A","تفلیس، خیابان گئورگی آخودیانی، پلاک 22","41.7068531","44.7886705","1","2026-02-22 12:19:42","2026-02-22 12:53:10"
"1194","7","سی و سه پل","b5e5b2e","4","1","B","مشهد خیابان امام رضا ع ، خیابان دانش شرقی ( شهید حنایی12 ) ، نبش رجب زاده 14","36.2790147","59.6131420","1","2026-02-22 12:19:42","2026-02-22 12:53:10"
"1195","210","لیلا (Leela)","Leela","4","4","A","دبی، خیابان 27، نزدیک مرکز خرید سیتی سنتر دیره","25.2524423","55.3355335","1","2026-02-22 12:19:42","2026-02-22 12:53:10"
"1196","42","کیانپور","Kianpour","1","1","B","اصفهان، خیابان چهارباغ پایین، کوچه پشت بارو(14)، کوچه شهید بحرینیان، بن بست گل داوودی","32.6671981","51.6691205","1","2026-02-22 12:19:42","2026-02-22 12:53:10"
"1197","112","خزرماسال","8ac6caa6bd","4","2","B","گيلان، کیلومتر ۸ جاده رشت به انزلی، کمربندی خمام، بعد از ميدان ولي عصر به سمت انزلي، اولين دور برگردان سمت چپ، هتل خزر ماسال","37.3958424","49.6683511","1","2026-02-22 12:19:42","2026-02-22 12:53:10"
"1198","63","فیروزه",NULL,"9","2","B","خیابان امام خمینی، کوچه 65 پلاک 13","34.6443424","50.8779421","1","2026-02-22 12:19:42","2026-02-22 12:53:10"
"1199","183","سیلوانه","b387c2de7a","6","2","B","گیلان، کیلومتر 27 جاده فومن به ماسوله، ابتدای لارچشمه","37.1604408","49.0519524","1","2026-02-22 12:19:42","2026-02-22 12:53:10"
"1200","68","بام سان",NULL,"6","2","B","قزوین، بوستان ملی باراجین، مجموعه اقامتی و گردشگری بام سان","36.3462286","50.0637141","1","2026-02-22 12:19:42","2026-02-22 12:53:10"
"1201","151","ساحل سینگو",NULL,"3","0","B","جزیره قشم، ساحل خلیج دیرستان","26.7316233","55.8855407","1","2026-02-22 12:19:42","2026-02-22 12:53:10"
"1202","204","ریفرم (Reform)","Reform","4","3","A","وان، منطقه ی حافظیه، خیابان اسکی جزاوی، پلاک 12","38.5011029","43.3836720","1","2026-02-22 12:19:43","2026-02-22 12:53:10"
"1203","204","رامادا (Ramada)","Ramada","4","4","A","وان، منطقه ی ینی، خیابان ساحل، پلاک 52","38.4297890","43.3031496","1","2026-02-22 12:19:43","2026-02-22 12:53:10"
"1204","204","گرند (Grand)","Grand","4","4","A","وان، منطقه ی شرفیه، خیابان عرفان باشتوگ، پلاک 4","38.5028467","43.3956938","1","2026-02-22 12:19:43","2026-02-22 12:53:10"
"1205","39","ترنج","Toranj","9","2","B","تهران، پل کریمخان، خیابان ایرانشهر، کوچه قصرالدشتی، پلاک ۷","35.7139019","51.4185589","1","2026-02-22 12:19:43","2026-02-22 12:53:10"
"1206","17","برج ساعت",NULL,"4","3","B","مازندران،بابلسر،خیابان فلسطین،نبش کوچه شقایق","36.7036721","52.6463788","1","2026-02-22 12:19:43","2026-02-22 12:53:10"
"1207","214","اسکای تاور (Sky Tower)","Sky Tower","4","5","A","باتومی، خیابان شریف خیمشیاشویلی، میدان مجسمه","41.6401712","41.6138510","1","2026-02-22 12:19:43","2026-02-22 12:53:10"
"1208","214","جی آر دبلیو ولموند (JRW Welmond)","JRW Welmond","4","5","A","باتومی، خیابان شاوشتی","41.6457054","41.6489223","1","2026-02-22 12:19:43","2026-02-22 12:53:10"
"1209","214","گرند گلوریا (Grand Gloria)","Grand Gloria","4","5","A","باتومی، خیابان شریف خیمشیاشویلی، پلاک 22","41.6361100","41.6070856","1","2026-02-22 12:19:43","2026-02-22 12:53:10"
"1210","214","کولوسئوم مارینا (Colosseum Marina)","Colosseum Marina","4","5","A","باتومی، خیابان شریف خیمشیاشویلی، پلاک 16","41.6375809","41.6093267","1","2026-02-22 12:19:43","2026-02-22 12:53:10"
"1211","214","نیو ویو (New Wave)","New Wave","4","4","A","باتومی، خیابان ژیولی شارتاوا، پلاک 10","41.6386713","41.6177479","1","2026-02-22 12:19:43","2026-02-22 12:53:10"
"1212","214","لندن (London)","London","4","4","A","باتومی، خیابان گئورگی مازنیاشویلی، پلاک 52","41.6480158","41.6415690","1","2026-02-22 12:19:43","2026-02-22 12:53:10"
"1213","214","اسکای این (Sky Inn)","Sky Inn","4","4","A","باتومی، خیابان کوبالادزه، پلاک 2","41.6349093","41.6074315","1","2026-02-22 12:19:43","2026-02-22 12:53:10"
"1214","214","آکوآ باتومی (Aqua Batumi)","Aqua Batumi","4","4","A","باتومی، خیابان لچ و ماریا کازینسکی، پلاک 23","41.6207772","41.5902634","1","2026-02-22 12:19:43","2026-02-22 12:53:10"
"1215","214","ایبریا (Iberia)","Iberia","4","3","A","باتومی، خیابان باگراتیونی، پلاک 200A","41.6314088","41.6161199","1","2026-02-22 12:19:43","2026-02-22 12:53:10"
"1216","72","کوچه حنا",NULL,"3","3","C","یزد میدان آزادی(باغ ملی)بلوار طالقانی روبه روی کلینیک خاتم الانبیا بعداز مسجد رسولیان نبش کوچه هشتم","31.8862869","54.3648592","1","2026-02-22 12:19:43","2026-02-22 12:53:10"
"1217","69","والاد",NULL,"3","2","B","شیراز،خیابان لطفعلی خان زند،کوچه 36,پلاک 18،خانه سنتی والاد","29.6100021","52.5493996","1","2026-02-22 12:19:43","2026-02-22 12:53:10"
"1218","206","هیلتون (Hilton)","Hilton","4","5","A","آنکارا، منطقه ی کاواکلیدره، خیابان تهران، پلاک 12","39.9019557","32.8638011","1","2026-02-22 12:19:43","2026-02-22 12:53:10"
"1219","206","شرایتون کانونشن سنتر (Sheraton Convention Center)","Sheraton Convention Center","4","5","A","آنکارا، منطقه ی کاواکلیدره، خیابان نوکتالی","39.8998439","32.8642742","1","2026-02-22 12:19:43","2026-02-22 12:53:10"
"1220","206","هالیدی این کوکورامبار (Holiday Inn Cukurambar)","Holiday Inn Cukurambar","4","5","A","آنکارا، منطقه ی جانکایا، محله ی ایسکی بلوکلاری، خیابان 1484، پلاک 3","39.8947622","32.8119525","1","2026-02-22 12:19:43","2026-02-22 12:53:10"
"1221","206","دمورا (Demora)","Demora","4","4","A","آنکارا، منطقه ی کاواکلیدره، خیابان عزت، پلاک 51","39.9117484","32.8602319","1","2026-02-22 12:19:43","2026-02-22 12:53:10"
"1222","206","کلاس (Class)","Class","4","4","A","آنکارا، منطقه ی کاواکلیدره، خیابان بستکار، پلاک 64","39.9085814","32.8590531","1","2026-02-22 12:19:43","2026-02-22 12:53:10"
"1223","207","موون پیک (Movenpick)","Movenpick","4","5","A","ازمیر، منطقه ی آلسانجاک، پاشاپورت، خیابان جمهوری، پلاک 138","38.4281462","27.1340655","1","2026-02-22 12:19:43","2026-02-22 12:53:10"
"1224","207","اونتور (Ontur)","Ontur","4","4","A","ازمیر، منطقه ی کوناک، محله ی عصمت کاپتان؛ بلوار قاضی، پلاک 130","38.4236362","27.1412767","1","2026-02-22 12:19:43","2026-02-22 12:53:10"
"1225","207","دابل تری بای هیلتون آلسانجاک (Doubletree by Hilton Alsancak)","Doubletree by Hilton Alsancak","4","4","A","ازمیر، منطقه ی کوناک، محله ی عصمت کاپتان، کوچه1373، پلاک 5","38.4272317","27.1395986","1","2026-02-22 12:19:43","2026-02-22 12:53:10"
"1226","207","کایا پرستیژ (Kaya Prestige)","Kaya Prestige","4","4","A","ازمیر، منطقه ی کناک، محله ی عصمت کاپتان، کوچه ی 1371، پلاک 7","38.4250633","27.1388274","1","2026-02-22 12:19:43","2026-02-22 12:53:10"
"1227","207","رامادا انکور (Ramada Encore)","Ramada Encore","4","4","A","ازمیر، منطقه ی بالکووار، خیابان متهت پاشا، پلاک 44","38.3947472","27.0439141","1","2026-02-22 12:19:43","2026-02-22 12:53:10"
"1228","207","کاراجا (Karaca)","Karaca","4","4","A","ازمیر، منطقه ی کناک، محله ی عصمت کاپتان، کوچه ی شوکت اوزچلیک، پلاک 55","38.4267397","27.1371067","1","2026-02-22 12:19:43","2026-02-22 12:53:10"
"1229","7","مروارید شرق",NULL,"2","2","B","امام رضا ۸ چهارراه سوم سمت چپ","36.2791085","59.6125042","1","2026-02-22 12:19:43","2026-02-22 12:53:10"
"1230","39","شیرون",NULL,"9","1","C","ضلع شمالی اتوبان رسالت نرسیده به سیدخندان نبش خیابان ۱۴ خواجه عبدالله پلاک ۱۲۵۱","35.7414448","51.4565583","1","2026-02-22 12:19:43","2026-02-22 12:53:10"
"1231","39","ریتز","da0b7ff7ce","4","4","A","تهران - میدان ولیعصر - بالاتر از میدان - اول خیابان شهامتی - پلاک ۳۷","35.7135082","51.4079825","1","2026-02-22 12:19:43","2026-02-22 12:53:10"
"1232","72","آلما",NULL,"1","0","A","خیابان سید گلسرخ کوچه شاه ابوالقاسم اولین کوچه سمت چپ پلاک ۲۲","31.9060038","54.3676602","1","2026-02-22 12:19:43","2026-02-22 12:53:10"
"1233","212","سیام بی شور (Siam Bayshore)","Siam Bayshore","4","4","A","پاتایا، جاده ساحلی 559","12.9243682","100.8688072","1","2026-02-22 12:19:43","2026-02-22 12:53:10"
"1234","212","بستون پاتایا (Beston Pattaya)","ac7170254b","4","4","A","پاتایا، منطقه ی بانگ لامونگ، محله ی تومبول، جاده ی اس پاتایا، پلاک 10","12.9214191","100.8837618","1","2026-02-22 12:19:43","2026-02-22 12:53:10"
"1235","212","گاردن سی ویو (Garden Sea View)","d7e388c15c","4","4","A","پاتایا، منطقه ی بانگ لامونگ، جاده ی نا-کلو، پلاک 207","12.9737340","100.8930252","1","2026-02-22 12:19:43","2026-02-22 12:53:10"
"1236","212","مرکور پاتایا اوشن (Mercure Pattaya Ocean)","effd4d287b","4","4","A","پاتایا، منطقه ی بانگ لامونگ، کوچه ی پاتایا 2، پلاک 463","12.9473720","100.8870922","1","2026-02-22 12:19:43","2026-02-22 12:53:10"
"1237","212","میت بیچ (Mytt Beach)","9f2e8b10f","4","5","A","پاتایا، منطقه ی بانگ لامونگ، موانگ پاتایا، کوچه پاتایا 3، پلاک 10","12.9452040","100.8866619","1","2026-02-22 12:19:43","2026-02-22 12:53:10"
"1238","212","آوانی پاتایا ریزورت (Avani Pattaya Resort)","0d1cc850fc","4","5","A","پاتایا، منطقه ی بانگ لامونگ، موانگ پاتایا، جاده ی ساحلی، پلاک 218","12.9288917","100.8786653","1","2026-02-22 12:19:43","2026-02-22 12:53:10"
"1239","63","آراسته",NULL,"4","1","A","قم، چهارراه غفاری، خیابان ایستگاه، بین کوچه 12و 14 پلاک 288","34.6475165","50.8757258","1","2026-02-22 12:19:43","2026-02-22 12:53:10"
"1240","132","دیاکو",NULL,"4","4","A","ارومیه، جاده بند، بلوار جام جم، هتل دیاکو پالاس","37.5106436","45.0229392","1","2026-02-22 12:19:43","2026-02-22 12:53:10"
"1241","151","الوند 2 درگهان","7a0d82d","4","1","B","قشم، شهر درگهان، بلوار ساحلی، روبروی پاساژ الماس","26.9682935","56.0742755","1","2026-02-22 12:19:43","2026-02-22 12:53:10"
"1242","151","الیت",NULL,"5","1","A","هرمزگان-جزیره قشم-منطقه طولا-روبروی دانشگاه پیام نور","26.9745386","56.2350007","1","2026-02-22 12:19:43","2026-02-22 12:53:10"
"1243","211","آماری واترگیت (Amari Watergate)","69ce","4","5","A","بانکوک، منطقه ی راتچاتوی، محله ی خوئنگ تانون فایا تای، خیابان فتچابوری، پلاک 847","13.7509420","100.5400967","1","2026-02-22 12:19:43","2026-02-22 12:53:10"
"1244","211","پولمن بانکوک جی (Pullman Bangkok G)","1bdc74debc","4","5","A","بانکوک، منطقه ی بانگ راک، محله ی خوئنگ سیریا وونگ، خیابان سیلوم 188","13.7260425","100.5258270","1","2026-02-22 12:19:43","2026-02-22 12:53:10"
"1245","211","برکلی پراتونام (The Berkeley Pratunam)","54b6b5642f","4","5","A","بانکوک، منطقه ی راتچاتوی، محله ی ماکاسان، خیابان راتچاپراروپ، پلاک 559","13.7501414","100.5428278","1","2026-02-22 12:19:43","2026-02-22 12:53:10"
"1246","211","سنتارا گرند ات سنترال ورلد (Centara Grand at Centralworld)","f25d72acd","4","5","A","بانکوک، منطقه ی پاتوم وان","13.7478031","100.5386461","1","2026-02-22 12:19:43","2026-02-22 12:53:10"
"1247","211","لنکستر (Lancaster)","f20062a","4","5","A","بانکوک، منطقه ی هوای خوانگ، محله ی بانگ کاپی، خیابان پتچابوری، پلاک 1777","13.7487442","100.5669664","1","2026-02-22 12:19:43","2026-02-22 12:53:10"
"1248","211","متروپل (Metropole)","79ab9f05e","4","5","A","بانکوک، منطقه ی هوای خوانگ، محله ی بانگ کاپی، خیابان پتچابوری جدید، پلاک 2802","13.7438708","100.5856414","1","2026-02-22 12:19:43","2026-02-22 12:53:10"
"1249","211","پرنس پالاس (Prince Palace)","0b2cf2a6cf","4","4","A","بانکوک، منطقه ی پوم پراپ ساترو فای، محله ی خلونگ ماها ناک، خیابان دامرونگ راک، پلاک 488","13.7539794","100.5157497","1","2026-02-22 12:19:43","2026-02-22 12:53:10"
"1250","211","بایوک اسکای (Baiyoke Sky)","195ab","4","4","A","بانکوک، منطقه ی راتچاتوی، محله ی تانون پایا تای، خیابان راتچاپراروپ، پلاک 222","13.7542580","100.5403553","1","2026-02-22 12:19:43","2026-02-22 12:53:10"
"1251","211","مونتین سوراوونگ (Montien Surawong)","40b0e9bbc","4","5","A","بانکوک، منطقه ی بانگ راک، محله ی سیلوم، خیابان تانون سوراوونگ، پلاک 54","13.7305867","100.5311469","1","2026-02-22 12:19:43","2026-02-22 12:53:10"
"1252","49","سنتی آریو",NULL,"10","4","B","ایران،کرمانشاه، میدان شهناز، ابتدای خیابان شریعتی، نبش کوی برنجی","34.3093609","47.0687742","1","2026-02-22 12:19:43","2026-02-22 12:53:10"
"1253","7","پانیذ",NULL,"4","2","A","مشهد مقدس، خیابان امام رضا ع ،امام رضا 23 پلاک 779","36.2752204","59.6043120","1","2026-02-22 12:19:43","2026-02-22 12:53:10"
"1254","62","عمارت قجری",NULL,"1","1","A","ابرکوه، خیابان نسفی، کوچه پارک بانوان، جنب مدرسه فولاد گر، مجموعه عمارت قجری","31.1270290","53.2892113","1","2026-02-22 12:19:43","2026-02-22 12:53:10"
"1255","63","پردیس",NULL,"2","1","A","قم، خیابان انقلاب، کوچه 12، پلاک 8","34.6393894","50.8859233","1","2026-02-22 12:19:43","2026-02-22 12:53:10"
"1256","7","میهمان",NULL,"4","1","B","خیابان امام رضا ع امام رضا 40 پلاک 27","36.2703373","59.6020794","1","2026-02-22 12:19:43","2026-02-22 12:53:10"
"1257","7","دانشگاه فردوسی",NULL,"13","1","B","مشهد، بلوار پیروزی ( رضاشهر )، نبش رضوی ۲۱","36.3007449","59.5335858","1","2026-02-22 12:19:43","2026-02-22 12:53:10"
"1258","72","شهر جهان",NULL,"1","3","A","یزد، خیابان امام خمینی، ابتدای خیابان مسجد جامع","31.8993448","54.3711854","1","2026-02-22 12:19:43","2026-02-22 12:53:10"
"1259","5","بزرگ ملک (ناسیونال)",NULL,"4","3","A","لاهیجان، کیلومتر ۳ جاده لنگرود، هتل ناسیونال","37.2010514","50.0631073","1","2026-02-22 12:19:43","2026-02-22 12:53:10"
"1260","7","طبرستان",NULL,"4","2","B","مشهد، خیابان شیرازی، شیرازی 3، کوچه ملاهاشم","36.2924899","59.6144522","1","2026-02-22 12:19:43","2026-02-22 12:53:10"
"1261","151","آرتمیس",NULL,"4","4","A","قشم،چهار راه پردیس،بلوار ولیعصر،کوچه کاوان ۱","26.9527156","56.2738020","1","2026-02-22 12:19:43","2026-02-22 12:53:10"
"1262","151","آلاله سام و زال",NULL,"4","3","B","قشم، میدان شهدا، بلوار آزادگان، ورودی اول شهرک سام و زال، بعد از پیچ","26.9500542","56.2636190","1","2026-02-22 12:19:43","2026-02-22 12:53:10"
"1263","99","وارنا",NULL,"6","3","A","استان گلستان، شهرستان گنبد کاووس، ضلع شمالی دریاچه مصنوعی گنبد","37.2207587","55.1693697","1","2026-02-22 12:19:43","2026-02-22 12:53:10"
"1264","58","مادر",NULL,"4","3","B","گیلان.بندرانزلی، ساحل قو، خیابان اطباء بعد از ساحل سوم هتل مادر","37.4723761","49.5027821","1","2026-02-22 12:19:43","2026-02-22 12:53:10"
"1265","72","صفی خانی",NULL,"10","3","A","یزد، خیابان سید گلسرخ، کوچه شاه ابوالقاسم، پارکینگ شاه ابوالقاسم","31.9030964","54.3692326","1","2026-02-22 12:19:43","2026-02-22 12:53:10"
"1266","49","سنتی","80ff81ba6a","10","3","B","کرمانشاه، میدان غدیر، خیابان اشک تلخ، کوی هندی رضوی پلاک 6","34.3123238","47.0705356","1","2026-02-22 12:19:43","2026-02-22 12:53:10"
"1267","42","دانشمند",NULL,"4","3","A","اصفهان، خيابان كاوه، رو به روي ترمينال باب الدشت","32.6765020","51.6715116","1","2026-02-22 12:19:43","2026-02-22 12:53:10"
"1268","213","کرست ریزورت پول ویلاز (Crest Resort Pool Villas)","a9b742e","4","5","A","پوکت، منطقه ی کاتو، ساحل پاتونگ، محله ی تری ترانگ، خیابان موئن گرن، پلاک 95","7.8821469","98.2765588","1","2026-02-22 12:19:43","2026-02-22 12:53:10"
"1269","213","سری پانوا لاکچری پول ویلا (Sri Panwa Luxury Pool Villa)","336f4c11e","4","5","A","پوکت، ساحل پانوا، منطقه ی موانگ، محله ی تومبون ویچیت، خیابان ساکدیدچ، پلاک 88","7.8020049","98.4109823","1","2026-02-22 12:19:43","2026-02-22 12:53:10"
"1270","213","نیچر (The Nature)","cfb","4","5","A","پوکت، منطقه ی کاتو، ساحل شمالی پاتونگ، خیابان پرابارامی، پلاک 322","7.9150653","98.2929144","1","2026-02-22 12:19:43","2026-02-22 12:53:10"
"1271","213","رویال پارادایس (The Royal Paradise)","db","4","4","A","پوکت، ساحل پاتونگ، خیابان پی، پلاک 200","7.8952404","98.3002105","1","2026-02-22 12:19:44","2026-02-22 12:53:10"
"1272","213","تاورن بیچ ویلیج (Thavorn Beach Village)","bd32728f","4","4","A","پوکت، منطقه ی کاتو، ساحل کامالا، خلیج ناکالای، پلاک 6/2","7.9262910","98.2735967","1","2026-02-22 12:19:44","2026-02-22 12:53:10"
"1273","213","مانداراوا ریزورت (Mandarava Resort)","f2b1d672b","4","4","A","پوکت، ساحل کارون، خیابان پاتاک، پلاک 24","7.8564050","98.2960150","1","2026-02-22 12:19:44","2026-02-22 12:53:10"
"1274","25","درکا",NULL,"5","2","A","آبادان، خیابان ساحلی، جنب اداره ثبت اسناد و املاک آبادان، نبش خیابان دبستان","30.3282174","48.2849167","1","2026-02-22 12:19:44","2026-02-22 12:53:10"
"1275","213","بامنبوری (Baumanburi)","4d2b1ab","4","4","A","پوکت، ساحل پاتونگ، خیابان رات یو تیت 200 پی، پلاک 239/1","7.8863137","98.2945901","1","2026-02-22 12:19:44","2026-02-22 12:53:10"
"1276","213","پاتونگ هریتیج (Patong Heritage)","b4b3f03c","4","4","A","پوکت، منطقه ی کاتو، پاتونگ، خیابان رات یوتیت سونگ روی پی، پلاک 205/1","7.8894412","98.2967419","1","2026-02-22 12:19:44","2026-02-22 12:53:10"
"1277","69","ورتاج",NULL,"1","1","B","شیراز، خیابان کریم خان زند، کوچه ۱۱، بازارچه فیل","29.6113464","52.5508461","1","2026-02-22 12:19:44","2026-02-22 12:53:10"
"1278","42","مانی",NULL,"4","3","A","اصفهان، خیابان استانداری، بعد از چهارراه فرشادی","32.6519071","51.6759871","1","2026-02-22 12:19:44","2026-02-22 12:53:10"
"1279","10","عمارت مرمر",NULL,"4","3","B","اهواز، کیانپارس، خیابان ۹شرقی، پلاک ۴۰ هتل عمارت مرمر","31.3465731","48.6890167","1","2026-02-22 12:19:44","2026-02-22 12:53:10"
"1280","46","عمارت محمودیه",NULL,"1","1","B","کاشان، میدان کمال الملک، خیابان فاضل نراقی، کوچه 28","33.9783154","51.4435525","1","2026-02-22 12:19:44","2026-02-22 12:53:10"
"1281","7","آبادگران",NULL,"6","1","A","مشهد، بزرگراه شهید قاسم سلیمانی، شهید سلیمانی 5، بلوار آبادگران، میدان سلام","36.2698411","59.5507147","1","2026-02-22 12:19:44","2026-02-22 12:53:10"
"1282","42","شیخ لطف الله",NULL,"10","1","C","آدرس: اصفهان، میدان نقش جهان ، بازار شیخ لطف الله ، کوچه کلاهدوزان ، بن بست لاله","32.6566502","51.6800844","1","2026-02-22 12:19:44","2026-02-22 12:53:10"
"1283","7","خانواده","b078d4503b","4","1","B","مشهد خیابان امام رضا 29 نبش چهارراه اول هتل خانواده","36.2737782","59.6008882","1","2026-02-22 12:19:44","2026-02-22 12:53:10"
"1284","46","اشکوب",NULL,"1","2","C","کاشان میدان قاضی اسدالله ، ابتدای ملا محسن ، گذر حاجی ، نبش خاتم نهم ، پلاک ۷۶","33.9790171","51.4361973","1","2026-02-22 12:19:44","2026-02-22 12:53:10"
"1285","151","ساحل سیمین",NULL,"4","4","B","قشم، جاده ساحلی جنوبی، روبروی غارخربس، مجتمع تفریحی اقامتی ساحل سیمین","26.9109549","56.1708984","1","2026-02-22 12:19:44","2026-02-22 12:53:10"
"1286","12","خانه ترنج",NULL,"1","1","A","سمنان، میدان ارگ، چهارراه شهربانی، خیابان شهداری، شهدا ۱۵ عمارت ترنج","35.5684607","53.3955042","1","2026-02-22 12:19:44","2026-02-22 12:53:10"
"1287","72","کهکشان",NULL,"4","3","A","یزد- دروازه قرآن - فرعی اول بلوار نصر ـ ۲ کیلو متر بعد از اکو پارک","31.9606446","54.3291633","1","2026-02-22 12:19:44","2026-02-22 12:53:10"
"1288","151","سلطان","7ab00d7bb","5","2","A","قشم_الهیه خیابان سجادیه پشت آموزش و پرورش","26.9625009","56.2634211","1","2026-02-22 12:19:44","2026-02-22 12:53:10"
"1289","90","رویال پالاس",NULL,"4","4","A","تبریز، جاده ائل گلی، مابین چهارراه گلشهر و میدان ائل گلی، روبروی آپارتمانهای شرکت نفت","38.0373246","46.3573608","1","2026-02-22 12:19:44","2026-02-22 12:53:10"
"1290","38","یلوه","ba4dba192e","4","3","A","گیلان. شهرستان رودسر.انتهای خیابان شهدا.ضلع شرقی جاده ساحلی","37.1581999","50.2965802","1","2026-02-22 12:19:44","2026-02-22 12:53:10"
"1291","39","ستاره ویلا","05cd","4","2","C","خیابان استاد نجات الهی، خیابان اراک پلاک ۳۳","35.7087440","51.4156906","1","2026-02-22 12:19:44","2026-02-22 12:53:10"
"1292","39","ترن","c612d1b","4","2","A","میدان راه آهن ابتدای خیابان شوش شرقی بعد از تقاطع وحدت اسلامی پلاک ۵۷۶ هتل ترن","35.6580565","51.4099638","1","2026-02-22 12:19:44","2026-02-22 12:53:10"
"1293","72","سنتی کتروا","3c39a4752b","10","3","A","یزد، خیابان امام خمینی، کوچه 9 خواجه خضر","31.8908773","54.3672598","1","2026-02-22 12:19:44","2026-02-22 12:53:10"
"1294","7","لوتوس پارسیان ( پارسیان امام رضا )","546bd0c","5","3","B","مشهد مقدس، خیابان امام رضا ع، امام رضا 12","36.2793169","59.6085150","1","2026-02-22 12:19:44","2026-02-22 12:53:10"
"1295","7","قاصدک",NULL,"4","2","B","مشهد مقدس، خیابان امام رضا ع، خیابان امام رضا ۳۳","36.2718153","59.6008275","1","2026-02-22 12:19:44","2026-02-22 12:53:10"
"1296","222","دلنشین","c35ed","5","1","C","کرمانشاه ، جوانرود، کیلومتر دوم جاده سفیدبرگ، ابتدای روستای شیخ الکرم","35.0047169","46.3874922","1","2026-02-22 12:19:44","2026-02-22 12:53:11"
"1297","7","شکوه شارستان","0b9a4bf5f","4","4","B","مشهد، خیابان شیرازی ۵، بین حسن زاده آملی ۱۰ و ۱۲ هتل شکوه شارستان","36.2933530","59.6203671","1","2026-02-22 12:19:44","2026-02-22 12:53:11"
"1298","39","ایده آل","13409bb4b","5","1","B","تهران ، میدان جهاد، کوچه بهرام مصیری ،پلاک10","35.7197509","51.4074373","1","2026-02-22 12:19:44","2026-02-22 12:53:11"
"1299","151","دنیز","45503117e","5","2","A","قشم، بازار قدیم، میدان پاسداران","26.9625742","56.2701064","1","2026-02-22 12:19:44","2026-02-22 12:53:11"
"1300","153","هالیدی","432c2c","6","1","A","رامسر، بالای جاده اربه کله","36.8521223","50.6905190","1","2026-02-22 12:19:44","2026-02-22 12:53:11"
"1301","69","هفت دری","74bbb3d18f","1","1","A","شیراز، خیابان لطفعلی خان زند، تقاطع پیروزی، کوچه ۵۷ پلاک ۲۱","29.6138386","52.5408279","1","2026-02-22 12:19:44","2026-02-22 12:53:11"
"1302","57","گراناز","54382a408f","5","0","A","سیستان و بلوچستان شهرستان چابهار بلوار قدس نبش جانبازان هتل گراناز",NULL,NULL,"1","2026-02-22 12:19:44","2026-02-22 12:19:44"
"1303","28","هیرکانی","871ee60da","5","1","B","چالوس، کمربندی شهید زندی به سمت آزادراه تهران، بعد از پمپ بنزین کاسپین، کوچه گلستان پنجم","36.6628024","51.3979170","1","2026-02-22 12:19:44","2026-02-22 12:53:11"
"1304","223","مروارید جنوب","380a3ac","4","3","B","استان فارس، شهرستان لامرد، فلکه دانشگاه، بلوار جمهوری","27.3429247","53.1776418","1","2026-02-22 12:19:44","2026-02-22 12:53:11"
"1305","151","آتا","b6b61de65f","4","3","B","قشم، بلوار شهید رجایی، جنب مصلی امام علی، روبروی مسجد امام حسین، هتل آتا","26.9659164","56.2658186","1","2026-02-22 12:19:44","2026-02-22 12:53:11"
"1306","42","آوات","672a3b","4","1","A","اصفهان، خیابان نشاط، کوچه شماره بیست، دومین کوچه سمت راست، شرق میدان نقش جهان","32.6560575","51.6815518","1","2026-02-22 12:19:44","2026-02-22 12:53:11"
"1307","200","گرند حیات (Grand Hyatt)","Grand Hyatt","4","5","A","استانبول، منطقه ی شیشلی، محله ی هاربیه، خیابان تاشکیشلا، پلاک 1","28.9886174","41.0406432","1","2026-02-22 12:19:44","2026-02-22 12:53:11"
"1308","200","سوفیتل تکسیم (Sofitel Taksim)","Sofitel Taksim","4","5","A","استانبول، منطقه ی بی اوغلو، محله ی گوموشسویو، خیابان سیراسلویلر، پلاک 13","28.9851237","41.0360518","1","2026-02-22 12:19:44","2026-02-22 12:53:11"
"1309","200","دیوان تکسیم (Divan Taksim)","Divan Taksim","4","5","A","استانبول، منطقه ی شیشلی، میدان تکسیم، خیابان عسکر اجاقی، پلاک 1","28.9870110","41.0411573","1","2026-02-22 12:19:44","2026-02-22 12:53:11"
"1310","200","لازونی (Lazzoni)","Lazzoni","4","5","A","استانبول، منطقه ی بی اوغلو، محله ی سوتلوجی، خیابان ایمراهور، پلاک 14","28.9460670","41.0537887","1","2026-02-22 12:19:44","2026-02-22 12:53:11"
"1311","200","ریچموند (Richmond)","Richmond","4","4","A","استانبول، منطقه ی بی اوغلو، محله ی تومتوم، خیابان استقلال، پلاک 227","28.9755914","41.0297431","1","2026-02-22 12:19:44","2026-02-22 12:53:11"
"1312","200","متروپولیتن تکسیم (Metropolitan Taksim)","Metropolitan Taksim","4","4","A","استانبول، منطقه ی بی اوغلو، محله ی کوجاتپه، خیابان تکسیم، پلاک 89 و 91","28.9821186","41.0405884","1","2026-02-22 12:19:44","2026-02-22 12:53:11"
"1313","200","دورا پرا (Dora Pera)","Dora Pera","4","4","A","استانبول، منطقه ی بی اوغلو، خیابان سیمال، پلاک 14","28.9722217","41.0296785","1","2026-02-22 12:19:44","2026-02-22 12:53:11"
"1314","200","پیک استار (Peak Star)","Peak Star","4","3","A","استانبول، منطقه ی بی اوغلو، میدان تکسیم، خیابان توپکو، پلاک 17","28.9840057","41.0398606","1","2026-02-22 12:19:44","2026-02-22 12:53:11"
"1315","200","گرند هالیک (Grand Halic)","Grand Halic","4","4","A","استانبول، منطقه ی بی اوغلو، بولوار تپه باشی، خیابان رفیق سایدام، پلاک 37","28.9721183","41.0291026","1","2026-02-22 12:19:44","2026-02-22 12:53:11"
"1316","200","آترو (Atro)","Atro","4","4","A","استانبول، منطقه ی شیشلی، محله ی ارجنهکن، خیابان دولاپدره، پلاک 108","28.9848416","41.0472575","1","2026-02-22 12:19:44","2026-02-22 12:53:11"
"1317","200","نیوسیتی (Newcity)","Newcity","4","3","A","استانبول، منطقه ی شیشلی، محله ی بزکورت، خیابان اشرف افندی، پلاک 52","28.9857320","41.0504738","1","2026-02-22 12:19:44","2026-02-22 12:53:11"
"1318","200","گرند میلان (Grand Milan)","Grand Milan","4","3","A","استانبول، منطقه ی فاتح، محله ی کاتب کاسیم، خیابان لانگا حصاری، پلاک 44","28.9558339","41.0048319","1","2026-02-22 12:19:44","2026-02-22 12:53:11"
"1319","58","گل یاس","075ecb13a","2","1","A","بندرانزلی، نرسیده به هتل سفید کنار،جنب جایگاه سوخت گیری قلی‌زاده","37.4970141","49.3708402","1","2026-02-22 12:19:44","2026-02-22 12:53:11"
"1320","153","فلاح","fca18790f","4","2","A","رامسر، بلوار باهنر، جنب پلاژ لیدو","36.9224854","50.6722467","1","2026-02-22 12:19:44","2026-02-22 12:53:11"
"1321","69","شاه پریون","053b9a60c","10","3","A","شیراز، چهارراه مشیر، خیابان قاآنی شمالی، انتهای کوچه ۲۱","29.6150369","52.5372593","1","2026-02-22 12:19:44","2026-02-22 12:53:11"
"1322","39","سنتی تخت جمشید","330fdc4eb","4","1","C","تهران، میدان راه آهن، خیابان ولیعصر، کوچه رکابگردان، پلاک ۹","35.6607084","51.3979701","1","2026-02-22 12:19:44","2026-02-22 12:53:11"
"1323","131","هفت پیکر","5c798ae63d","10","5","A","گرگان، خ امام خمینی، آفتاب نوزده، خانه باقری ها","36.8421865","54.4282835","1","2026-02-22 12:19:44","2026-02-22 12:53:11"
"1324","125","همیاران","9458f","6","1","C","مازندران، فریدونکنار، خیابان ساحلی، ضلع غربی پارک لاله","36.6911619","52.5293874","1","2026-02-22 12:19:44","2026-02-22 12:53:11"
"1325","90","قصر مرمر","0141a80e0d","4","1","A","تبریز، بلوار 29 بهمن، بعد از دروازه تهران، تقاطع هتل مرمر، ابتدای خیابان استاد معین","38.0473184","46.3712932","1","2026-02-22 12:19:44","2026-02-22 12:53:11"
"1326","7","نورالرضا میبد","Nourolreza","4","2","B","مشهد، بلوار وحدت، بلوار ولایت، ولایت 12 ، شهید محمدی 9","36.2828863","59.6301075","1","2026-02-22 12:19:44","2026-02-22 12:53:11"
"1327","204","یاقوت (Yakut)","Yakut","4","3","A","وان منطقه ایپکیولو، محله ی باغچه بان خیابان PTT، پلاک 59","38.4991222","43.3934396","1","2026-02-22 12:19:44","2026-02-22 12:53:11"
"1328","204","دوسکو (Dosco)","Dosco","4","3","A","وان، منطقه ی ایپکیولو، محله ی والی متحت بی، خیابان کوچبی، پلاک 22","38.5077343","43.3893775","1","2026-02-22 12:19:44","2026-02-22 12:53:11"
"1329","90","پاک","d83ebcf","5","1","B","تبریز، میدان شهید فهمیده، به طرف شهرک باغمیشه، کوی فرشته شمالی، جنب قنادی پاک","38.0767153","46.3715489","1","2026-02-22 12:19:44","2026-02-22 12:53:12"
"1330","204","دیمت پارک (Dimet Park)","Dimet Park","4","3","A","وان، منطقه ایپکیولو، بلوار ایرفان باشتوگ, پلاک 10","38.5026890","43.3970998","1","2026-02-22 12:19:44","2026-02-22 12:53:12"
"1331","200","تکسیم لانژ (Taxim Lounge)","Taxim Lounge","4","4","A","استانبول، منطقه ی بی اوغلو، محله ی کاتب مصطفی جلبی، خیابان حسنون گالیپ، پلاک 9","28.9815937","41.0346124","1","2026-02-22 12:19:44","2026-02-22 12:53:11"
"1332","200","آل این (All Inn)","All Inn","4","3","A","استانبول، منطقه ی شیشلی، محله ی اینونو، خیابان دولاپدره، پلاک 78","28.9831264","41.0449977","1","2026-02-22 12:19:44","2026-02-22 12:53:11"
"1333","204","مای دلوکس وان (Mydelux)","Mydelux","4","3","A","وان،منطقه ایپکیولو، بلوار دمیرسیلر پلاک 6","38.5003031","43.3956812","1","2026-02-22 12:19:44","2026-02-22 12:53:12"
"1334","204","روشن سوئیت (Rusen Suite)","Rusen Suite","4","3","A","وان، منطقه ایپکیولو، خیابان آوسیلار","38.4998831","43.3973769","1","2026-02-22 12:19:44","2026-02-22 12:53:12"
"1335","204","نیلز (Nills)","Nills","4","4","A","وان،منطقه اپیکیولو،خیابان گونری پلاک 7","38.4954876","43.3925310","1","2026-02-22 12:19:44","2026-02-22 12:53:12"
"1336","204","پرا وایت (Pera White)","Pera White","4","3","A","وان، منطقه اپیکیولو، خیابان نور بابا پلاک 9","38.4996126","43.3912858","1","2026-02-22 12:19:45","2026-02-22 12:53:12"
"1337","204","رویال برک (Royal Berk)","Royal Berk","4","3","A","وان، منطقه ی مرکزی، خیابان جمهوری، پلاک 5","38.5006737","43.3939358","1","2026-02-22 12:19:45","2026-02-22 12:53:12"
"1338","204","روا ورلد (Rua World)","Rua World","4","4","A","وان،منطقه اپیکیولو،خیابان کیسایولو پلاک 13","38.5041558","43.3974982","1","2026-02-22 12:19:45","2026-02-22 12:53:12"
"1339","204","رویال میلانو (Royal Milano)","Royal Milano","4","4","A","وان،منطقه اپیکیولو،بلوار دیفتردارلیک پلاک 34","38.5059914","43.3958511","1","2026-02-22 12:19:45","2026-02-22 12:53:12"
"1340","204","وان سوئیت (Van suite)","Van Suite","4","3","A","وان، منطقه ی مرکزی، محله ی جمهوری، خیابان جمهوری، مقابل ای وی ام","38.4939890","43.3927946","1","2026-02-22 12:19:45","2026-02-22 12:53:12"
"1341","204","ساردور (Sardur)","Sardur","4","3","A","وان،منطقه اپیکیولو،خیابان فریت میلین","38.4995461","43.3877361","1","2026-02-22 12:19:45","2026-02-22 12:53:12"
"1342","204","رویال پالاس (Royal Palas)","Royal Palas","4","4","A","وان،منطقه اپیکیولو، بلوار باغچیوان","38.5008387","43.3934959","1","2026-02-22 12:19:45","2026-02-22 12:53:12"
"1343","204","تحت پالاس (Taht Palac)","Taht Palac","4","4","A","وان، منطقه اپیکیولو، باغچه بان, خیابان جمهوری، پلاک 92","38.4997966","43.3941149","1","2026-02-22 12:19:45","2026-02-22 12:53:12"
"1344","204","ددمان (Dedeman)","Dedeman","4","5","A","وان، منطقه ی ادرمیت، محله ی اسکی کامی، خیابان ساحل، پلاک 130","38.4266969","43.2471149","1","2026-02-22 12:19:45","2026-02-22 12:53:12"
"1345","63","آبا","Aba","9","1","A","قم، خیابان امیر کبیر، بعد از پل حجتیه، کوچه ۱۵(قم نو)، کوچه شهید موسوی","34.6418094","50.8718115","1","2026-02-22 12:19:45","2026-02-22 12:53:12"
"1346","200","دورا (Dora)","Dora","4","4","A","ترکیه،استانبول،منطقه شیشلی،محله اسکی شهیر، بلوار دولاپدره پلاک 33","28.9870606","41.0520391","1","2026-02-22 12:19:45","2026-02-22 12:53:12"
"1347","200","آوانتگارد (Avantgarde)","Avantgarde","4","4","A","ترکیه، استانبول، منطقه بی اوغلو، بلوار عبدالحق حمید پلاک 42","41.0401694","28.9832090","1","2026-02-22 12:19:45","2026-02-22 12:53:12"
"1348","200","تکسیم گونن (Taksim Gonen)","Taksim Gonen","4","4","A","ترکیه،استانبول، منطقه بیوقلو،بلوار آی ددی پلاک 15","28.9840548","41.0388441","1","2026-02-22 12:19:45","2026-02-22 12:53:12"
"1349","123","عبدی",NULL,"6","1","A","سرعین، خیابان طالقانی، ابتدای سه راه عارف","38.1536829","48.0702232","1","2026-02-22 12:19:45","2026-02-22 12:53:12"
"1350","131","سرای خان","863368a6fb","4","3","A","گرگان، خیابان امام خمینی، آفتاب 15 ، جنب امامزاده نور، بوتیک هتل و کافه سرای خان","36.8423749","54.4275069","1","2026-02-22 12:19:45","2026-02-22 12:53:12"
"1351","194","افوشتا","2c6fc7c75e","1","1","B","نطنز، خیابان شریف واقفی، محله افوشته، کوچه افوشته ۴، جنب آب انبار","33.9986405","51.4371715","1","2026-02-22 12:19:45","2026-02-22 12:53:12"
"1352","204","تامارا (Tamara)","Tamara","4","4","A","وان، مرکز شهر، خیابان یوزباشی اوغلو محله باغچه بان","38.4996682","43.3922643","1","2026-02-22 12:19:45","2026-02-22 12:53:12"
"1353","90","عمارت میرزا مهدی فراش باشی ( سرخه ای )","9fa5a7e","10","4","A","تبریز، خیابان ثقه الاسلام، روبروی امامزاده سید حمزه، کوچه بهروزیه، نبش کوچه بافته چی","38.0851064","46.2994045","1","2026-02-22 12:19:45","2026-02-22 12:53:12"
"1354","39","پارک وی","81ee11c8f","4","3","A","تهران، خیابان ولیعصر، قبل از چهارراه پارک وی، خیابان استقلال، پلاک 7 ، مجموعه فرهنگی ورزشی تلاش","35.7900431","51.4150889","1","2026-02-22 12:19:45","2026-02-22 12:53:12"
"1355","149","اورس","ec22d55fe","3","1","A","شاهرود، کیلومتر ۸جاده مجن-کرگان، جاده پادگان تیپ ۱۰محرم","36.5066298","54.9477196","1","2026-02-22 12:19:45","2026-02-22 12:53:12"
"1356","58","آبشار","86863d638d","4","1","A","بندر انزلی، غازیان، بلوار اطبا، هتل آبشار","37.4738356","49.4961967","1","2026-02-22 12:19:45","2026-02-22 12:53:12"
"1357","39","تهران رویال","fa8d0351d","4","4","A","تهران، بلوار کشاورز،  نبش خیابان طوس، پلاک124","35.7098974","51.4021438","1","2026-02-22 12:19:45","2026-02-22 12:53:12"
"1358","30","فانوس شب","512f9ab3e","7","0","A","گیلان، صومعه سرا، کیلومتر 27 جاده بین المللی فومن_آستارا ، بعد از ضیابر","37.4651913","49.2265714","1","2026-02-22 12:19:45","2026-02-22 12:53:12"
"1359","210","لوا (Leva)","Leva","4","4","A","دبی، جاده ی شیخ زاید، محله ی الوصل، سیتی واک، جنب مرکز خرید مزایا","55.2649753","25.1985244","1","2026-02-22 12:19:45","2026-02-22 12:53:12"
"1360","72","شیخداد","sheykhdad","1","0","A","خیابان انقلاب 5، کوچه شیخداد پلاک51","31.9049058","54.3612424","1","2026-02-22 12:19:45","2026-02-22 12:53:12"
"1361","7","میقات","1e7cd72dec","5","1","C","مشهدمقدس، میدان بسیج، خیابان امام رضا (ع) 28 پلاک 21","36.2736577","59.6057301","1","2026-02-22 12:19:45","2026-02-22 12:53:12"
"1362","76","حوض دال زاگرس","401ab991be","6","0","B","استان کهگیلویه و بویر احمد ، یاسوج ، بین یاسوج به سی سخت ، روستای ده بر آفتاب ، مجتمع اقامتی و گردشگری حوض دال زاگرس","30.7775544","51.5073214","1","2026-02-22 12:19:45","2026-02-22 12:53:12"
"1363","7","کیمیا","188ce","5","1","C","مشهد ، خیابان امام رضا ٨ ، خیابان حنايی ٦","36.2793382","59.6118068","1","2026-02-22 12:19:45","2026-02-22 12:53:12"
"1364","210","میلینیوم پلازا داون تاون (Millennium Plaza Downtown)","Millennium Plaza Downtown","4","5","A","خیابان شیخ زاید، مقابل موزه آینده دبی، نزدیک به مرکز تجارت جهانی دبی","25.2205547","55.2806990","1","2026-02-22 12:19:45","2026-02-22 12:53:12"
"1365","18","جهان آرا","35f4a2302a","4","2","B","خرمشهر . میدان مقبل . بلوار بهارستان ( جانبازان قدیم ) هتل جهان آرا","30.4371499","48.1841460","1","2026-02-22 12:19:45","2026-02-22 12:53:12"
"1366","210","دابل تری بای هیلتون پورت سعید (سیتی سیزنز دیره سابق)","Doubletree by Hilton Port Saeed","4","4","A","دبی، منطقه ی دیره، محله ی پورت سعید، خیابان بیست و هفتم","55.3349626","25.2564768","1","2026-02-22 12:19:45","2026-02-22 12:53:12"
"1367","225","شایگان","f273bf6f","6","0","A","شهرستان بافت، جنب پارک ساحلی","29.2366167","56.6236873","1","2026-02-22 12:19:45","2026-02-22 12:53:12"
"1368","210","ویلا روتانا (Villa Rotana)","Villa Rotana","4","4","A","دبی، منطقه ی الوصل، خیابان شیخ زاید، مقابل ایستگاه عوارض الصفا","55.2615457","25.1945048","1","2026-02-22 12:19:45","2026-02-22 12:53:12"
"1369","210","سان اند سندز (Sun and Sands)","Sun and Sands","4","3","A","دبی، منطقه ی دیره، الرقعه، خیابان 37، برج ساعت","25.2609567","55.3237668","1","2026-02-22 12:19:45","2026-02-22 12:53:12"
"1370","210","سیتی مکس بیزینس بی (Citymax Business Bay)","Citymax Business Bay","4","4","A","دبی، منطقه ی بیزینس بی (خلیج تجاری)، خیابان خلیج تجاری 2","55.2774311","25.1796645","1","2026-02-22 12:19:45","2026-02-22 12:19:45"
"1371","208","سلجوق (Selcuk)","Selcuk","4","4","A","قونیه، محله ی شمس تبریزی، خیابان قازانلی، پلاک 6","37.9541751","27.3702582","1","2026-02-22 12:19:45","2026-02-22 12:53:12"
"1372","208","گرند (Grand)","Grand","4","5","A","قونیه، منطقه ی سلجوقلو، خیابان ینی استانبول، جنب آکادمی، پلاک 231/1","32.5169799","38.0055968","1","2026-02-22 12:19:45","2026-02-22 12:53:12"
"1373","208","ددمان (Dedeman)","Dedeman","4","5","A","قونیه، منطقه ی سلجوقلو، محله ی سیله کاواساگی ایسنلر، خیابان اسپارتا بیسحیر","32.4754440","37.8936544","1","2026-02-22 12:19:45","2026-02-22 12:53:12"
"1374","208","رامادا پلازا (Ramada Plaza)","Ramada Plaza","4","5","A","قونیه، منطقه ی قوروزلوهان، خیابان ینی استانبول، پلاک 58","32.5117421","37.9352147","1","2026-02-22 12:19:45","2026-02-22 12:53:12"
"1375","208","برا (Bera)","Bera","4","4","A","قونیه، منطقه ی سلجوقلو، خیابان محمت هولوسی بیبای، پلاک 9","32.4825724","37.8776838","1","2026-02-22 12:19:45","2026-02-22 12:53:12"
"1376","208","آنمون (Anemon)","Anemon","4","5","A","قونیه، منطقه ی ایشیکلار، خیابان بلن، پلاک 3","32.4816449","37.8945811","1","2026-02-22 12:19:45","2026-02-22 12:53:12"
"1377","208","هیچ (Hich)","Hich","4","4","A","قونیه، منظقه ی کاراتای، محله ی عزیزیه، خیابان جلال، پلاک 6","32.5055055","37.8718133","1","2026-02-22 12:19:45","2026-02-22 12:53:12"
"1378","208","رومی (Rumi)","Rumi","4","3","A","قونیه، منطقه ی کاراتای، محله ی عزیزیه، خیابان فاکه، پلاک 3","32.5045775","37.8721619","1","2026-02-22 12:19:45","2026-02-22 12:53:12"
"1379","208","ایبیس (Ibis)","Ibis","4","3","A","قونیه، منطقه ی سلجوقلو، محله ی شکر، خیابان جوره، پلاک 36","32.4604485","37.8857542","1","2026-02-22 12:19:45","2026-02-22 12:53:12"
"1380","46","سرای عرفانی","SarayeErfani","1","2","A","کاشان، خیابان فاضل نراقی، کوچه حاج بابا عطوف، بعد از گذر سوریجان، پلاک 29","33.9767277","51.4382590","1","2026-02-22 12:19:45","2026-02-22 12:53:12"
"1381","214","ایفوریا (Euphoria)","Euphoria","4","4","A","باتومی، خیابان لخ و ماریا کاژینسکی 1","41.6008906","41.6273337","1","2026-02-22 12:19:45","2026-02-22 12:53:12"
"1382","151","آراکتا","198706972a","4","5","A","قشم، شهرک سام و زال، سام و زال غربی، هتل آراکتا قشم","26.9510726","56.2564654","1","2026-02-22 12:19:45","2026-02-22 12:53:12"
"1383","214","گرند بلاجیو (Grand Bellagio)","Grand Bellagio","4","5","A","باتومی، خیابان لخ و ماریا کاژینسکی 3","41.5985912","41.6255657","1","2026-02-22 12:19:45","2026-02-22 12:53:12"
"1384","215","دنیس (Denis)","Denis","4","4","A","تفلیس، خیابان بربوکی 1","41.7179512","44.7797743","1","2026-02-22 12:19:45","2026-02-22 12:53:12"
"1385","215","الگانت (Elegant)","Elegant","4","3","A","تفلیس، منطقه میکرودی، خیابان وارکتیلی 3","44.8864462","41.7037414","1","2026-02-22 12:19:45","2026-02-22 12:53:12"
"1386","213","دوانجیت (Duangjitt)","00c8e58a4f","4","4","A","پوکت، ساحل پاتونگ، منطقه کاتو، خیابان پراچانوکروه 18",NULL,"7.8845179","1","2026-02-22 12:19:45","2026-02-22 12:53:12"
"1387","151","کارا",NULL,"4","2","A","قشم، بلوار صیادان، نبش کوچه توحید","26.9615780","56.2683491","1","2026-02-22 12:19:45","2026-02-22 12:53:12"
"1388","209","کرومار دلوکس (Korumar Deluxe)","Korumar Deluxe","4","5","A","کوش آداسی، منطقه ی ترکمن، بولوار غازی بجندی","37.8785944","27.2651806","1","2026-02-22 12:19:45","2026-02-22 12:53:12"
"1389","7","رونا",NULL,"4","4","A","خراسان رضوی ،مشهد ،خیابان امام رضا ،خیابان امام رضا  17","36.2776776","59.6059077","1","2026-02-22 12:19:45","2026-02-22 12:53:12"
"1390","151","لاچین","Lachin","4","2","A","قشم، خيابان نخل زرين، خيابان پژوهش","26.9463237","56.2723215","1","2026-02-22 12:19:45","2026-02-22 12:53:12"
"1391","209","سانیس افس رویال (Sunis Efes Royal)","Sunis Efes Royal","4","4","A","کیلومتر 30 جاده ی کوش آداسی- ازمیر، منطقه ی اوزدره، محله ی اوتئالان، خیابان 3026، پلاک 11","27.1337808","37.9902751","1","2026-02-22 12:19:45","2026-02-22 12:53:12"
"1392","204","هالدی (Haldi)","Haldi","4","4","A","وان، منطقه ی ایپکیولو، محله ی شرفیه، خیابان دمیرجیلر، پلاک 21","43.3967182","38.4997522","1","2026-02-22 12:19:45","2026-02-22 12:53:12"
"1393","68","نبوی",NULL,"1","0","C","قزوین، خیابان تهران قدیم، کوچه پیر حصار امامزاده علی، کوچه نبوی، بوتیک هتل نبوی","36.2618363","50.0109814","1","2026-02-22 12:19:45","2026-02-22 12:53:12"
"1394","72","چهارسوق","940993c","3","1","B","یزد چهارراه بعثت به سمت چهارراه دولت آباد کوچه حسینیه بعثت به سه راهی که رسیدید سمت چپ پارکینگ ابوالمعالی پلاک ۲۰","31.9022119","54.3609162","1","2026-02-22 12:19:45","2026-02-22 12:53:12"
"1395","209","ریچموند افسوس (Richmond Ephesus)","Richmond Ephesus","4","5","A","جاده ی ازمیر به کوش آداسی، منطقه ی پاموجاک، محله ی زیتونکوی","27.2786484","37.9325735","1","2026-02-22 12:19:45","2026-02-22 12:53:12"
"1396","209","سیتی هیل (City's Hill)","City's Hill","4","4","A","کوش آداسی، منطقه ی ترکمن، بولوار تورگوت اوزال، پلاک 129","27.2701264","37.8779724","1","2026-02-22 12:19:45","2026-02-22 12:53:12"
"1397","209","روکس رویال (Roxx Royal)","Roxx Royal","4","3","A","کوش آداسی، منطقه ی جمهوری، بولوار، جاندان تارهان، پلاک 23","27.2645909","37.8583294","1","2026-02-22 12:19:45","2026-02-22 12:53:12"
"1398","209","ملیکه (Melike)","Melike","4","2","A","کوش آداسی، منطقه ی کادینلر دنیزی، خیابان نهم، پلاک 38","27.2405753","37.8410731","1","2026-02-22 12:19:45","2026-02-22 12:53:12"
"1399","130","اسپهبدان ( ونوشک )",NULL,"3","0","A","شهرستان ساری، کیلومتر ۳ جاده نکا، سه راه بیمارستان زارع، سمت چپ ورودی یگان ویژه، بعد جاده جنگلی روستا زرین آباد سفلی، بعد پل کوچه طبیعت، بوتیک هتل جنگلی ونوشک","36.5311910","53.1827033","1","2026-02-22 12:19:45","2026-02-22 12:53:12"
"1400","42","دالان جهان","c301fa61b","1","0","B","اصفهان، خیابان استانداری، کوچه شهید عمرانی 13،  کوچه شهید خلقی، بن بست سادات 1، بوتیک هتل دالان جهان","32.6536856","51.6789893","1","2026-02-22 12:19:45","2026-02-22 12:53:12"
"1401","200","جومبالی پلازا (Cumbali Plaza)","Cumbali Plaza","4","3","A","استانبول، منطقه ی شیشلی، محله ی بزکورت، خیابان دولاپدره، پلاک 135","28.9842794","41.0465833","1","2026-02-22 12:19:45","2026-02-22 12:53:12"
"1402","200","ولیده (Valide)","Valide","4","3","A","استانبول، منطقه ی شیشلی، محله ی مشروطیه، خیابان هالاسکار غازی، کوچه ی ابه قیزی، پلاک 8","28.9881833","41.0554123","1","2026-02-22 12:19:45","2026-02-22 12:53:12"
"1403","168","امیر کبیر","2f2eaf8c","4","1","A","استان گیلان، ماسال، کیلومتر ۵ جاده طاهر گوراب","37.3785905","49.1774732","1","2026-02-22 12:19:45","2026-02-22 12:53:12"
"1404","54","ملل",NULL,"4","3","B","ردبیل، خيابان حافظ روبروی پارک حافظ، مجتمع بلوار پارک اردبیل، طبقه ششم، هتل ملل.","38.2356374","48.2704947","1","2026-02-22 12:19:45","2026-02-22 12:53:12"
"1405","69","سیمرغ",NULL,"1","1","A","شیراز، بلوار سیبویه، کوچه سیبویه6، انتهای کوچه فرعی سمت چپ، اقامتگاه سنتی سیمرغ","29.6013570","52.5499514","1","2026-02-22 12:19:45","2026-02-22 12:53:12"
"1406","7","رزطلایی","965adf","4","1","A","میدان بیت المقدس، خیابان شیخ طوسی جنوبی ،شیخ طوسی 9، پلاک 30","36.2807990","59.6138443","1","2026-02-22 12:19:45","2026-02-22 12:53:12"
"1407","42","رامان","5152aee1d","4","3","A","اصفهان، خیابان ابن سینا، کوچه ۳۷، کوچه شهید حسام زاده","32.6725227","51.6839908","1","2026-02-22 12:19:45","2026-02-22 12:53:12"
"1408","39","شهریارنوین","a51f2785ad","4","2","B","میدان رازی،خیابان ایروانی، نبش کوچه تفنگچیان ،پلاک ۹۳ ،هتل شهریار نوین","35.6655740","51.3929461","1","2026-02-22 12:19:45","2026-02-22 12:53:12"
"1409","7","آفتاب شرق","739f53fdae","4","3","A","میدان بیت المقدس، ضلع جنوبی بازار رضا، شیخ طوسی۷هتل آفتاب شرق","36.2816736","59.6134285","1","2026-02-22 12:19:45","2026-02-22 12:53:12"
"1410","210","تاور پلازا (Tower Plaza)","Tower Plaza","4","5","A","دبی، خیابان شیخ زاید، روبروی برج های امارات، جنب ایستگاه مترو تی سی","55.2783819","25.2177720","1","2026-02-22 12:19:45","2026-02-22 12:53:12"
"1411","41","تندیس","2fb3ed1f","4","1","B","همدان، بلوار امام خمینی، روبروی‌ آتش نشانی","34.8250843","48.5320254","1","2026-02-22 12:19:45","2026-02-22 12:53:12"
"1412","198","کورال (Coral)","Coral","4","4","A","کربلا، خیابان محیط، خیابان سعدیه","44.0219851","32.6156841","1","2026-02-22 12:19:45","2026-02-22 12:53:12"
"1413","198","در قصر الکاظمیه (Dur Kassir Alkadhimiya)","Dur Kassir Alkadhimiya","4","4","A","کربلا، خیابان محیط الامام الحسین، نزدیک میدان الشهداء","32.6185136","44.0293006","1","2026-02-22 12:19:45","2026-02-22 12:53:12"
"1414","199","بردی (Barada)","Barada","4","4","A","نجف، خیابان روان","44.3550231","32.0085966","1","2026-02-22 12:19:45","2026-02-22 12:53:12"
"1415","199","قصر الدر (Qasr AlDur)","Qasr AlDur","4","4","A","نجف، خیابان زین العابدین","44.3165772","31.9967699","1","2026-02-22 12:19:45","2026-02-22 12:53:12"
"1416","151","ستاره خلف","7de1c733b","3","0","B","جزیره قشم ، روستای برکه ، نرسیده به دره ستارگان ، اقامتگاه بومگردی ستاره خلف","26.8668359","56.1326932","1","2026-02-22 12:19:45","2026-02-22 12:53:12"
"1417","42","چهارباغ","6066b","4","5","A","اصفهان، خیابان چهار باغ عباسی، انتهای خیابان شیخ بهایی، کوچه ارفعی","32.6540999","51.6675690","1","2026-02-22 12:19:45","2026-02-22 12:53:12"
"1418","47","اسکار","66d9b6f72f","4","4","B","جلفا، منطقه آزاد ارس، ۲ کلیومتر بعد از ورودی اصلی، نرسیده به شجاع، روبروی مجتمع تجاری مشاهیر آذربایجان","38.8860667","45.6290356","1","2026-02-22 12:19:45","2026-02-22 12:53:12"
"1419","178","آرمان ضیافت امیرخانلو و پسران","bbdc","4","3","A","کیلومتر 1 جاده باباامان به سمت بجنورد","37.4798969","57.3842756","1","2026-02-22 12:19:45","2026-02-22 12:53:12"
"1420","46","شاه نشین","015dcdca1c","1","0","B","کاشان، خیابان فاضل نراقی، کوچه سرهنگ ۸ (قاسم بیک ۸)، انتهای کوچه عمارت شاه نشین","33.9769050","51.4391360","1","2026-02-22 12:19:45","2026-02-22 12:53:12"
"1421","58","مازیار","dbf3c0df6c","5","3","A","بندر انزلی، کیلومتر 5 بولوار پاسداران ، کوچه پانزدهم، هتل مازیار","37.4912804","49.4022591","1","2026-02-22 12:19:45","2026-02-22 12:53:12"
"1422","168","رویال","5ac69fcfcd","4","2","B","گیلان، ماسال، جاده ییلاقی طاسکوه، جنب پمپ بنزین، هتل رویال","37.3391899","49.0876995","1","2026-02-22 12:19:45","2026-02-22 12:53:12"
"1423","42","عمارت طاووسیه","93ee594c0c","1","0","C","اصفهان، میدان نقش جهان، خیابان حکیم، کوچه ۱۲ بن بست غفوری","32.6632264","51.6733759","1","2026-02-22 12:19:45","2026-02-22 12:53:12"
"1424","76","اتابک","68154aca8f","4","3","A","یاسوج، خیابان پاسداران (ارتش) ، نبش گلستان ۳ غربی","30.6640527","51.5914515","1","2026-02-22 12:19:45","2026-02-22 12:53:12"
"1425","213","آماری (Amari)","4bb81e746b","4","4","A","پوکت، منطقه ی کاتو، ساحل پاتونگ، خیابان مون گرن 2",NULL,"7.8866768","1","2026-02-22 12:19:45","2026-02-22 12:53:12"
"1426","213","اشلی پلازا (Ashlee Plaza)","a904512dcf","4","4","A","پوکت، منطقه ی کاتو، ساحل پاتونگ، خیابان پراچانوکرو",NULL,"7.8814267","1","2026-02-22 12:19:45","2026-02-22 12:53:12"
"1427","213","فیشرمن هاربر (Fishermen's Harbor)","e23ed263ed","4","5","A","پوکت، منطقه ی کاتو، ساحل پاتونگ، خیابان سیری راج",NULL,"7.8802805","1","2026-02-22 12:19:46","2026-02-22 12:53:12"
"1428","199","ارض السهله (Al Sahla Land)","Al Sahla Land","4","4","A","نجف، خیابان الرسول","44.3166650","31.9914502","1","2026-02-22 12:19:46","2026-02-22 12:53:12"
"1429","151","سارینا","1a337d1f0f","4","4","A","جزيره قشم، بازار قديم، سه راه مخابرات، خيابان آيت الله غفاري، نرسيده به ميدان ولايت(ساعت) مجتمع تجاري و هتل سارينا قشم","26.9603812","56.2732351","1","2026-02-22 12:19:46","2026-02-22 12:53:12"
"1430","7","نگین مصلی","621d497ce","4","5","A","مشهد، بلوار مصلی، نبش مصلی 3","36.2770552","59.6274623","1","2026-02-22 12:19:46","2026-02-22 12:53:12"
"1431","42","منزل یزدان","ef367c67cd","1","1","C","اصفهان، خیابان نشاط، کوچه شهید بحرینی شماره ۲۰، کوچه باغ خلفا، بعد از مدرسه ناطق اصفهانی، انتهای بن بست سمت چپ پلاک 93","32.6564878","51.6799436","1","2026-02-22 12:19:46","2026-02-22 12:53:12"
"1432","198","بارون (The Baron)","The Baron","4","5","A","کربلا، خیابان الحسینیه، باب بغداد","44.0491492","32.6260384","1","2026-02-22 12:19:46","2026-02-22 12:53:12"
"1433","58","ترلان السلطنه","Tarlan al saltane","4","3","A","بندر انزلی، خیابان اطبا، داخل کوچه ساحل 1","37.4722765","49.5049353","1","2026-02-22 12:19:46","2026-02-22 12:53:12"
"1434","69","شمس الملوک","Shams ol Molouk","10","1","B","استان فارس، شهر شیراز، خیابان حضرتی، کوچه ۲۰، فرعی ۲۰/۳، پلاک","29.6086309","52.5395654","1","2026-02-22 12:19:46","2026-02-22 12:53:12"
"1435","198","ملک ( کینگ (King) سابق )","King","4","4","A","کربلا، خیمه گاه حسینی، ابتدای خیابان قزوینی","32.6144859","44.0270092","1","2026-02-22 12:19:46","2026-02-22 12:53:12"
"1436","72","پرند","Hotel Parand","4","2","B","یزد ، میدان معلم ، هتل پرند","54.3406272","31.8980832","1","2026-02-22 12:19:46","2026-02-22 12:53:12"
"1437","58","امیران پلاس","b6b034df","5","0","B","بندر انزلی، بلوار پاسداران، نبش کوچه هشتم",NULL,NULL,"1","2026-02-22 12:19:46","2026-02-22 12:19:46"
"1438","70","کوثر",NULL,"4","3","B","لرستان خرم آباد میدان استانداری جنب استانداری","33.4892396","48.3544722","1","2026-02-22 12:19:46","2026-02-22 12:53:12"
"1439","103","آتا","ata","5","0","C","منطقه آزاد ماکو ، شهرستان شوط ، خیابان چمران ( ساحلی ) ، جنب پارک تالار  هتل آتا",NULL,NULL,"1","2026-02-22 12:19:46","2026-02-22 12:19:46"
"1440","69","رز","63af5a","4","5","B","شیراز ، بزرگراه صدرا، بعد از میدان فاز 1 شهر جدید صدرا، خیابان گلنار، فاخته 1 هتل بزرگ رز شیراز","29.7928267","52.4915423","1","2026-02-22 12:19:46","2026-02-22 12:53:12"
"1441","28","کلبه های ساحلی پارسیان آزادی خزر","7f78220ece","6","0","A","چالوس، روبروی تله كابين ، تفرجگاه ساحلی پارسیان نمک آبرود","36.6957843","51.2953063","1","2026-02-22 12:19:46","2026-02-22 12:53:12"
"1442","57","گیلان","f7bdf","4","0","A","چابهار، تراس بهشت، روبروی استادیوم کریکت","25.3251568","60.6411097","1","2026-02-22 12:19:46","2026-02-22 12:53:12"
"1443","90","دنیز","deniz","4","2","B","پاستور"" جدید چهارراه جبار نایب نرسیده به قنادی گل سرخ",NULL,NULL,"1","2026-02-22 12:19:46","2026-02-22 12:19:46"
"1444","65","میلاد نور چمخاله","3124e621bc","4","2","B","گیلان، لنگرود، کیلومتر هفت جاده لنگرود به چمخاله","37.2238420","50.2412714","1","2026-02-22 12:19:46","2026-02-22 12:53:12"
"1445","127","چنار","bb91bba","4","1","B","مهاباد، خیابان طالقانی شرقی، کوچه حاجی احمد، هتل چنار","36.7644807","45.7245996","1","2026-02-22 12:19:46","2026-02-22 12:53:12"
"1446","42","بعثت سپاهان","Besat","2","0","B","اصفهان، خیابان پروین، نبش کوچه 26","32.6683244","51.7126074","1","2026-02-22 12:19:46","2026-02-22 12:53:12"
"1447","105","ساحلی دینا","b7689e88c","4","2","A","مازندران ، سلمان شهر، کیلومتر ۲ جاده عباس آباد به نشتارود نبش ساحل 20","36.7457686","51.0423191","1","2026-02-22 12:19:46","2026-02-22 12:53:12"
"1448","7","اصالت",NULL,"1","0","A","مشهد سعدی ۳",NULL,NULL,"1","2026-02-22 12:19:46","2026-02-22 12:19:46"
"1449","199","قصر الخورنق (Khawarnaq Palace)","Khawarnaq Palace","4","5","A","نجف، خیابان کربلا، روبروی آزمایشگاه خیاطه","32.0274127","44.3252844","1","2026-02-22 12:19:46","2026-02-22 12:53:12"
"1450","39","نور حیات","297c68f","4","5","B","تهران، انتهای خیابان سمیه . بین پورموسی و درخشان","35.7047177","51.4135520","1","2026-02-22 12:19:46","2026-02-22 12:53:12"
"1451","63","ایرانا",NULL,"4","3","B","قم،خیابان امیرکبیر(اراک)، کوچه ۱۳، فرعی دوم سمت راست، هتل ایرانا","34.6436520","50.8743698","1","2026-02-22 12:19:46","2026-02-22 12:53:12"
"1452","47","دنیز","5ba8d5cb","4","3","B","آذربایجان شرقی، جلفا، خیابان امام، جنب دانشگاه پردیس تهران","38.9371394","45.6267422","1","2026-02-22 12:19:46","2026-02-22 12:53:13"
"1453","49","صارم الدوله ونوشک","SaremodolehVanoshk","10","0","A","کرمانشاه. محله فیض آباد. کوچه صارم الدوله",NULL,NULL,"1","2026-02-22 12:19:46","2026-02-22 12:19:46"
"1454","218","عمارت سرهنگ","Emaratesarhang","3","0","B","اصفهان، بادرود،میدان امام حسین(ع)،کوچه شهید علی صادقی، کوچه پرویز","33.6869019","52.0079590","1","2026-02-22 12:19:46","2026-02-22 12:53:13"
"1455","69","آقاباباخان","efed06ca8e","4","1","B","شیراز، بلوار رحمت، روبروی بنی هاشمی، جنب حسینه آقاباباخان","29.5891617","52.5342315","1","2026-02-22 12:19:46","2026-02-22 12:53:13"
"1456","39","کاخ زیبا","cfd33373ce","4","1","A","تهران، خیابان سعدی جنوبی جدید، بلوک ۹ شرقی هتل کاخ زیبا",NULL,NULL,"1","2026-02-22 12:19:46","2026-02-22 12:19:46"
"1457","165","میداف","ad0942da","4","0","B","عسلویه، خیابان مسجد جامع، جنب بانک صادرات","27.4761354","52.6084117","1","2026-02-22 12:19:46","2026-02-22 12:53:13"
"1458","39","ایتالیا","f","2","1","A","تهران بلوار کشاورز خیابان وصال تقاطع ایتالیا کوچه شیرین بیانی پلاک۲","35.7072363","51.3980950","1","2026-02-22 12:19:46","2026-02-22 12:53:13"
"1459","69","سورنا","7d72c3c5ec","5","3","A","شیراز، خیابان فردوسی، شيراز، خیابان فردوسی، حد فاصل خیابان رودکی و خیابان سعدی","29.6230926","52.5427649","1","2026-02-22 12:19:46","2026-02-22 12:53:13"
"1460","42","عمارت سهروردی","SohrevardiMansion","1","0","A","اصفهان خیابان هشت بهشت غربی، خیابان ملک شمالی، بن بست حقوقی","32.6526951","51.6851402","1","2026-02-22 12:19:46","2026-02-22 12:53:13"
"1461","39","لیدوما","lidoma","9","1","A","تهران ، خیابان مفتح جنوبی ، بین خیابان طالقانی و سمیه ، پلاک 83",NULL,NULL,"1","2026-02-22 12:19:46","2026-02-22 12:19:46"
"1462","52","آریا","9a783c7f8d","4","5","A","کیش،خیابان جهان،میدان هور",NULL,NULL,"1","2026-02-22 12:19:46","2026-02-22 12:19:46"
"1463","233","شهان","6d913b71aa","4","2","A","خراسان شمالی. آشخانه.حاشیه بلوار امام رضا نرسیده به شهرک فرهنگیان",NULL,NULL,"1","2026-02-22 12:19:46","2026-02-22 12:19:46"
"1464","105","حسین پور (نارنجسرا)","narenjsara","2","0","A","تنکابن، نشتارود، روستا پل سرا، خیابان طالقانی، خیابان 15 خرداد","36.7142651","50.9902986","1","2026-02-22 12:19:46","2026-02-22 12:53:13"
"1465","155","باغ خوشنویس","25f92b0b","1","0","B","مهریز، استهریج، خیابان جمهوری، کوچه شهید طبایی فر","31.5709777","54.4449601","1","2026-02-22 12:19:46","2026-02-22 12:53:13"
"1466","16","سهیل","89db50b","5","0","C","استان گلستان ، بندرگز ، کیلومتر ۱ جاده بهشهر ، ضلع جنوبی ،هتل آپارتمان سهیل",NULL,NULL,"1","2026-02-22 12:19:46","2026-02-22 12:19:46"
"1467","41","آرین","83819759aa","4","3","C","همدان ، خیابان تختی ، نرسده به پارک کودک","34.7932906","48.5221230","1","2026-02-22 12:19:46","2026-02-22 12:53:13"
"1468","49","زیتون","d2f346b5a","9","0","B","کرمانشاه خیابان بنت الهدی مقابل ستاد نیروی انتظامی مهمانسرای  زیتون",NULL,NULL,"1","2026-02-22 12:19:46","2026-02-22 12:19:46"
"1469","10","هیام","412fbab3e","4","4","B","اهواز، کوروش، ۲۰ متری مقیمی، نبش ۹ اقبال، هتل هیام",NULL,NULL,"1","2026-02-22 12:19:46","2026-02-22 12:19:46"
"1470","36","مشجری انارک","Moshjari","1","0","C","نایین، 42 کیلومتر بعد از انارک به سمت چوپانان، کاروانسرای مشجری","33.4471984","54.0913982","1","2026-02-22 12:19:46","2026-02-22 12:53:13"
"1471","199","جار الامیر (Jar Al Amer)","Jar Al Amer","4","4","B","نجف اشرف، خیابان امام زین‌العابدین","44.3161600","31.9970900","1","2026-02-22 12:19:46","2026-02-22 12:19:46"
"1472","186","دنج","1a9ce","3","0","B","جزیره هرمز ، بلوار امام خمینی ، میدان مرکزی ، خیابان ورزش ، جنب املاک جزیره ، اقامتگاه دنج","27.0917284","56.4519722","1","2026-02-22 12:19:46","2026-02-22 12:53:13"
"1473","198","ریحان روتانا (Rayhaan Rotana)","Rayhaan Rotana","4","4","A","کربلا، خیابان باب البغداد","44.0413962","32.6258028","1","2026-02-22 12:19:46","2026-02-22 12:19:46"
"1474","198","الهنون (Al Hanoon)","Al Hanoon","4","3","A","کربلا ، جاده ی بغداد، خیابان باب الخان","44.0402539","32.6203808","1","2026-02-22 12:19:46","2026-02-22 12:19:46"
"1475","42","خانه مادری","KhaneMadari","2","0","A","خیابان فرشادی، کوچه فضائلی، کوچه نجفی، نبش کوچه کیان، پلاک 6","32.6526122","51.6789875","1","2026-02-22 12:19:46","2026-02-22 12:53:13"
"1476","151","فلامینگو","falamingo","4","3","B","بلوارآزادگان،بعد از چهار راه سعدی نرسیده به میدان شهدا گمنام جنب کوچه لقمان ۱۰","26.9565502","56.2667065","1","2026-02-22 12:19:46","2026-02-22 12:53:13"
"1477","7","آشتی کنان","Ashtikonan","1","0","B","مشهد امام خمینی۱۴ سراب۳","36.2931431","59.6042225","1","2026-02-22 12:19:46","2026-02-22 12:53:13"
"1478","46","عمارت ایرانی","EmarateIrani","2","0","A","کاشان، میدان راوند، میدان حضرت معصومه، بلوارشهدای طاهر آباد، بریدگی دوم","34.0417594","51.3330394","1","2026-02-22 12:19:46","2026-02-22 12:53:13"
"1479","101","نصر کارمانیا","NasrKarmania","4","2","B","کرمان بلوار جمهوری اسلامی کوچه شماره یک انتهای کوچه سمت چپ","30.2853762","57.0479291","1","2026-02-22 12:19:46","2026-02-22 12:53:13"
"1480","216","اکسپوکور (Expocore)","Expocore","5","4","A","ایروان - خیابان آرشاکونیاتس -پلاک 67","35.6723585","51.2124252","1","2026-02-22 12:19:46","2026-02-22 12:53:13"
"1481","69","رسام","643d8c","5","0","B","شیراز، خیابان کریمخان زند، کوچه 36 ، فرعی دوم سمت چپ 36/4","29.6220580","52.5382003","1","2026-02-22 12:19:46","2026-02-22 12:53:13"
"1482","7","آب میرزا","afc8c194d","1","0","A","مشهد، خیابان آیت الله شیرازی ۹",NULL,NULL,"1","2026-02-22 12:19:46","2026-02-22 12:19:46"
"1483","46","رزاس","Rozashouse","1","0","A","کاشان، خیابان فاضل نراقی، کوچه حاج باباعطوف، فرعی اول سمت راست، فرعی دوم سمت چپ","33.9943589","51.4258296","1","2026-02-22 12:19:46","2026-02-22 12:53:13"
"1484","42","خانه صدیق","khanesedigh","1","0","B","اصفهان خیابان استانداری گذر سعدی بن بست فروزنده بوتیک هتل خانه صدیق","32.6549771","51.6758218","1","2026-02-22 12:19:46","2026-02-22 12:53:13"
"1485","4","دریادلان","13c439b","3","0","B","بوشهر"" ۷۰ متر بعد از سه راه بهمنی به سمت بیمارستان تامین اجتماعی مجتمع گردشگری دریادلان",NULL,NULL,"1","2026-02-22 12:19:46","2026-02-22 12:19:46"
"1486","60","سعید","Saeed","5","0","B","گیلان شهرستان رضوانشهر ارده جان بین شهرک چوکا و نیروگاه برق ارده جان جنب برنج فروشی خرمی","37.5554519","49.1154391","1","2026-02-22 12:19:46","2026-02-22 12:53:13"
"1487","4","عمارت بیلیارد","f0cc9d84db","3","0","A","بوشهر، خیابان خلیج فارس ( ساحلی )،.نبش کوچه نسیم ۶","28.9891931","50.8280901","1","2026-02-22 12:19:46","2026-02-22 12:53:13"
"1488","7","هزارویک","e0aeaf8cbe","5","0","C","امام رضا ۸ چهارراه دوم سمت چپ هتل هزار و یک",NULL,NULL,"1","2026-02-22 12:19:47","2026-02-22 12:19:47"
"1489","7","دالاهو","34477186de","5","0","C","مشهد، امام رضا 18، هتل آپارتمان دالاهو","36.2766801","59.6073153","1","2026-02-22 12:19:47","2026-02-22 12:53:13"
"1490","46","جهان آرائی","8bf5f81c3a","1","0","B","کاشان، خیابان محتشم، محله سرپله، انتهای کوچه قدر ۲۴","33.9812157","51.4535772","1","2026-02-22 12:19:47","2026-02-22 12:53:13"
"1491","46","سه سوک","e1a98f","1","1","C","کاشان، خیابان محتشم، کوچه ثابت ۱۶، جنب زیارت میرنشانه",NULL,NULL,"1","2026-02-22 12:19:47","2026-02-22 12:19:47"
"1492","69","گارنت","e8ff01ffae","2","0","A","شیراز، بلوار گلستان، حد فاصل خیابان شهید طهماسبی و خیابان امام مهدی، جنب بانک ملت",NULL,NULL,"1","2026-02-22 12:19:47","2026-02-22 12:19:47"
"1493","234","دیارنون","diyarnon","3","0","C","اصفهان خیابان قدس غربی کوچه شهید محمد علی حجتی پلاک 10 جنب خانه ایثار","32.6309982","51.3604754","1","2026-02-22 12:19:47","2026-02-22 12:53:13"
"1494","235","گل بی بی","3f0b8f5d","3","0","B","گناباد، بیدخت، میدان شهید نقره اول، خیابان جمهوری اسلامی","34.3457400","58.7583873","1","2026-02-22 12:19:47","2026-02-22 12:53:13"
"1495","29","شاغلام","146c272b8e","3","0","B","نیشابور، بلوار آزادگان، جنب پمپ گاز جاده فیلخانه، روستای فیلخانه شقایق 1","36.1733779","58.8555904","1","2026-02-22 12:19:47","2026-02-22 12:53:13"
"1496","39","آریا","3c3854fe","4","2","B","تهران، بالاتر از میدان ولیعصر، جنب سینما استقلال، کوچه فرشید، پلاک 12","35.7133375","51.4063135","1","2026-02-22 12:19:47","2026-02-22 12:53:13"
"1497","234","خانه مادری","khanemadari","3","0","B","اصفهان نجف آباد جلال آباد خیابان امام شرقی بن بست شهید حسین کافی موسوی پلاک ۹۱","32.6063713","51.3189347","1","2026-02-22 12:19:47","2026-02-22 12:53:13"
"1498","112","کچا","Kacha","10","1","A","کیلومتر ۱۷ اتوبان رشت قزوین، روستای کچا، بوتیک هتل کچا","37.0912221","49.6319949","1","2026-02-22 12:19:47","2026-02-22 12:53:13"
"1499","39","آرین","dccf71c8bc","9","1","B","تهران، میدان بهارستان، خیابان امیرکبیر، پلاک ۳۵۰","35.6863582","51.4286087","1","2026-02-22 12:19:47","2026-02-22 12:53:13"
"1500","80","کوثر","2fb","4","3","B","گیلان، فومن، خیابان امام (ره)ف نرسیده به میدان پاسداران","37.2337656","49.3202123","1","2026-02-22 12:19:47","2026-02-22 12:53:13"
"1501","230","رستم زادگان سیستان","rostamzadegansistan","3","0","C","اقامتگاه بومگردی رستم زادگان سیستان در سال 1402 مورد بهره برداری قرار گرفت.
در این مجموعه می توانید از جاذبه های متنوع  شهر سوخته ، قلعه بمپور ،قلعه چهل دختران زابل ،قلعه رستم زابل  بازدید نمائید . اقامتگاه بومگردی رستم زادگان سیستان مشرف به کوه خواجه عبادتگاه زرتشت است و در فاصله ۷کیلومتری دریاچه هامون و ۴۰کیلومتری شهر سوخته و ۳۰کیلومتری دهانه غلامان قرار دارد.","30.9390213","61.3513332","1","2026-02-22 12:19:47","2026-02-22 12:53:13"
"1502","29","شادمهر","ff6c799b","3","0","A","نیشابور، بوژان، کیلومتر ۸ تحت منظر","36.2287471","58.9381072","1","2026-02-22 12:19:47","2026-02-22 12:53:13"
"1503","183","امان","77566099c","10","3","A","گیلان ماسوله ابتدای بازارچه سنتی","37.1543305","48.9885877","1","2026-02-22 12:19:47","2026-02-22 12:53:13"
"1504","7","نصیری تبریزی","nasiri tabrizi","2","0","B","مشهد خیابان امام رضا بین امام رضا 9و11جنب بوستان رضوی","36.2804004","59.6089446","1","2026-02-22 12:19:47","2026-02-22 12:53:13"
"1505","238","میر احمد خوافی","345e70f","1","0","B","خراسان رضوی.شهر خواف. خیابان شهاب. شهاب 6",NULL,NULL,"1","2026-02-22 12:19:47","2026-02-22 12:19:47"
"1506","7","خلف باغ یزد","28491b57ea","9","1","B","مشهد مقدس ،خیابان نواب صفوی ۹، شهید کارگر ۱",NULL,NULL,"1","2026-02-22 12:19:47","2026-02-22 12:19:47"
"1507","39","سپیدار","sepidar","4","1","B","میدان امام خمینی خیابان امیر کبیر نبش خیابان سعدی جنوبی جدید بلوک یک شرقی","35.6855851","51.4241073","1","2026-02-22 12:19:47","2026-02-22 12:53:13"
"1508","151","گل ابریشم","Golabrisham","3","0","A","قشم شهر رمکان خیابان شهاب کوچه رسالت","26.8657533","56.0432651","1","2026-02-22 12:19:47","2026-02-22 12:53:13"
"1509","39","پرشین پلازا مطهری","4d42caa","2","0","A","تهران، خیابان مطهری، نرسیده به چهارراه سهروردی پلاک ۱۲۶",NULL,NULL,"1","2026-02-22 12:19:47","2026-02-22 12:19:47"
"1510","199","مدینه البشری (Madinah Al Boshra)","Madinah Al Boshra","4","4","A","نجف اشرف، خیابان مکتب آیت الله فیاض","31.9900018","44.3177249","1","2026-02-22 12:19:47","2026-02-22 12:53:13"
"1511","7","جدیدی","de1e","2","1","A","خیابان امام رضا ،امام رضا ۱۲، حنایی ۹، امت رضا ۴، نبش چهارراه اول","36.2761770","59.6123667","1","2026-02-22 12:19:47","2026-02-22 12:53:13"
"1512","105","اکو کمپ سه هزار","Ecocamp3000","6","0","A","تنکابن،سه هزار، بعد از آبنمای اول سمت راست اکو کمپ سه هزار","36.6648888","50.8362750","1","2026-02-22 12:19:47","2026-02-22 12:53:13"
"1513","88","بابا اکبر","baba akbar","3","0","C","تربت جام شهرستان باخرز روستای ارزنه نرسیده به آبشار زیبای ارزنه","34.9634350","60.1712311","1","2026-02-22 12:19:47","2026-02-22 12:53:13"
"1514","42","سلطانی","soltani","1","0","C","اصفهان خیابان هاتف جنب بانک ملی  کوچه شماره 6","32.6641184","51.6841018","1","2026-02-22 12:19:47","2026-02-22 12:53:13"
"1515","134","الماس غرب","1386cf460f","6","0","A","سنندج، کمربندی بهشت محمدی، جنب فنی و حرفه ای، مجتمع چندمنظوره الماس غرب","35.3019833","47.0401547","1","2026-02-22 12:19:47","2026-02-22 12:53:13"
"1516","69","تائب",NULL,"5","2","B","خیابان کریمخان، زندخیابان سعدی، فرعی داوری، هتل آپارتمان تائب","29.6221242","52.5424178","1","2026-02-22 12:19:47","2026-02-22 12:53:13"
"1517","1","باران","0a60edbc3a","1","0","A","آران و بیدگل، خیابان محمد هلال، هلال 20","34.0634292","51.4792852","1","2026-02-22 12:19:47","2026-02-22 12:53:13"
"1518","39","آرام","aram","9","0","B","تهران خیابان استاد نجات اللهی(ویلا) ، خیابان جعفری شهری ، پلاک ۲۱","35.7117686","51.4174697","1","2026-02-22 12:19:47","2026-02-22 12:53:13"
"1519","52","اکسلسیور","d57f7a","4","5","A","جزیره کیش، روبروی کشتی یونانی",NULL,NULL,"1","2026-02-22 12:19:47","2026-02-22 12:19:47"
"1520","7","امپراطور","cf8f119e","4","4","A","مشهد، خیابان امام رضا ع ، امام رضا 16 ( عنصری غربی ) پلاک 35، طبقه همکف","36.2770222","59.6080246","1","2026-02-22 12:19:47","2026-02-22 12:53:13"
"1521","200","دابل تری هیلتون استانبول پیاله پاشا (Doubletree by Hilton Istanbul - Piyalepasa)","Doubletree by Hilton Istanbul - Piyalepasa","4","5","A","استانبول، محله کاپتان پاشا، بولوار پیاله پاشا 5","41.0397233","28.9666151","1","2026-02-22 12:19:47","2026-02-22 12:53:13"
"1522","93","وزرا","Vozara","4","4","A","بندرعباس -خیابان امام خمینی بعد از سیتی سنتر کوچه هاله جنب هتل قدس","27.1819979","56.2831672","1","2026-02-22 12:19:47","2026-02-22 12:53:13"
"1523","132","ناصر","ba721c44df","4","1","B","آذربایجان غربی ارومیه خیابان امام ابتدای کوی ارگ هتل ناصر",NULL,NULL,"1","2026-02-22 12:19:47","2026-02-22 12:19:47"
"1524","200","کراتون (The Craton)","The Craton","4","5","D","استانبول، منطقه شیشلی، محله فولیا، خیابان باغچلر،پلاک16، طبقه 1","41.0647702","28.9943991","1","2026-02-22 12:19:47","2026-02-22 12:53:13"
"1525","200","مینوو تکسیم (Mineo Taksim)","Mineo Taksim","4","4","A","استانبول ، منطقه کوجاتپه ، خیابان مختار بی","41.0401316","28.9836064","1","2026-02-22 12:19:47","2026-02-22 12:53:13"
"1526","200","الیسیوم تکسیم (The Elysium Taksim)","The Elysium Taksim","4","5","A","استانبول، منطقه ی شیشلی، محله اینونو، خیابان یدیکویولار، کوچه ی جایری، پلاک ۴","41.0416202","28.9842014","1","2026-02-22 12:19:47","2026-02-22 12:53:13"
"1527","200","آیسا (Aysa)","Aysa","4","3","A","استانبول، منطقه ی بی اوغلو، محله ی تکسیم، خیابان استقبال، کوچه ی اقوت، پلاک 16","41.0356598","28.9804707","1","2026-02-22 12:19:47","2026-02-22 12:53:13"
"1528","200","آرسیما (Arsima)","Arsima","4","3","A","استانبول، منطقه ی شیشلی، محله ی جمهوری، خیابان تاووکجو فتحی، پلاک 22","41.0525703","28.9868354","1","2026-02-22 12:19:47","2026-02-22 12:53:13"
"1529","200","کوئنتو (Cuento)","Cuento","4","3","A","استانبول، منطقه ی بی اوغلو، محله ی کوجاتپه، خیابان لامارتین، پلاک 42","41.0406349","28.9844941","1","2026-02-22 12:19:47","2026-02-22 12:53:13"
"1530","200","پارک بای کلاور (Park by Clover)","Park by Clover","4","3","A","استانبول، منطقه ی شیشلی، محله ی ارگنکن، خیابان پاپا رونجالی","41.0473983","28.9861510","1","2026-02-22 12:19:47","2026-02-22 12:53:13"
"1531","200","دیز این بای ویندهام بومونتی (Days Inn by Wyndham Bomonti)","DaysInnByWyndhamBomonti","4","4","A","استانبول، منطقه ی شیشلی، خیابان گوونج، پلاک 22/1","41.0612862","28.9818429","1","2026-02-22 12:19:47","2026-02-22 12:53:13"
"1532","200","سمینال (Seminal)","Seminal","4","4","A","استانبول، منطقه ی بی اوغلو، محله ی کوجاتپه، خیابان شهید مختار بی، پلاک 23","41.0390676","28.9841170","1","2026-02-22 12:19:47","2026-02-22 12:53:13"
"1533","200","ستیا (The Cettia)","The Cettia","4","4","A","استانبول، منطقه ی شیشلی، محله ی فولیا، خیابان اورتاکلار، پلاک 30","41.0633536","28.9970517","1","2026-02-22 12:19:47","2026-02-22 12:53:13"
"1534","200","مرکور بومونتی (Mercure Bomonti)","MercureBomonti","4","5","A","استانبول، منطقه ی شیشلی، محله ی جمهوری، خیابان ارگنکن، پلاک 62 A","41.0544107","28.9821815","1","2026-02-22 12:19:47","2026-02-22 12:53:13"
"1535","200","رنسانس پولات بسفروس (Renaissance Polat Bosphorus)","Renaissance Polat Bosphorus","4","5","A","استانبول، منطقه ی بشیکتاش، محله ی غیرت تپه، بولوار بارباروس، پلاک 145","41.0591900","29.0103080","1","2026-02-22 12:19:48","2026-02-22 12:53:13"
"1536","200","رنسانس پولات استانبول (Renaissance Polat Istanbul)","Renaissance Polat Istanbul","4","5","A","استانبول، منطقه ی باکرکوی، محله ی یشیل یورت، خیابان ساحیل یولو، پلاک 2","40.9596542","28.8394050","1","2026-02-22 12:19:48","2026-02-22 12:53:13"
"1537","39","پرنیان","a5f5b55d","16","1","C","تهران، میدان دکتر فاطمی، میدان گلها، خیابان گلها، خیابان مرداد، نبش نوید غربی پلاک 39","35.7232527","51.3946125","1","2026-02-22 12:19:48","2026-02-22 12:53:13"
"1538","200","شرایتون لونت (Sheraton Levent)","Sheraton Levent","4","5","A","استانبول، منطقه ی کاگیتخانه، محله ی لونت، خیابان بویوکدره، پلاک 4 4-3","41.0860313","29.0063011","1","2026-02-22 12:19:48","2026-02-22 12:53:13"
"1539","7","فرهاد","66fda1dbd","4","2","A","امام رضا 29",NULL,NULL,"1","2026-02-22 12:19:48","2026-02-22 12:19:48"
"1540","69","دلگشا","c022b839d","7","4","B","شیراز، بلوار هفت تنان روبروی درب اصلی باغ دلگشا خیابان محمدی فرد","29.6165885","52.5745527","1","2026-02-22 12:19:48","2026-02-22 12:53:13"
"1541","69","ملک تاج","71d60dd2a","1","0","A","شیراز، خیابان آستانه کوچه ۱۱ فرعی ۱۱/۳","29.6032400","52.5514923","1","2026-02-22 12:19:48","2026-02-22 12:53:13"
"1542","198","رویال (Royal)","Royal","4","5","A","کربلا، خیابان قزوینی (مخیم)","44.0268040","32.6140507","1","2026-02-22 12:19:48","2026-02-22 12:19:48"
"1543","39","گران میراث رشیدیه",NULL,"4","5","A","تهران، بزرگراه اشرفی اصفهانی، میدان پونک، خیابان فلاح زاده پلاک ۳۵","35.7596768","51.3375804","1","2026-02-22 12:19:48","2026-02-22 12:53:13"
"1544","200","پرا سنتر (Pera Center)","Pera Center","4","4","A","استانبول، منطقه ی بی اوغلو، محله ی کاتب مصطفی چلبی، خیابان بیلورجو، جنب کوچه ی مجادله، پلاک 14","41.0342399","28.9836772","1","2026-02-22 12:19:48","2026-02-22 12:53:13"
"1545","200","پالمیه (Palmiye)","Palmiye","4","3","A","استانبول، منطقه بی اوغلو، محله حسین آقا، خیابان هالاس، پلاک 19","41.0358138","28.9791938","1","2026-02-22 12:19:48","2026-02-22 12:53:13"
"1546","200","اوریلا (Oriella)","Oriella","4","3","A","استانبول، منطقه ی بی اوغلو، محله ی بلبل، خیابان توران، پلاک ۵۲","41.0384541","28.9813894","1","2026-02-22 12:19:48","2026-02-22 12:53:13"
"1547","200","تریپ بسفروس تکسیم (Trip Bosphorus Taksim)","Trip Bosphorus Taksim","4","4","A","استانبول، منطقه ی بی اوغلو، محله ی جهانگیر، خیابان غازانچی بالا، پلاک ۱۲","41.0355249","28.9854719","1","2026-02-22 12:19:48","2026-02-22 12:53:13"
"1548","79","اکبربابا","Akbarbaba","3","0","B","گیلان: شهرستان تالش شهر حویق خیابان ولی عصر(معرف به خیابان آبشار زمرد)پلاک ۳۱۹","38.1365528","48.8569249","1","2026-02-22 12:19:48","2026-02-22 12:53:13"
"1549","112","سپیدرود","Sepiedrood","3","0","B","رشت: لشت نشا روستای فخرآباد جنب نانوایی سنگکی","37.4028890","49.8784784","1","2026-02-22 12:19:48","2026-02-22 12:53:13"
"1550","245","گل یخ","b7f27b35cf","3","0","C","گیلان، رشت، شهرستان شفت، روستای مردخه پایین، بعد از مسجد میرمحله، خیابان ولیعصر، کوچه گل یخ، اقامتگاه گل یخ","37.1677557","49.4824770","1","2026-02-22 12:19:48","2026-02-22 12:53:13"
"1551","7","بیستون طلایی","c6590b","4","3","A","مشهد، میدان بیت المقدس، رو به رو باب الجواد، شهید اندرزگو ۲ ، نبش نباتی مقدم 2","36.2848113","59.6093384","1","2026-02-22 12:19:48","2026-02-22 12:53:13"
"1552","10","فرهیختگان","Farhikhtegan","4","3","B","اهواز: فرهنگ شهر بلوار کارگر بعد از درب ورودی دانشگاه آزاد","31.3024223","48.6207704","1","2026-02-22 12:19:48","2026-02-22 12:53:13"
"1553","96","مازیار","737221b8af","2","0","A","کلاردشت، حسن کیف، خیابان شهید خلبان علی معصومی، بین شاهد ۵-۷ پلاک ۱۳۶","36.5023270","51.1639312","1","2026-02-22 12:19:48","2026-02-22 12:53:13"
"1554","39","عمارت 85",NULL,"1","0","C","تهران، یوسف آباد، خیابان شهید اکبری، نبش کوچه ۲۵، پلاک ۴۴",NULL,NULL,"1","2026-02-22 12:19:48","2026-02-22 12:19:48"
"1555","79","حاج حسین پرویزی","Hajhosseinparvizi","3","0","B","تالش: کیلومتر ۲۰تالش به استارا (خطبه سرا)کشاور محله-کوچه اندیشه۵","38.0123195","48.8943932","1","2026-02-22 12:19:48","2026-02-22 12:53:13"
"1556","112","سرای فخر","Sarayefakhr","3","0","A","رشت: لشت نشا روستای فخراباد خیابان شهید گاوکار بن بست ضیا","37.4034172","49.8663748","1","2026-02-22 12:19:48","2026-02-22 12:53:13"
"1557","204","ورلدسی (World Say)","World Say","4","3","A","وان، منطقه ی ایپکیولو، محله ی شرفیه، خیابان هاستانه ۲، پلاک ۳۷","38.5008167","43.3956922","1","2026-02-22 12:19:48","2026-02-22 12:53:13"
"1558","204","نیسا (Nisa)","Nisa","4","2","A","وان، منطقه ی ایپکیولو، محله ی باغچه وان، خیابان میدان ۳، پلاک ۲۰","38.5027532","43.3930905","1","2026-02-22 12:19:48","2026-02-22 12:53:13"
"1559","204","مونتانا (Montana)","Montana","4","4","A","وان، منطقه ی ایپکیولو، محله ی حافظیه،بولوار کاظم کارابکر، پلاک ۱۱۰/۱","38.5005582","43.3803879","1","2026-02-22 12:19:48","2026-02-22 12:53:13"
"1560","165","تاراز","Taraz","5","0","B","ورودی شهرعسلویه نرسیده به بیمارستان نبی اکرم","27.4757591","52.6176226","1","2026-02-22 12:19:48","2026-02-22 12:53:13"
"1561","42","سرای دربکوشک","Sarayedarbooshk","2","0","A","اصفهان :خیابان چهارباغ پایین ,بعد از ورزشگاه تختی، کوچه دربکوشک (شماره 8)پلاک 38","32.6632164","51.6682114","1","2026-02-22 12:19:48","2026-02-22 12:53:13"
"1562","18","درکا","Doraka","5","0","C","خرمشهر بلوار آیت الله خامنه ای ( چهل متری) نبش خیابان ناصرخسرو شمالی","30.4382494","48.1879980","1","2026-02-22 12:19:48","2026-02-22 12:53:13"
"1563","162","نماشان","a711c9e1c","3","1","B","استان گلستان. علی آباد. دهنه محمد آباد کتول. روستا بالاچلی (چلی بالا)",NULL,NULL,"1","2026-02-22 12:19:48","2026-02-22 12:19:48"
"1564","42","بازار","f9d96a78d","3","3","A","اصفهان، خیابان عبدالرزاق، کوچه شهید مصطفی وزنه(شماره۱۵)، انتهای کوچه سمت چپ، مقابل مسجد نو بازار","32.6654460","51.6781972","1","2026-02-22 12:19:48","2026-02-22 12:53:13"
"1565","29","دژ","Dezh","10","0","C","نیشابور: منطقه تاریخی خیام بلوار شهدا نبش شهدای ۹","36.1694527","58.8261210","1","2026-02-22 12:19:48","2026-02-22 12:53:14"
"1566","28","گلسار","f1156c8aac","4","2","A","مازندران، چالوس، خیابان رادیو دریا","36.6669457","51.4264350","1","2026-02-22 12:19:48","2026-02-22 12:53:13"
"1567","90","آتا","Ata","5","0","C","آذربایجان شرقی،تبریز،خیابان آزادی،چهارراه آبرسان،جنب بانک گردشگری،کوچه مهرگان پنجم","38.0646261","46.3231857","1","2026-02-22 12:19:48","2026-02-22 12:53:14"
"1568","119","باغ ملک","fd3b2ccc","6","0","B","مازندران حدفاصل شیرگاه به بابل، ورودی شهر مرزی کلا، کوچه گل ۴","36.3547512","52.7389731","1","2026-02-22 12:19:48","2026-02-22 12:53:14"
"1569","50","جنگلی میزبان","60ff51a","6","0","A","مازندران، سوادکوه شمالی، شیرگاه، چای باغ، پارک جنگلی اندارگلی، هتل جنگلی میزبان","36.3401634","52.8916093","1","2026-02-22 12:19:48","2026-02-22 12:53:14"
"1570","69","سووشون",NULL,"3","0","B","شیراز، خیابان لطفعلی خان زند، کوچه جنب نارنجستان قوام (کوچه ۲۴)، ابتدای کوچه گالری (کوچه ۲۴/۶)، پلاک 35","29.6090178","52.5529234","1","2026-02-22 12:19:48","2026-02-22 12:53:14"
"1571","7","آراد","1e9b","4","2","B","خیابان  امام رضا، امام رضا ۱۳، چهار راه دانش، دانش شرقی هتل آراد","36.2788837","59.6070097","1","2026-02-22 12:19:48","2026-02-22 12:53:14"
"1572","69","خانه","ac19c8e41d","3","0","B","شیراز، میدان شهرداری، خیابان پیروزی، سه راه نمازی به سمت حرم مطهر شاهچراغ، گذر تاریخی سنگ سیاه(کوچه شماره چهار)، کوچه کدخدایی مقابل امامزاده سید زین الدین","29.6105522","52.5376511","1","2026-02-22 12:19:48","2026-02-22 12:53:14"
"1573","92","آکراس",NULL,"4","2","A","سیرجان بلوار امام رضا پشت نمایندگی سایپا",NULL,NULL,"1","2026-02-22 12:19:48","2026-02-22 12:19:48"
"1574","263","شاه رستم","d5bf11f","3","0","C","شهرستان بوانات(سرچهان جدید)، بخش باغصفا، روستای شاه رستم، رو به روی استخر دپو آب روستا","29.8940978","53.8019797","1","2026-02-22 12:19:48","2026-02-22 12:53:14"
"1575","69","آنا","49aa1ffbd","3","2","A","خیابان لطفعلی خان زند کوچه سی ویک",NULL,NULL,"1","2026-02-22 12:19:48","2026-02-22 12:19:48"
"1576","112","کتام","Kotam","3","0","B","گیلان: رشت میدان انتظام جاده جیرده روستای سقالکسار نبش کوچه شهید عظیم غمزه","37.1659956","49.5204279","1","2026-02-22 12:19:48","2026-02-22 12:53:14"
"1577","204","کامفورت سوئیت (Comfort Suite)","Comfort Suite","12","3","A","وان، محله ی شرفلیه، خیابان اردو، کوچه ی ۴","38.5006175","43.3976815","1","2026-02-22 12:19:48","2026-02-22 12:53:14"
"1578","131","ددنگه","c1db","3","1","B","گرگان کیلومتر ۸ بزرگراه گرگان-مشهد روستای دودانگه خیابان ولایت کوچه بومخانه ددنگه",NULL,NULL,"1","2026-02-22 12:19:48","2026-02-22 12:19:48"
"1579","196","پسران آفتاب","515a3c19a","6","0","B","زیباکنار، دوراهی بندر کیاشهر، مجتمع رفاهی پسران آفتاب","37.4325836","49.8856127","1","2026-02-22 12:19:48","2026-02-22 12:53:14"
"1580","79","خشایار","Khashayar","3","0","B","گیلان: شهرستان تالش، اسالم،کیلومتر ۲ جاده توریستی اسالم به خلخال.روستای درازمحله ناو","37.7138092","48.9268761","1","2026-02-22 12:19:48","2026-02-22 12:53:14"
"1581","153","اربه کله","a987d1aeaa","2","0","A","رامسر، روستای توریستی اربه کله","36.8699513","50.6749117","1","2026-02-22 12:19:48","2026-02-22 12:53:14"
"1582","131","چشمه سعدی","1a44bd0b","3","0","C","کیلومتر دوازده جاده گرگان به علی آباد، روستای والش آباد، نیایش سوم پلاک پنج","36.8628670","54.6265303","1","2026-02-22 12:19:48","2026-02-22 12:53:14"
"1583","42","خاتم","f76cede28d","1","0","A","اصفهان، خیابان میرداماد، کوچه شماره ۱۵، بعداز بازارچه شاطرباشی، پلاک۲۴","32.6637453","51.6625440","1","2026-02-22 12:19:48","2026-02-22 12:53:14"
"1584","33","گلجان","d46b5c9b","3","0","A","زنجان، روستای حسن ابدال، خیابان شهید مصطفی فتحی، کوچه ایثار ۲ ، پلاک ۱۶۰ ، عمارت گلجان","36.6228946","48.5385910","1","2026-02-22 12:19:48","2026-02-22 12:53:14"
"1585","72","علی بابا",NULL,"1","3","A","یزد، خیابان مسجدجامع، کوچه سید رکن الدین",NULL,NULL,"1","2026-02-22 12:19:48","2026-02-22 12:19:48"
"1586","30","مهرگان","3b","6","0","A","جاده رشت - آستارا، جاده پیربازار به سمت ضیابر، 5 کیلومتری ضیابر مجتمع اقامتی مهرگان","37.4135753","49.2826399","1","2026-02-22 12:19:48","2026-02-22 12:53:14"
"1587","123","آناهیتا2","Anahita2","2","0","C","سرعین بلوار شریعتی نبش کوچه دنیز","38.1554204","48.0718549","1","2026-02-22 12:19:48","2026-02-22 12:53:14"
"1588","69","سالار","c9f453c12c","2","0","A","شیراز، بلوار چمران، کوچه پنجم، اولین فرعی سمت چپ انتهای کوچه درب ورودی چهارم","29.6141722","52.5307296","1","2026-02-22 12:19:48","2026-02-22 12:53:14"
"1589","4","جزیره","080edd545e","5","0","A","بوشهر","28.9778647","50.8326060","1","2026-02-22 12:19:48","2026-02-22 12:53:14"
"1590","58","پارک پلاس","ParkPlus","4","1","A","بندرانزلی:طالب آباد،جنب دانشگاه آزاد اسلامی.","37.4609171","49.5689882","1","2026-02-22 12:19:48","2026-02-22 12:53:14"
"1591","46","عمارت بالابان","EmaratBalaban","1","0","A","کاشان، میدان کمال الملک، خیابان فاضل نراقی، کوچه فرهنگ۳۱، کوچه مکی جنب آب انبار راهب","33.9806116","51.4422540","1","2026-02-22 12:19:48","2026-02-22 12:53:14"
"1592","72","مهران","Mehran","3","0","C","یزد، خیابان انقلاب کوچه انقلاب 2 یا پیراعلم یا شهید شیر غلامی  نبش کوچه ارشاد","31.8993909","54.3598560","1","2026-02-22 12:19:48","2026-02-22 12:53:14"
"1593","204","نیو کوناک (New Konak)","New Konak","4","3","A","وان، منطقه ی ایپکیولو، محله ی سرهت، خیابان جمهوری، پلاک 147","38.4914447","43.3930021","1","2026-02-22 12:19:48","2026-02-22 12:53:14"
"1594","123","مُلک قدوس","MolkGhodous","11","3","A","اردبيل،شهرستان سرعين - ميدان آب - جنب اداره آب و فاضلاب","38.1604595","48.0627544","1","2026-02-22 12:19:48","2026-02-22 12:53:14"
"1595","151","باراکودا",NULL,"4","4","B","کیلومتر ۱۵ ساحل جنوبی قشم -حد فاصل سایت گردشگری دره ستاره گان و جزایر ناز","26.8477141","56.1401133","1","2026-02-22 12:19:48","2026-02-22 12:53:14"
"1596","39","حنا","Hana","1","0","A","تهران ،خیابان حافظ خیابان نوفل لوشاتو کوچه لولاگر پلاک 3","35.6968868","51.4114517","1","2026-02-22 12:19:48","2026-02-22 12:53:15"
"1597","72","خانه حقیقت","bf3bf","3","2","B","یزد، خیابان فهادان، کوچه شیخ احمد، کوچه صاحب الزمان، بن بست مسجد","31.9083556","54.3708336","1","2026-02-22 12:19:48","2026-02-22 12:53:14"
"1598","1","بمانی","Bemani","2","0","C","آران و بیدگل ،نوش آباد منطقه شهیدمنتظری خیابان بزرگمهر کوی شهید نزادی جنب زیارت رقیه خاتون","34.0785214","51.4319725","1","2026-02-22 12:19:48","2026-02-22 12:53:14"
"1599","1","بانوچ","Banoch","1","3","B","آران و بیدگل ،خیابان امام خمینی بوستان نیایش کوی شهید امیری جنب ورودی ۲ شهرزیرزمینی نوش آباد","34.0797456","51.4387146","1","2026-02-22 12:19:48","2026-02-22 12:53:14"
"1600","204","ال بابوس (El Baboos)","El Baboos","4","4","A","وان، منطقه ی بستانیچی، خیابان مهمت افندی، کوچه 1614","38.5030934","43.3987966","1","2026-02-22 12:19:48","2026-02-22 12:53:14"
"1601","113","دومان","5be046a30f","9","0","A","خلخال، روستای مجره، خیابان شهید لطیفی، پلاک۶۶","37.5732025","48.6111086","1","2026-02-22 12:19:48","2026-02-22 12:53:14"
"1602","204","رسمینا (Resmina)","Resmina","4","4","A","وان، خیابان زبیده خانم، پلاک ۱۷","38.4968585","43.3921089","1","2026-02-22 12:19:48","2026-02-22 12:53:15"
"1603","204","وانتالیا (Vantalya)","Vantalya","4","3","A","وان، منطقه ی ایپکیولو، محله ی باغچه بان، خیابان جاهد آکیوز، پلاک ۱۶","38.5004280","43.3918784","1","2026-02-22 12:19:48","2026-02-22 12:53:15"
"1604","204","آوالون آلتس (Avalon Altes)","Avalon Altes","4","4","A","وان، محله ی باغچه بان، بولوار کاظم کارابکر، خیابان مهاجر، پلاک ۷۶","38.5000779","43.3854654","1","2026-02-22 12:19:48","2026-02-22 12:53:15"
"1605","204","توپراک (Toprak)","Toprak","4","3","A","وان، منطقه ی ایپکیولو، محله ی باغچه بان، خیابان سکه، خیابان یوزباشی اوغلو، پلاک ۸","38.5034148","43.3931094","1","2026-02-22 12:19:48","2026-02-22 12:53:15"
"1606","204","سمیرا (Semira)","Semira","4","3","A","وان، منطقه ی مرکزی، محله ی باغچه بان","38.5010400","43.3923569","1","2026-02-22 12:19:48","2026-02-22 12:53:15"
"1607","103","ماکو","8d23168d","4","1","B","ماکو، بلوار شهید جواد قنبری، میدان مادر، هتل ماکو","39.2978964","44.4424477","1","2026-02-22 12:19:48","2026-02-22 12:53:15"
"1608","123","امیر","fe866cf9ce","5","1","C","سرعین، میدان گاومیشگلی، کوچه سبلان","38.1527582","48.0752203","1","2026-02-22 12:19:48","2026-02-22 12:53:15"
"1609","69","عمارت جهانشاهی","fc00ace","1","0","A","شیراز، خیابان کریم خان زند (زند باریک) کوچه ۱۱ (بازارچه فیل) پلاک ۵۳","29.6115481","52.5506841","1","2026-02-22 12:19:48","2026-02-22 12:53:15"
"1610","200","فور سایدز تکسیم لیون (Four Sides Taksim Lion)","Four Sides Taksim Lion","4","4","A","استانبول، منطقه ی بی اوغلو، خیابان لامارتین، پلاک ۴۱","41.0410370","28.9839958","1","2026-02-22 12:19:48","2026-02-22 12:53:15"
"1611","165","کوت","Koot","4","2","A","عسلویه،خیابان دولت. بالاتر از شبکه بهداشت.",NULL,NULL,"1","2026-02-22 12:19:48","2026-02-22 12:19:48"
"1612","42","ساباط","9f2b76c","4","3","B","اصفهان، میدان نقش جهان، بازار حسن آباد، بن بست اصطحباناتی","32.6539732","51.6803806","1","2026-02-22 12:19:48","2026-02-22 12:53:15"
"1613","210","25 اورز وان سنترال (25hours Dubai One Central)","25hours Dubai One Central","4","5","A","دبی، منطقه ی مرکز تجاری، خیابان مرکز تجاری از خروجی خیابان شیخ زاید","25.2196060","55.2844488","1","2026-02-22 12:19:48","2026-02-22 12:53:15"
"1614","210","جوورا (Gevora)","Gevora","4","4","A","دبی، منطقه ی تجارت جهانی خیابان شیخ زاید، جنب برج العطار","25.2123662","55.2769338","1","2026-02-22 12:19:48","2026-02-22 12:53:15"
"1615","5","مرسانا","86c57314cc","7","0","C","گیلان، لاهیجان، رودبنه، روستای شرفشاده","37.3306300","50.1054756","1","2026-02-22 12:19:48","2026-02-22 12:53:15"
"1616","139","هشت بهشت","68e1d0d6a","3","3","A","گلپايگان، خیابان آیت الله گلپايگانی، کوچه ۲۵ مسجد حاجی پلاک 24","33.4511009","50.2827826","1","2026-02-22 12:19:48","2026-02-22 12:53:15"
"1617","210","صدف (Sadaf)","Sadaf","4","3","A","دبی، خیابان الرقه، دیره","25.2691382","55.3141216","1","2026-02-22 12:19:49","2026-02-22 12:53:15"
"1618","39","رز","Rose","9","0","B","تهران،بازار بزرگ ۱۵ خرداد بعداز بازار آهنگران نرسیده به چهارراه سیروس پلاک ۴۰۸","35.6760040","51.4283293","1","2026-02-22 12:19:49","2026-02-22 12:53:15"
"1619","72","مامس","cc1468fe","3","2","B","یزد، خیابان مهدی، کوچه 50(حسینی)، بن بست اول، پلاک 21","31.8973244","54.3737295","1","2026-02-22 12:19:49","2026-02-22 12:53:15"
"1620","210","البندر روتانا (Al Bandar Rotana)","Al Bandar Rotana","4","5","A","دبی، جاده ی بنی یاس","25.2593414","55.3191106","1","2026-02-22 12:19:49","2026-02-22 12:53:15"
"1621","210","وکو (Voco)","Voco","4","5","A","دبی، منطقه ی مرکز تجارت جهانی، خیابان شیخ زاید، قطعه ۴۹","25.2234501","55.2824575","1","2026-02-22 12:19:49","2026-02-22 12:53:15"
"1622","202","هوربانو","Hurbanoo","3","0","C","شهداد، خیابان آیت الله بروجردی، کوچه بروجردی ۱","57.7041809","30.4159305","1","2026-02-22 12:19:49","2026-02-22 12:53:15"
"1623","63","طلاییه","8e3e67b","4","3","B","قم، میدان ولیعصر (عج)، شمس 7 پلاک 2 هتل و تالار پذیرایی طلاییه","34.6124402","50.9165007","1","2026-02-22 12:19:49","2026-02-22 12:53:15"
"1624","4","زریا","c20ad","4","1","A","بوشهر، خیابان خلیج فارس، بالاتر از میدان المپیک","28.9821580","50.8267615","1","2026-02-22 12:19:49","2026-02-22 12:53:15"
"1625","72","هشت","7735b8dba","3","0","C","یزد، خیابان امام خمینی، نرسیده به سه راه فهادان، انتهای کوچه 42","31.9040735","54.3729679","1","2026-02-22 12:19:49","2026-02-22 12:53:15"
"1626","93","آنامیس",NULL,"5","2","B","بندرعباس، خیابان امام خمینی، کوچه چهار باغ","27.1798394","56.2828058","1","2026-02-22 12:19:49","2026-02-22 12:53:15"
"1627","90","شهر","Shahr","4","2","B","پاستور جدید ۲ بین تقاطع طالقانی و تقاطع جبار نائب جنب مسجد گلزار","38.0623721","46.2914742","1","2026-02-22 12:19:49","2026-02-22 12:53:15"
"1628","169","عمو رضا","55310884b","3","0","C","استان گلستان، شهرستان گالیکش، روستای کرنگ کفتر، بعد از مرکز بهداشت","37.3435521","55.6239261","1","2026-02-22 12:19:49","2026-02-22 12:53:15"
"1629","42","پارسی","ea7cbba56e","4","2","A","اصفهان،انتهای خیابان حکیم، کوچه ۹","32.6649602","51.6742232","1","2026-02-22 12:19:49","2026-02-22 12:53:15"
"1630","199","نسیم (Nassim)","Nassim","4","5","A","نجف، خیابان الهولی، نزدیک آسانسور برقی","31.9944440","44.3079808","1","2026-02-22 12:19:49","2026-02-22 12:53:15"
"1631","216","بین (Bien)","Bien","4","3","B","ایروان، خیابان آیاس، پلاک 72.1","40.1773503","44.4885742","1","2026-02-22 12:19:49","2026-02-22 12:53:15"
"1632","39","لولاگر","1f0fb19b","1","0","C","تهران، خیابان حافظ، بعد از چهارراه کالج، خیابان نوفل لوشاتو، نبش کوچه لولاگر پلاک ۵۴","35.6972132","51.4111885","1","2026-02-22 12:19:49","2026-02-22 12:53:15"
"1633","134","دیاکو","3cd948a7d","4","2","B","سنندج، خیابان وکیل، کوچه وکیل، کوچه خسروی پلاک 8","35.3147567","46.9940313","1","2026-02-22 12:19:49","2026-02-22 12:53:15"
"1634","215","سوئیس اوتل (Swissotel)","Swissotel","4","5","A","تفلیس، منطقه ی امتاتسمیندا، خیابان سولیکو ویرسالادزه ۳","41.7007091","44.8011657","1","2026-02-22 12:19:49","2026-02-22 12:53:15"
"1635","11","گوهران","3971d","3","0","B","املش، بخش رانکوه، روستای گرکرود، کوچه جنب مسجد","37.0282430","50.2323264","1","2026-02-22 12:19:49","2026-02-22 12:53:15"
"1636","175","پیشان","Pishan","4","2","B","بلوار چمران ، جنب ایستگاه تاکسی های تهران","35.8093858","51.0063447","1","2026-02-22 12:19:49","2026-02-22 12:53:15"
"1637","215","ویندهام گرند (Wyndham Grand)","Wyndham Grand","4","5","A","تفلیس، منطقه ی امتاتسمیندا، خیابان لادو گودیاشویلی، پلاک 3","41.6959912","44.8014503","1","2026-02-22 12:19:49","2026-02-22 12:53:15"
"1638","215","هالیدی این (Holiday Inn)","Holiday Inn","4","4","A","گرجستان، میدان 26 می، محله سابورتالو، پلاک 1","41.7193934","44.7777152","1","2026-02-22 12:19:49","2026-02-22 12:53:15"
"1639","63","ستاره زرین","a6045be3fb","4","1","B","قم، بلوارمنتظری، کوچه 16، پلاک 6","34.6383447","50.8711848","1","2026-02-22 12:19:49","2026-02-22 12:53:15"
"1640","39","خانواده","f3c20ad","9","3","A","میدان امام خمینی ،خیابان سعدی جنوبی ،بلوک 2شرقی ،مهمانپذیر خانواده","35.6852279","51.4238955","1","2026-02-22 12:19:49","2026-02-22 12:53:15"
"1641","215","ایبیس استایلز تفلیس سنتر (Ibis Styles Tbilisi Center)","Ibis Styles Tbilisi Center","4","4","A","تفلیس، خیابان گالاکتیون تابیدزه، پلاک 4","41.6923716","44.8014641","1","2026-02-22 12:19:49","2026-02-22 12:53:15"
"1642","7","دارالضیافه","3d1fba51e","4","1","A","مشهد، امام رضا۳۶، چهارراه دوم، شهید خلیلیان ۶","36.2702937","59.6041681","1","2026-02-22 12:19:49","2026-02-22 12:53:15"
"1643","215","رامادا بای ویندهام اولد سیتی (Ramada by Wyndham Old City)","Ramada by Wyndham Old City","4","4","A","خیابان آلکساندر تسورچومیا، پلاک ۱۴","41.6925406","44.8230164","1","2026-02-22 12:19:49","2026-02-22 12:53:15"
"1644","7","ساحل","Sahel","5","1","C","سرشور۳۴(امام رضا۹) پلاک ۲۰","36.2824565","59.6051113","1","2026-02-22 12:19:49","2026-02-22 12:53:15"
"1645","4","دنسه ریحان","bf84f9f","1","2","B","بوشهر، خیابان آیت الله بلادی، کوچه انقلاب ۵","28.9897704","50.8326814","1","2026-02-22 12:19:49","2026-02-22 12:53:15"
"1646","252","طرقه","Torgheh","1","0","B","روستای آبگرم، کوچه محمدی ۳","36.5397231","60.0948246","1","2026-02-22 12:19:49","2026-02-22 12:53:15"
"1647","72","شهداد","9fc726ec8f","3","0","B","یزد، خیایان امام خمینی، کوچه ۳۴ انتهای کوچه سمت راست","31.9029434","54.3711110","1","2026-02-22 12:19:49","2026-02-22 12:53:15"
"1648","39","انوری","daad088e8d","4","1","B","خیابان کارگر جنوبی، خیابان مختاری، پلاک 569","35.6612597","51.3507747","1","2026-02-22 12:19:49","2026-02-22 12:53:15"
"1649","39","یاس","3ac0903ecc","4","1","B","تهران، خیابان لاله زار، بین جمهوری و منوچهری، پلاک ۴۵۸","35.6949454","51.4230896","1","2026-02-22 12:19:49","2026-02-22 12:53:15"
"1650","69","ماه سلطان","a66303c","1","0","C","شیراز، خیابان لطفعلی خان زند، کوچه نارنجستان قوام، کوچه فیلی ها","29.6095648","52.5532319","1","2026-02-22 12:19:49","2026-02-22 12:53:15"
"1651","69","عمارت جمشیدیه","72d2c712f","1","2","B","شیراز، سه راه نمازی به سمت خیابان طالقانی، کوچه چهار، عمارت جمشیدیه","29.6138894","52.5435511","1","2026-02-22 12:19:49","2026-02-22 12:53:15"
"1652","46","خانه صبا","7abaddf","1","0","B","کاشان، خیابان ملامحسن، کوچه شهید الماسی، بن بست تمنایی دوم","33.9808615","51.4343620","1","2026-02-22 12:19:49","2026-02-22 12:53:15"
"1653","52","پانوراما پلاس","PanoramaPlus","4","5","A","میدان ساحل، خیابان رودکی","26.5428953","54.0159810","1","2026-02-22 12:19:49","2026-02-22 12:53:15"
"1654","200","هالیفاکس (Halifaks)","Halifaks","4","4","A","استانبول، منطقه ی شیشلی، محله ۱۹ ماییس، خیابان کوچک باغچه، پلاک ۲۵","41.0570770","28.9886972","1","2026-02-22 12:19:49","2026-02-22 12:53:15"
"1655","7","خانه حلما","4b94574b","2","0","A","مشهد، خیابان امام رضا(ع) ۱۳ ، خیابان مصباح ۸ ، چهارراه اول سمت راست، درب اول، خانه حلما","36.2793046","59.6037107","1","2026-02-22 12:19:49","2026-02-22 12:53:15"
"1656","210","سان اند سندز داون تاون (Sun And Sands Downtown)","Sun And Sands Downtown","4","3","A","دبی، منطقه ی دیره، خیابان الرقعه، خیابان الجزیره","25.2645727","55.3190103","1","2026-02-22 12:19:49","2026-02-22 12:53:15"
"1657","215","آدامو (Adamo)","Adamo","4","4","A","خیابان کاکابادزه، پلاک 4","41.6995676","44.7893079","1","2026-02-22 12:19:49","2026-02-22 12:53:15"
"1658","215","توتا (Tuta)","Tuta","4","4","A","تفلیس، خیابان ایسانی، شماره 18","41.6910066","44.8149231","1","2026-02-22 12:19:49","2026-02-22 12:53:15"
"1659","200","گرند استار بسفروس (Grand Star Bosphorus)","Grand Star Bosphorus","4","4","A","استانبول، منطقه ی بی‌اوغلو، محله ی تکسیم، خیابان سیراسلوییلر ، پلاک 45","41.0343579","28.9846261","1","2026-02-22 12:19:49","2026-02-22 12:53:15"
"1660","7","انتخاب","7954530ed","4","3","A","مشهد، بلوار شهید مدرس، مدرس 6","36.2918260","59.5998288","1","2026-02-22 12:19:49","2026-02-22 12:53:15"
"1661","200","تکسیم استار بسفروس (Taksim Star Bosphorus)","Taksim Star Bosphorus","4","4","A","تکسیم، بی‌اوغلو، خیابان سیراسلوییلر، پلاک ۳۷","41.0350273","28.9848359","1","2026-02-22 12:19:49","2026-02-22 12:53:15"
"1662","200","پارما تکسیم (The Parma Taksim)","The Parma Taksim","4","4","A","تکسیم - بی‌اوغلو،محله کوکاتپه، خیابان عبدالحک حمیت، پلاک ۲۲،","41.0388586","28.9838283","1","2026-02-22 12:19:49","2026-02-22 12:53:15"
"1663","42","حبیب خان","a1ac4ba5bb","4","3","A","اصفهان، چهارراه فرشادی، ابتدای خیابان استانداری، هتل حبیب خان","32.6528207","51.6757908","1","2026-02-22 12:19:49","2026-02-22 12:53:15"
"1664","200","روتا استار (Rota Star)","Rota Star","4","3","A","استانبول، منطقه بی‌اوغلو، خیابان حاجی خسرو کوپروسو، پلاک ۵۴، واحد ۲ب","41.0392693","28.9677189","1","2026-02-22 12:19:49","2026-02-22 12:53:15"
"1665","200","بالی استار (Bali Star)","Bali Star","4","3","A","منطقه بی‌اوغلو، خیابان کوچا آغا، پلاک 4","41.0341810","28.9807520","1","2026-02-22 12:19:49","2026-02-22 12:53:15"
"1666","7","ایوان 1 ( اعلمی )","efff8e42db","4","1","B","مشهد، خیابان امام رضا، امام رضا ۱۸","36.2764566","59.6072908","1","2026-02-22 12:19:49","2026-02-22 12:53:15"
"1667","69","درب شازده","c39b69c72f","1","0","B","شیراز، دروازه اصفهان، خیابان تیموری، کوچه ۳۰ کشاورز، پلاک ۱۳","29.6165108","52.5505415","1","2026-02-22 12:19:49","2026-02-22 12:53:15"
"1668","186","هرموز","1ec89afaa","4","3","C","جزیره هرمز، جنب اسکله چند منظوره شهیده فاطمه نیک","27.0935861","56.4469300","1","2026-02-22 12:19:49","2026-02-22 12:53:15"
"1669","7","ضیافت نور","c085bae3b","4","2","B","مشهد، امام رضا ۹، نبش سرشور ۲۸","36.2833670","59.6051451","1","2026-02-22 12:19:49","2026-02-22 12:53:15"
"1670","4","بزرگ خورشید","ec1a4f","4","4","B","بوشهر، خیابان ساحلی، خیابان شهدا، مجتمع بزرگ تفریحی گردشگری خورشید","28.9915029","50.8283879","1","2026-02-22 12:19:49","2026-02-22 12:53:16"
"1671","39","سلین","Celine","9","3","A","میدان بهارستان، چهارراه سرچشمه، خیابان امیرکبیر، نبش خیابان پامنار","35.6859527","51.4304162","1","2026-02-22 12:19:49","2026-02-22 12:53:16"
"1672","134","توکا","1abf5ce32b","5","1","A","سنندج، بلوار کردستان، بالاتر از پل فردوسی، کوچه اصولیان","35.3149474","46.9964000","1","2026-02-22 12:19:49","2026-02-22 12:53:16"
"1673","92","قائم","9be11c4dfc","4","0","A","سیرجان، بلوار امام رضا، جنب منازل مسکونی ولیعصر","29.4627097","55.6717803","1","2026-02-22 12:19:49","2026-02-22 12:53:16"
"1674","39","پیروز","e3071cc90e","4","1","B","ابتدای خیابان ولیعصر، بین خیابان راه آهن و خیابان مختاری، پلاک9 هتل پیروز","35.6613832","51.3987442","1","2026-02-22 12:19:49","2026-02-22 12:53:16"
"1675","12","قدس","588016da","4","1","B","میدان امام رضا(ع)، بلوار قدس، هتل قدس","35.5823068","53.4023768","1","2026-02-22 12:19:49","2026-02-22 12:53:16"
"1676","133","دهکده سلامت برکه شمال","8f6ad","6","0","A","بهشهر، کیلومتر ۱۰ جاده رستم‌ کلا به بندر امیر آباد، دهکده سلامت برکه شمال","36.8124680","53.3822334","1","2026-02-22 12:19:49","2026-02-22 12:53:16"
"1677","57","گرگیج","Gorgij","3","0","C","بندربریس بلوار ۲۲بهمن ۳۰۰متر بعد از میدان","25.1352853","61.1942704","1","2026-02-22 12:19:49","2026-02-22 12:53:16"
"1678","112","صارمی ( الهیه )","af2593df","2","0","A","رشت ، بلوار شهید بهشتی ، فلکه گاز ، کوچه بهار ، پلاک 22","37.2586709","49.5878311","1","2026-02-22 12:19:49","2026-02-22 12:53:16"
"1679","39","نیکان مهر","54b006bdd","9","3","A","تهران، خیابان ولیعصر، بالاتر از میدان راه آهن، ابتدای خیابان مختاری، پلاک 5","35.6627326","51.3983518","1","2026-02-22 12:19:49","2026-02-22 12:53:16"
"1680","132","اورارتو","7fb9a7af","4","1","B","ارومیه ، ۲ کیلومتری فرودگاه بین المللی ارومیه ، بزرگراه ارومیه به فرودگاه ،جنب روستای تاریخی گردآباد، انتهای کوی کلیسا ، کوچه شیروانی پلاک ۲۹۷","37.6384111","45.0513048","1","2026-02-22 12:19:49","2026-02-22 12:53:16"
"1681","39","شیان","254f2a69fe","11","2","B","تهران، لویزان، میدان تجرلو، ورودی پارک جنگلی شیان","35.7649377","51.4962022","1","2026-02-22 12:19:49","2026-02-22 12:53:16"
"1682","103","ماوی","0eb82eb0cc","4","5","A","شهر ماکو، بلوار شهید قنبری، بالاتر از پارک امام","39.3002325","44.4464900","1","2026-02-22 12:19:49","2026-02-22 12:53:16"
"1683","4","سپنتا","f1201298c","5","1","C","بوشهر، خیابان سنگی، ضلع جنوبی میدان ساعت، جنب سازمان انتقال خون","28.9753209","50.8350602","1","2026-02-22 12:19:49","2026-02-22 12:53:16"
"1684","7","سمیعی","f83b12b02c","2","2","B","خیابان امام رضا ۱۶ عنصری غربی ۵،ساختمان پنجم سمت راست","36.2758066","59.6083223","1","2026-02-22 12:19:49","2026-02-22 12:53:16"
"1685","173","استاد حسین اردکانی","0a5b84e4f","3","0","C","یزد، اردکان، بلوار آیت الله خامنه اي، کوچه ۵۷","32.3228777","54.0223084","1","2026-02-22 12:19:49","2026-02-22 12:53:16"
"1686","39","وصال نو","Vesalnew","6","0","A","بلوار کشاورز خیابان حجاب پلاک ۲۹","35.7121226","51.3963460","1","2026-02-22 12:19:49","2026-02-22 12:53:16"
"1687","138","خانه خشتی","ff0c9705dd","3","2","B","رفسنجان، روستای قاسم آباد حاجی، بلوار امام حسین، کوچه ۱۶","30.4317758","56.0561702","1","2026-02-22 12:19:49","2026-02-22 12:53:16"
"1688","265","نگین شیمبار","11a573dbbe","6","0","B","خوزستان، مسجدسلیمان، اندیکا، منطقه گردشگری شیمبار، جنب پل نگین","32.3389990","49.6244111","1","2026-02-22 12:19:49","2026-02-22 12:53:16"
"1689","151","غروب جزیره هنگام","Ghorob","3","0","B","جزیره هنگام،ساحل قیل","26.6459278","55.8576362","1","2026-02-22 12:19:49","2026-02-22 12:53:16"
"1690","39","آرامش","Aramesh","2","0","A","خیابان دکتر فاطمی خیابان دائمی کوچه مرجان پلاک ۳۸","51.3994637","35.7171295","1","2026-02-22 12:19:49","2026-02-22 12:53:16"
"1691","5","باغ ریحان","0dca8002e","3","3","A","لاهیجان، بازکیاگوراب، کیلومتر۳ جاده سیاهکل، چهارراه دهسر، روستای دلیجان، کوچه نگین۱","37.1943741","49.9318367","1","2026-02-22 12:19:49","2026-02-22 12:53:16"
"1692","46","عمارت آقاحسینی","cd498a","1","3","A","کاشان، خیابان علوی، کوچه هنر یکم، کوچه باستان دهم، همکف، جنب خانه بروجردی ها","33.9750232","51.4404700","1","2026-02-22 12:19:49","2026-02-22 12:53:16"
"1693","46","ایوان","Eyvan","1","3","B","میدان درب عطا، خیابان غیاث الدین جمشید، قدمگاه علی، انتهای کوچه اصولی","33.9808373","51.4538409","1","2026-02-22 12:19:49","2026-02-22 12:53:16"
"1694","69","عطاءالدوله","a1c3029fea","3","0","B","شیراز، خیابان لطفعلی خان زند، کوچه ۳۶ اقامتگاه بومگردی عطاءالدوله","29.6095680","52.5491756","1","2026-02-22 12:19:49","2026-02-22 12:53:16"
"1695","7","اوتانا","Otana","4","2","B","انتهای امام رضا 12 جنب مسجد الحمید","36.2755869","59.6160568","1","2026-02-22 12:19:49","2026-02-22 12:53:16"
"1696","72","چهار قنات",NULL,"3","2","B","یزد، خیابان سید گلسرخ، نبش لرد کیوان دروازه شاهی، کوچه شهید اصفهانی","31.9025535","54.3649916","1","2026-02-22 12:19:49","2026-02-22 12:53:16"
"1697","54","صادقی",NULL,"10","0","A","اوچدکان ، کوی سرتیپ آباد،  روبروی مسجد سرتیپ آباد","38.2467931","48.2981885","1","2026-02-22 12:19:49","2026-02-22 12:53:16"
"1698","52","آسمان رویال","6576bc","4","5","B","کیش، میدان سنایی، بلوار موج","26.5500322","54.0155669","1","2026-02-22 12:19:49","2026-02-22 12:53:16"
"1699","1","عمارت شمسه","4b37e610da","1","3","A","آران و بیدگل، خیابان واصف بیدگلی، کوچه 15 عمارت شمسه","34.0583739","51.4896717","1","2026-02-22 12:19:49","2026-02-22 12:53:16"
"1700","245","کارن","3a70df75a","3","0","B","استان گیلان ، شهرستان شفت ، جاده شهر احمدسرگوراب ، کوچه مولوی پلاک ۳۵","37.1396209","49.3810094","1","2026-02-22 12:19:49","2026-02-22 12:53:16"
"1701","7","عالی نو","Alino","9","3","B","خیابان اندرزگو ،بین اندرزگو ۱۲ و ۱۴","36.2879534","59.6087416","1","2026-02-22 12:19:49","2026-02-22 12:53:16"
"1702","63","ارم","Eram","4","3","C","خيابان ارم ، ارم 16","34.6399309","50.8779302","1","2026-02-22 12:19:49","2026-02-22 12:53:16"
"1703","7","آدینه",NULL,"5","1","C","مشهد، خیابان نواب صفوی ۹ ، شهید حسنی کارگر ۱ ، عسگریه ۱","36.2841458","59.6177667","1","2026-02-22 12:19:49","2026-02-22 12:53:16"
"1704","36","دیوان سالار",NULL,"3","2","B","نائین، خیابان دکتر طبا، کوچه دکتر طبا 4، خیابان معصوم خانی، کوچه باغستان، جنب آب انبار آقا","32.8674003","53.0938330","1","2026-02-22 12:19:49","2026-02-22 12:53:16"
"1705","1","سرای طاق چشمه",NULL,"1","2","B","کاشان، نوش آباد، خیابان امام خمینی، کوی شهید خوانساری زاده، جنب شهرزیرزمینی اویی ورودی ۲","34.0804959","51.4368882","1","2026-02-22 12:19:49","2026-02-22 12:53:16"
"1706","93","پارس","bee3b087c","5","2","B","بندرعباس، خیابان شریعتی جنوبی، حدفاصل میدان ابوذر و ساحل، کوچه دادگستر 8","27.1812041","56.2856605","1","2026-02-22 12:19:49","2026-02-22 12:53:16"
"1707","175","سلامت محب","21f893a","6","5","A","البرز، شهرستان ساوجبلاغ، کیلومتر ۸ جاده کردان برغان","35.9566954","50.9093024","1","2026-02-22 12:19:49","2026-02-22 12:53:16"
"1708","62","صبا","ec4d9a6e0c","3","1","C","ابرکوه، نعمت آباد، خیابان گلستان، ۲۰۰ متر مانده به مسجد","31.1414504","53.2605318","1","2026-02-22 12:19:49","2026-02-22 12:53:16"
"1709","78","شمس العماره","Shamsolemareh","3","0","B","شهرستان فردوس،شهرباغستان،ولیعصر۸،چهارراه اول سمت راست","34.0922932","58.2848723","1","2026-02-22 12:19:49","2026-02-22 12:53:16"
"1710","50","بام هیرکانی (دنسه)","Bamhirkani","3","0","A","حد فاصل شیرگاه به بابل،بخش بابلکنار،روستای شیردارکلا،ولایت19 انتهای کوچه","36.3415290","52.7764526","1","2026-02-22 12:19:49","2026-02-22 12:53:16"
"1711","131","تاج","7fc8a","4","3","A","کیلومتر ۱۷ اتوبان گرگان به کردکوی، بیزنس هتل تاج","36.8164085","54.1858775","1","2026-02-22 12:19:49","2026-02-22 12:53:16"
"1712","42","شاهان","69f912aed","1","2","B","اصفهان، میدان نقش جهان، بازار حسن آباد، قبل از امام زاده احمد، بن بست صالحی","32.6541585","51.6799101","1","2026-02-22 12:19:49","2026-02-22 12:53:16"
"1713","156","دشت","23588225ac","7","5","A","نور، جاده چمستان بعد از دانشگاه آزاد، جنب روستای افراسیاب کلا","36.5271686","52.0583921","1","2026-02-22 12:19:49","2026-02-22 12:53:16"
"1714","22","کابن","Kabon","4","4","A","ورودی شهر توتکابن میدان مارلیک","36.8932589","49.5233347","1","2026-02-22 12:19:49","2026-02-22 12:53:16"
"1715","103","آینور",NULL,"4","1","A","منطقه آزاد ماکو، خیابان امام، چهارراه مرکزی (میدان امام حسین) نبش میدان","39.2960687","44.5095234","1","2026-02-22 12:19:49","2026-02-22 12:53:16"
"1716","34","یوسف","2941801a3d","4","2","B","ایلام، خیابان آیت الله حیدری، پایین تر از بیمارستان امام خمینی ، جنب کنار گذر، هتل یوسف","33.6376840","46.4173562","1","2026-02-22 12:19:50","2026-02-22 12:53:16"
"1717","199","جنه علی (Jannat Ali)","Jannat Ali","4","3","A","نجف اشرف، خیابان شیخ طوسی","31.9983281","44.3145663","1","2026-02-22 12:19:50","2026-02-22 12:53:16"
"1718","164","بوم قلعه آریز",NULL,"3","2","B","بافق، دهکده گردشگری باقرآباد، اقامتگاه بوم قلعه آریز","31.6663503","55.3747246","1","2026-02-22 12:19:50","2026-02-22 12:53:16"
"1719","153","باغ ارغوان","Arghavan","4","2","B","چالکرود ابتدای بصل کوه","36.8688613","50.7666809","1","2026-02-22 12:19:50","2026-02-22 12:53:16"
"1720","69","نارنجستان",NULL,"9","0","C","شیراز، خیابان لطفعلی خان زند، نبش کوچه33،مهمانپذیرسنتی نارنجستان","29.6088041","52.5498625","1","2026-02-22 12:19:50","2026-02-22 12:53:16"
"1721","64","آراز","Araz","4","5","A","کیلومتر ۱۰ جاده نوشهر به نور، چلک","36.5999812","51.6540000","1","2026-02-22 12:19:50","2026-02-22 12:53:16"
"1722","7","بارش","Baresh","4","2","B","بلوار جهاد، جهاد ۵ ،نبش کامیاب ۲/۳","36.2803640","59.6003932","1","2026-02-22 12:19:50","2026-02-22 12:53:16"
"1723","42","جنت","Janat","4","3","B","خیابان کمال اسماعیل-ما بین پل فردسی و پل خواجو-جنب دبیرستان هراتی","32.6403108","51.6779657","1","2026-02-22 12:19:50","2026-02-22 12:53:16"
"1724","39","هرمزان","Hormozan","4","2","B","خیابان میرزای شیرازی، خیابان عرفان، پلاک 8.","35.7248572","51.4181206","1","2026-02-22 12:19:50","2026-02-22 12:53:16"
"1725","204","روکیا داون تاون (Roccia Downtown)","Roccia Downtown","4","4","A","وان، منطقه ی ایپکیولو، بولوار کاظم کارابکیر، خیابان تورک اوغلو 1","38.4990028","43.3900612","1","2026-02-22 12:19:50","2026-02-22 12:53:16"
"1726","27","عمارت حاکم","34426917c","7","3","A","ساوه، انتهای بسیج، فردوس ۳۸، پلاک ۳۰","35.0464478","50.3694639","1","2026-02-22 12:19:50","2026-02-22 12:53:16"
"1727","69","عمارت محلاتی",NULL,"10","3","A","شیراز-خیابان لطفعلی خان- کوچه لطفعلی خان46- پشت مدرسه تاریخی خان-گذر محلاتی-بوتیک هتل محلاتی","29.6123098","52.5472349","1","2026-02-22 12:19:50","2026-02-22 12:53:16"
"1728","68","خانه یار",NULL,"1","2","B","قزوین، خیابان انصاری، جنب امامزاده سلطان سید محمد، کوچه عزیزی، کوچه سردار، بن بست گلدوز، پلاک 21","36.2629371","49.9923667","1","2026-02-22 12:19:50","2026-02-22 12:53:16"
"1729","93","55 (بندرعباس مال)","e01e772ba","7","4","A","بندرعباس، گلشهر شمالی، خیابان ایثار ، مجتمع گردشگری بندرعباس مال","27.2029523","56.3423990","1","2026-02-22 12:19:50","2026-02-22 12:53:16"
"1730","68","بیگلر","168f01674e","4","2","B","قزوین، راه ری، خیابان تهران قدیم، کوچه شهید محمد حسین آقایی","36.2591044","50.0065260","1","2026-02-22 12:19:50","2026-02-22 12:53:16"
"1731","69","عمارت سحرخیزان",NULL,"1","3","A","شیراز، خیابان کریم خان زند، کوچه ۱۳، اولین فرعی سمت راست، پلاک ۱۴","29.6133655","52.5489365","1","2026-02-22 12:19:50","2026-02-22 12:53:16"
"1732","222","جوانرود","403fa4d9ed","4","1","C","جوانرود، خیابان شافعی، ابتدای کوچه وحدت 25","34.7994728","46.4870775","1","2026-02-22 12:19:50","2026-02-22 12:53:16"
"1733","74","عمارت اجلال","6e30566c9e","1","1","C","تفرش، بلوار آزادی، خیابان میرفخرا، نبش چهار راه","34.6935760","50.0182255","1","2026-02-22 12:19:50","2026-02-22 12:53:16"
"1734","93","قدس","Ghods","4","3","B","بلوار امام خمینی حدفاصل میدان ۱۷ شهریور و میدان ابوذر جنب بانک توسعه صادرات هتل رستوران قدس","27.1819057","56.2835469","1","2026-02-22 12:19:50","2026-02-22 12:53:16"
"1735","72","خانه شما","Khaneshoma","3","1","C","خیابان امام خمینی کوچه 43 مالمیر روبروی بقعه حسینیه مالمیر","31.9031028","54.3750783","1","2026-02-22 12:19:50","2026-02-22 12:53:16"
"1736","69","چهل مقام",NULL,"2","0","A","شیراز،چهارراه دانشگاه ادبیات ،آخر کوچه 9 چهل مقام ، آپارتمان چهل مقام","29.6254227","52.5628550","1","2026-02-22 12:19:50","2026-02-22 12:53:16"
"1737","69","سنتی عمارت فرهادی","4cbcfe","10","3","A","شیراز، سه‌راه نمازی، خیایان شهید دستغیب، کوچه ۶","29.6121237","52.5403323","1","2026-02-22 12:19:50","2026-02-22 12:53:16"
"1738","90","سرخاب","Sorkhab","10","0","A","خیابان ثقه السلام کوچه بهروزیه عمارت سرخاب پلاک ۱","38.0849029","46.2994588","1","2026-02-22 12:19:50","2026-02-22 12:53:16"
"1739","72","خسرو","Khosro","1","2","B","خیابان امام محله بافت تاریخی فهادان کوچه خانه لاریها جنب خانه لاریها","31.9072274","54.3702593","1","2026-02-22 12:19:50","2026-02-22 12:53:16"
"1740","101","مهوا","290dd9f","4","3","A","کرمان،خیابان قره نی، میدان شهدای انتظامی، خیابان قرنی، هتل مهوا","30.2834656","57.0725489","1","2026-02-22 12:19:50","2026-02-22 12:53:16"
"1741","69","ماه گیسو","Mahgisoo","10","0","A","میدان شهرداری.خیابان پیروزی(نمازی).کوچه ۲.روبروی هنرستان کیمیا","29.6168041","52.5423046","1","2026-02-22 12:19:50","2026-02-22 12:53:16"
"1742","69","سنتی یوتاب","0907e","10","4","A","شیراز، خیابان سعدی، بن بست چهار","29.6199077","52.5437276","1","2026-02-22 12:19:50","2026-02-22 12:53:17"
"1743","63","فرهنگ","7101b4c0e","1","3","A","قم، خیابان سپاه، خیابان شماره نهم یا فرهنگ فرعی چهارم اقامتگاه سنتی فرهنگ","34.6481656","50.8771125","1","2026-02-22 12:19:50","2026-02-22 12:53:17"
"1744","68","نگین تالار شهر","2c99cbf53d","7","3","A","قزوین، روبه روی دانشگاه آزاد اسلامی باراجین، مجتمع توریستی تفریحی تالار شهر","36.3193845","50.0434998","1","2026-02-22 12:19:50","2026-02-22 12:53:17"
"1745","39","لیماک","306306d","5","0","C","منطقه ۱۱، میدان راه آهن، خیابان ولیعصر، بعد از چهارراه مختاری، کوچه شهید ابراهیم لشگری نژاد","35.6633868","51.4000022","1","2026-02-22 12:19:50","2026-02-22 12:53:17"
"1746","7","نگین هشتم",NULL,"4","1","B","مشهد، خیابان شهید اندرزگو ، شهید اندرزگو ۸ ، بازار سرشور 12 ، نبش مشیر 4",NULL,NULL,"1","2026-02-22 12:19:50","2026-02-22 12:19:50"
"1747","10","پرستیژ","93e9450aeb","4","4","A","اهواز، میدان فرودگاه، ورودی کوی پیروزی، ابتدای 27 آذر","31.3508520","48.7303478","1","2026-02-22 12:19:50","2026-02-22 12:53:17"
"1748","237","سیتی سیزنز (City Seasons)","City Seasons","4","4","A","مسقط، خیابان سلطان قابوس، مرکز شهر الخویر","23.5965728","58.4242980","1","2026-02-22 12:19:50","2026-02-22 12:53:17"
"1749","12","قصر برلیان","4fd","7","3","B","سمنان، حد فاصل مهدی شهر و شهمیرزاد، خیابان بزمه دربند 1","35.7336974","53.3617455","1","2026-02-22 12:19:50","2026-02-22 12:53:17"
"1750","123","جواهر","09cf55f5d","4","3","A","سرعین، بلوار امام علی، جنب امامزاده سید ابوالقاسم","38.1433295","48.0684986","1","2026-02-22 12:19:50","2026-02-22 12:53:17"
"1751","69","ایراندخت","51d5e537c","10","1","A","شیراز، خیابان حضرتی، کوچه ۱۷، فرعی ۱۷/۴","29.6074184","52.5422256","1","2026-02-22 12:19:50","2026-02-22 12:53:17"
"1752","39","میلاد","4312f64ec","4","1","A","تهران، میدان امام خمینی، خیابان ناصرخسرو،خیابان سعدی جنوبی جدید، بلوک 7شرقی پلاک 71،هتل میلاد","35.6839685","51.4238453","1","2026-02-22 12:19:50","2026-02-22 12:53:17"
"1753","46","سرای نفیس",NULL,"10","0","A","کاشان، خیابان فاضل نراقی، کوچه گلچقانه، (فرهنگ ۱۳)","33.9795364","51.4413287","1","2026-02-22 12:19:50","2026-02-22 12:53:17"
"1754","7","افسون","98655608ce","5","0","C","بلوار امام رضا نبش امام رضا ۶","36.2816255","59.6106584","1","2026-02-22 12:19:50","2026-02-22 12:53:17"
"1755","183","آریا",NULL,"4","2","A","گيلان، ماسوله، ۳کیلومتر مانده ماسوله، کنار جاده اصلی هتل آريا","37.1615868","49.0204717","1","2026-02-22 12:19:50","2026-02-22 12:53:17"
"1756","63","یلدا","1df5bf446a","4","3","B","قم، خیابان امام خمینی(ره)، کوچه۵۹، هتل یلدا","34.6458717","50.8776941","1","2026-02-22 12:19:50","2026-02-22 12:53:17"
"1757","269","برج الجواد (Burj Al Jawad)","Burj Al Jawad","4","4","B","کاظمین، خيابان باب المراد","33.3800090","44.3449367","1","2026-02-22 12:19:50","2026-02-22 12:53:17"
"1758","269","ضیوف قصرالکاظمیه (Kadhimieh Palace Guest)","KadhimiehPalaceGuest","4","3","B","کاظمین، خیابان التجنید القدیم، پشت الشاشة","33.3792658","44.3447743","1","2026-02-22 12:19:50","2026-02-22 12:53:17"
"1759","269","العقیله (Aqeela)","Aqeela","4","3","B","کاظمین، خیابان باب القبله","33.3781789","44.3382512","1","2026-02-22 12:19:50","2026-02-22 12:53:17"
"1760","139","سرای کربلایی فریدون",NULL,"3","2","B","گلپایگان، میدان امام رضا، بلوار ملت، بلوار حافظ(حسن حافظ) ، کوچه 8","33.4427038","50.2564879","1","2026-02-22 12:19:50","2026-02-22 12:53:17"
"1761","50","ایران منش","3d1f600ad","3","1","C","سوادکوه، پل سفید، روستای اساس","36.1429841","53.0653371","1","2026-02-22 12:19:50","2026-02-22 12:53:17"
"1762","237","رویال تولیپ (RoyalTulip)","RoyalTulip","4","4","A","مسقط، خیابان غبره شمالی، شماره 113","23.5915971","58.4039169","1","2026-02-22 12:19:50","2026-02-22 12:53:17"
"1763","42","حجه فروش","d52c31cb","1","0","C","چهار باغ پائین، میدان شهدا، خیابان ابن سینا، کوچه شماره ۴، اقامتگاه سنتی حجه فروش","32.6724545","51.6744542","1","2026-02-22 12:19:50","2026-02-22 12:53:17"
"1764","7","آتبین","2a497e7a5d","5","0","C","امام رضا ۲۷، چهارراه اول سمت راست، یا ملک الشعرای بهار ۶، پلاک ۱۸ هتل آپارتمان آتبین","36.2741286","59.6013917","1","2026-02-22 12:19:50","2026-02-22 12:53:17"
"1765","198","نعیم الوارث (Naeem Alvares)","Naeem Alvares","4","4","A","کربلا، ابتدای خیابان سدره","32.6174761","44.0334281","1","2026-02-22 12:19:50","2026-02-22 12:53:17"
"1766","237","گراند میلینیوم (Grand Millennium)","Grand Millennium","4","5","A","مسقط، منطقه الخویر، خیابان دوحه الادب، جنب بازار گراند مال، شماره 112","23.5909894","58.4132093","1","2026-02-22 12:19:50","2026-02-22 12:53:17"
"1767","18","سبز","86a9d0ce4f","4","2","B","خرمشهر،میدان معلم، بلوار سازمان آب","30.4377682","48.2026301","1","2026-02-22 12:19:50","2026-02-22 12:53:17"
"1768","210","سوئیس اوتل المروج (Swissôtel Al Murooj Dubai)","Swissôtel Al Murooj Dubai","4","5","B","دبی، خیابان المستقبل، مجتمع المروج","25.2036052","55.2778332","1","2026-02-22 12:19:50","2026-02-22 12:53:17"
"1769","210","ویژن امپریال (Vision Imperial Hotel)","Vision Imperial Hotel (Ex. Excelsior Hotel Downtown)","4","4","B","دبی، خیابان رقه، دیره","25.2639508","55.3252570","1","2026-02-22 12:19:50","2026-02-22 12:53:17"
"1770","220","چشمه سبز","9d4099caec","3","0","B","کیلومتر 42 جاده مشهد به گلبهار، شهر گلمکان، خیابان چشمه سبز شمالی، بین چشمه سبز 2 و 4","36.4818896","59.1639793","1","2026-02-22 12:19:51","2026-02-22 12:53:17"
"1771","4","خانه گلشن","0cd98e4e","1","0","B","بوشهر، خیابان خلیج فارس، نبش کوچه نسبم ۲۳","25.0372350","121.4488828","1","2026-02-22 12:19:51","2026-02-22 12:53:17"
"1772","46","سرای سایه",NULL,"3","0","A","کاشان،خیابان فاضل نراقی،کوچه فرهنگ ۲۹(قلع گر)","33.9800229","51.4423991","1","2026-02-22 12:19:51","2026-02-22 12:53:17"
"1773","69","دیوان سالار","c72875bd7d","1","3","A","شیراز، محله سنگ سیاه، جنب مسجد مشیر","29.6118301","52.5370137","1","2026-02-22 12:19:51","2026-02-22 12:53:17"
"1774","123","قیه سویی سردابه","880bbd28ce","7","0","C","اردبیل، روستای نمونه گردشگری سردابه، مجتمع اقامتی ، پذیرایی ،گردشگری و آبدرمانی قیه سویی سردابه","38.2838693","48.0409532","1","2026-02-22 12:19:51","2026-02-22 12:53:17"
"1775","42","زرتاج",NULL,"1","2","B","اصفهان، خیابان میرداماد، کوچه ۱۵، بعد از بازارچه شاطرباشی، کوچه مقراضگر، بن بست امین، عمارت زرتاج","32.6639201","51.6638119","1","2026-02-22 12:19:51","2026-02-22 12:53:17"
"1776","6","سرای امیر بیک","bba558d7e","3","0","C","خراسان جنوبی، شهرستان طبس، بخش دیهوک، روستای اسفندیار","33.0354500","57.5585546","1","2026-02-22 12:19:51","2026-02-22 12:53:17"
"1777","132","تورال",NULL,"7","0","A","ارومیه، بلوار فردوسی ۲ ، خیابان شهید کریم تیلا","37.5153269","45.0591943","1","2026-02-22 12:19:51","2026-02-22 12:53:17"
"1778","7","رهام","da08a324c","5","0","C","مشهد، خیابان امام رضا (ع)۲۶ ، بعد هتل حلما","36.2745311","59.6051320","1","2026-02-22 12:19:51","2026-02-22 12:53:17"
"1779","112","خان صبوری","1d1e4fd17f","4","2","B","رشت، جانبازان، بلوار امام رضا، روبروی نانوایی ایرانیان، کوچه گل","37.2851043","49.6362605","1","2026-02-22 12:19:51","2026-02-22 12:53:17"
"1780","273","ترلان","594592275b","3","2","B","همدان، اسدآباد، دهکده تاریخی و گردشگری ترخین آباد، کوچه پارسا","34.8145027","48.1229597","1","2026-02-22 12:19:51","2026-02-22 12:53:17"
"1781","100","خانه جواهری بوئین میاندشت","84c3493d9e","3","0","B","خوانسار، بویین میاندشت، خیابان ولیعصر، کوچه امامزاده، پلاک ۶","33.0686735","50.1627955","1","2026-02-22 12:19:51","2026-02-22 12:53:17"
"1782","130","تی تی تگن","615858347b","3","0","C","مازندران، ساری، جاده ساری به فرح آباد ، روستای چفت سر آکند ، جاده گاز","36.7046464","53.0763738","1","2026-02-22 12:19:51","2026-02-22 12:53:17"
"1783","120","علی کدخدا",NULL,"3","0","C","یزد ،شهرستان تفت،روستای دستجرد ،۱۰ کیلومتری شهرستان دهشیر","31.5549509","53.7748149","1","2026-02-22 12:19:51","2026-02-22 12:53:17"
"1784","33","دیلان دیلان","718f","7","1","C","زنجان، دهکده گردشگری حسن ابدال، انتهای خیابان دربند مجتمع اقامتگاهی بومگردی و کافه دیلان دیلان","36.6213272","48.5370017","1","2026-02-22 12:19:51","2026-02-22 12:53:17"
"1785","16","حاج علی","9b282dc3a","3","0","C","گلستان، بندرگز، روستای گز، خیابان لاله، لاله3","36.7497038","53.9671733","1","2026-02-22 12:19:51","2026-02-22 12:53:17"
"1786","199","البیان (Albayan)","Albayan","4","3","B","نجف، خیابان المدینه، انتهای خیابان الرسول","31.9893269","44.3183713","1","2026-02-22 12:19:51","2026-02-22 12:53:17"
"1787","42","ماهور","e7e142a87f","3","3","A","اصفهان، خیابان نشاط، کوچه شماره ۲۰، بن بست باغ خلفا","32.6564419","51.6803483","1","2026-02-22 12:19:51","2026-02-22 12:53:17"
"1788","164","نوش آفرین","f80e54fea","3","2","B","بافق، خیابان مسجد جامع، کوچه شهید ناظری (فرعی۶)، کوچه شهید طباطبایی، نبش کوچه حسینیه قاضیها","31.5987054","55.3999846","1","2026-02-22 12:19:51","2026-02-22 12:53:17"
"1789","131","المپیک آسمان","b0ee8625dc","4","4","C","گرگان، خیابان ولیعصر، بلوار چاله باغ، قدس دوم، خدامی چهارم،
 هتل المپیک آسمان","36.8318478","54.4301312","1","2026-02-22 12:19:51","2026-02-22 12:53:17"
"1790","42","سیزنز","FirozesalamatSeasons","4","5","A","بزرگراه آقابابائی خیابان سعادت خیابان سلامت","32.6834725","51.7394496","1","2026-02-22 12:19:51","2026-02-22 12:53:17"
"1791","198","فورتین پانوراما (Fourteen Panorama)","Fourteen Panorama","4","3","A","کربلا، خیمه گاه حسینی، ابتدای خیابان قزوینی","32.6143809","44.0262519","1","2026-02-22 12:19:51","2026-02-22 12:53:17"
"1792","7","یارزمان","12f1347f4d","2","2","B","مشهد، خیابان شهید اندرزگو ۱۲، کوچه آیت الله سیدجواد خامنه ای 6، انتهای کوچه جنب مدرسه رهروان خانه مسافر یارزمان(فلاح سابق)","36.2869445","59.6069292","1","2026-02-22 12:19:51","2026-02-22 12:53:17"
"1793","134","واران","e1847d86b","3","1","C","سنندج، روستای گلین، کوچه جمشید فرزین، اقامتگاه بومگردی واران","35.1339154","46.8153489","1","2026-02-22 12:19:51","2026-02-22 12:53:17"
"1794","70","مونگ","d0f712e6ec","1","2","B","خرم آباد، خیابان 24 متری حکیم، رو به روی بانک ملی","33.4825131","48.3502395","1","2026-02-22 12:19:51","2026-02-22 12:53:17"
"1795","41","داربوم","c7231f5bc","3","1","C","همدان، روستای ارزانفود، میدان امام حسین، خانه بهداشت، کوچه ابوالقاسم ورمزیاری، انتهای بن بست، پلاک داربوم","34.6533805","48.6523886","1","2026-02-22 12:19:51","2026-02-22 12:53:17"
"1796","198","طیبه (Teba)","Teba","4","4","A","كربلا، خيابان حضرت رقيه (ص)","32.6129758","44.0304528","1","2026-02-22 12:19:51","2026-02-22 12:53:17"
"1797","215","لوکسین (Luxin)","Luxin","4","4","B","تفلیس، منطقه آلواباری، بن بست کنستانتین اریستوی","41.6951306","44.8152756","1","2026-02-22 12:19:51","2026-02-22 12:53:17"
"1798","215","نیپول (Neapol)","Neapol","4","4","C","تفلیس، خیابان لخ کاچینسکی","41.6853529","44.8329540","1","2026-02-22 12:19:51","2026-02-22 12:53:17"
"1799","204","میر امیر (Mir Emir)","Mir Emir","4","4","C","وان، بلوار ایرفان باشتوگ، نرسیده به کتابخانه عمومی","38.5020835","43.3998175","1","2026-02-22 12:19:51","2026-02-22 12:53:17"
"1800","175","الماس غرب شهریار","284e2a","9","2","B","کرج، شهرستان شهریار، بلوار رسول اکرم غربی، جنب زیر گذر قائم، کوچه قاضی طباطبایی، پلاک ۵/۱","35.6528486","51.0582683","1","2026-02-22 12:19:51","2026-02-22 12:53:17"
"1801","151","چیرا","fa80d","3","0","B","قشم، شهر ساحلی سوزا، جاده ساحلی، نرسیده به پارک ساحلی، کوچه ناخدایان ۸","26.7752349","56.0606599","1","2026-02-22 12:19:51","2026-02-22 12:53:17"
"1802","215","نووتل تفلیس سنتر (Novotel Tbilisi Center)","Novotel Tbilisi Center","4","4","A","تفلیس، خیابان گورجانی، شماره 103","41.6940254","44.8164946","1","2026-02-22 12:19:51","2026-02-22 12:53:17"
"1803","215","ایبیس تفلیس سیتی (Ibis Tbilisi City)","Ibis Tbilisi City","4","4","A","تفلیس، خیابان ولادیمیر تسیتلانادزه","41.6800061","44.8267976","1","2026-02-22 12:19:51","2026-02-22 12:53:17"
"1804","225","پلاس رابر","61c5a9296b","7","1","B","جاده بافت _ رابر، نرسیده به ورودی شهر رابر، بالاتر از تالار چشمه عروس","29.3106922","56.8645601","1","2026-02-22 12:19:51","2026-02-22 12:53:17"
"1805","214","گرند جورجین پالاس (Grand Georgian Palace)","Grand Georgian Palace","4","4","B","باتومی، بلوار فرودگاه","41.6213150","41.6099776","1","2026-02-22 12:19:51","2026-02-22 12:53:17"
"1806","214","لگاسی (Legacy)","Legacy","4","4","B","باتومی، خیابان آنگیسا، خیابان ایناساریدزه","41.6307844","41.6070512","1","2026-02-22 12:19:51","2026-02-22 12:53:17"
"1807","214","ویو (Wave)","Wave","4","4","A","باتومی، بلوار فرودگاه","41.6178477","41.6101539","1","2026-02-22 12:19:51","2026-02-22 12:53:17"
"1808","69","طاوسی","b4e83ea3b","1","2","B","شیراز، خیابان لطفعلی خان زند، کوچه ۳۱، کوچه ۳۱/۲","29.6082942","52.5503015","1","2026-02-22 12:19:51","2026-02-22 12:53:17"
"1809","46","کوهسالی ( ترنج )","ea5c5ddf","2","1","A","کاشان، خیابان ملافتح الله، روبروی مسجد ملافتح الله، جنب بازارچه صنایع دستی کاشان پلاک 34","33.9727302","51.4463777","1","2026-02-22 12:19:51","2026-02-22 12:53:17"
"1810","238","شمیرون","724a66c5a","3","3","A","خواف، شهر نشتیفان، خیابان بهارستان 3، اقامتگاه شمیرون","34.4322336","60.1705977","1","2026-02-22 12:19:51","2026-02-22 12:53:17"
"1811","12","خانه سمنانی ها","khanehSemnaniha","1","2","B","سمنان، خیابان طالقانی 13، اقامتگاه خانه سمنانی ها","35.5700689","53.3985119","1","2026-02-22 12:19:51","2026-02-22 12:53:17"
"1812","47","آنیل","b31d6d","3","3","A","جاده تبریز - جلفا، پلیس راه جلفا، اولین دوربرگردان سمت چپ، روستای آغبلاغ، ورودی باغات، اولین باغ سمت راست، اقامتگاه بومگردی آنیل","38.8147963","45.5544591","1","2026-02-22 12:19:51","2026-02-22 12:53:17"
"1813","7","مهرسا","7d00afb","4","1","C","مشهد مقدس، خیابان طبرسی، چهارراه مقدم (ایستگاه شهید گمنام)، بلوار وحدت، وحدت 1، هتل مهرسا","36.2945495","59.6275714","1","2026-02-22 12:19:51","2026-02-22 12:53:17"
"1814","90","شایلین","ff49cbbf","4","3","B","تبریز، خیابان پاستور جدید، حدفاصل تقاطع چهارراه پاکبان و چهارراه جدیری","38.0658534","46.3124759","1","2026-02-22 12:19:51","2026-02-22 12:53:17"
"1815","193","کیمیا","a052b5d5fb","4","3","B","طالقان، جنب ایست بازرسی، خیابان کلوندر، کیلومتر ۴ خیابان کلوندر، بعد از کمپ سازمان آب ، هتل کیمیا","36.1651182","50.6730873","1","2026-02-22 12:19:51","2026-02-22 12:53:17"
"1816","39","ورسای","77d1d40ec","4","3","B","تهران، خیابان ولیعصر، بالاتر از میدان ولیعصر، کوچه دانش کیان، پلاک ۲۱","35.7144770","51.4059538","1","2026-02-22 12:19:51","2026-02-22 12:53:17"
"1817","39","ویانا","Viyana","4","3","A","تهران، خیابان طالقانی، بین موسوی و مفتح جنوبی، مقابل سفارت سابق آمریکا پلاک ۲۲۸","35.7068558","51.4234312","1","2026-02-22 12:19:51","2026-02-22 12:53:17"
"1818","39","شب","Night","9","3","A","تهران، خيابان جمهوري، حد فاصل خيابان رودكي و ميدان جمهوري، پلاك ١٦٨٦","35.6965785","51.3769775","1","2026-02-22 12:19:51","2026-02-22 12:53:17"
"1819","6","درویش","87950e2bbe","3","0","C","طبس، عشق آباد، روستای منصوریه","34.2305029","56.9435685","1","2026-02-22 12:19:51","2026-02-22 12:53:17"
"1820","204","آتنا لایف (Athena Life)","Athena Life","4","3","C","وان،منطقه ایپیکیولو، بلوار ایرفان باشتوگ، شماره 16","38.5026552","43.3974099","1","2026-02-22 12:19:51","2026-02-22 12:53:17"
"1821","274","حاج محمد","13e53aaa","3","3","A","کیلومتر 90 جاده تهران - فیروزکوه، خروجی زرین دشت به سمت خمده، بومگردی حاج محمد","35.6452285","52.6641925","1","2026-02-22 12:19:51","2026-02-22 12:53:17"
"1822","204","الی گرند (Elegrand)","Elegrand","4","3","B","وان، منطقه ی ایپکیولو، محله ی باغچه بان، خیابان اوزون اسکی","38.4963033","43.3924716","1","2026-02-22 12:19:51","2026-02-22 12:53:17"
"1823","204","دیوان (Diyvan)","Diyvan","4","3","C","وان، منطقه ی مرکزی، محله ی جمهوری، خیابان جمهوری، مقابل ای وی ام","38.4935360","43.3947304","1","2026-02-22 12:19:51","2026-02-22 12:53:17"
"1824","204","آکدنیز (Akdeniz)","Akdeniz","4","2","B","وان، منطقه ی ایپکیولو، محله باغچه بان، میدان 2","38.5029700","43.3934163","1","2026-02-22 12:19:51","2026-02-22 12:53:17"
"1825","69","رونیاس","Roniyas","4","4","A","شیراز، بلوار شاهد، نبش کوچه ۸","29.6664062","52.4836277","1","2026-02-22 12:19:51","2026-02-22 12:53:17"
"1826","102","عمارت مهاجر خرقان","Emaratmohajer","3","2","B","شاهرود، قلعه نو خرقان، خیابان بعثت ۸، انتهای کوچه پلاک ۳۳۹","36.6281839","55.0736914","1","2026-02-22 12:19:51","2026-02-22 12:53:17"
"1827","72","دلخش","Delkhash","3","0","B","یزد، خیابان امام خمینی، کوچه ۳۴ حسینیان (منارگلی)، انتهای کوچه اقامتگاه دلخش","31.9022578","54.3710713","1","2026-02-22 12:19:51","2026-02-22 12:53:17"
"1828","102","ادیب زاده ( خانه طبیعت )","AdibzadeNatureHome","2","0","B","بسطام، روستای قلعه نو خرقان، شهرک حسینی، خیابان بهشت، کوچه آخر، سمت چپ، درب سبز رنگ","36.6372936","55.0820708","1","2026-02-22 12:19:51","2026-02-22 12:53:17"
"1829","5","گیلک ده","Gilakdeh","3","2","B","لاهیجان، جاده لاهیجان به لنگرود، روستای دیزبن","37.1948296","50.0876219","1","2026-02-22 12:19:51","2026-02-22 12:53:17"
"1830","139","عمو قدرت","AmoGhodrat","3","3","A","گلپایگان، سعید آباد، روستای غرقاب، اقامتگاه بومگردی عمو قدرت","33.5676363","50.3275225","1","2026-02-22 12:19:51","2026-02-22 12:53:17"
"1831","153","ننه گل","NaneGol","3","1","C","رامسر، رمک، کلیج کوه، خیابان مدرس، روستای انجیرکش","36.8873834","50.6503720","1","2026-02-22 12:19:51","2026-02-22 12:53:17"
"1832","176","عمارت طاهری","EmarateTaheri","3","2","B","دامغان، روستای صیدآباد، خیابان اصلی، پلاک 177","36.0524801","54.1509730","1","2026-02-22 12:19:51","2026-02-22 12:53:17"
"1833","72","سندباد","SinbadDesertCampEcolodge","6","2","B","یزد، میدان دروازه قرآن، 10 کیلومتر داخل فرعی، نرسیده به سایت پروازی کلوت","32.0329396","54.3561707","1","2026-02-22 12:19:51","2026-02-22 12:53:17"
"1834","101","کاج کهن","kajkohan","3","2","B","کرمان، خیابان شهدا، بلوار شهدای پیرانشهر، کوچه 17، کوچه غربی یک، پلاک 77","30.2927435","57.0995550","1","2026-02-22 12:19:51","2026-02-22 12:53:17"
"1835","134","ژین پالاس","zhin palace","4","4","C","سنندج، بلوار پاسداران، روبروی دانشگاه علوم پزشکی","35.2830520","47.0049688","1","2026-02-22 12:19:51","2026-02-22 12:53:17"
"1836","200","ددمان (Dedeman)","Dedeman","4","5","B","استانبول، منطقه بشیکتاش، محله غیرت تپه، خیابان ییلدیز پوستا","41.0641221","29.0100010","1","2026-02-22 12:19:51","2026-02-22 12:53:17"
"1837","200","ریوا","Riva","4","4","A","استانبول، منطقه بی اوغلو، محله تعلیم خانه، بلوار آی ددی پلاک 8","41.0392450","28.9851426","1","2026-02-22 12:19:51","2026-02-22 12:53:17"
"1838","200","هالیک کاراکوی","HalichHotelIstanbulKarakoy","4","4","A","استانبول، منطقه ی بی اوغلو، خیابان رفیق سایدام، خیابان ترسان، خیابان امکیمز","41.0248528","28.9697537","1","2026-02-22 12:19:51","2026-02-22 12:53:17"
"1839","200","سی اس کی هالیک پورت","CskTheHalichPort","4","4","A","استانبول، منطقه ی بی اوغلو، خیابان رفیق سایدام، خیابان ترسان، خیابان امکیمز","41.0247081","28.9699468","1","2026-02-22 12:19:51","2026-02-22 12:53:17"
"1840","200","کانسپت نيشانتاشی","ConceptNisantasi","4","4","B","استانبول، منطقه ی شیشلی، خیابان الگون، محله نیشانتاشی، خیابان سوتلو","41.0550943","28.9908638","1","2026-02-22 12:19:52","2026-02-22 12:53:17"
"1841","200","جاف نيشانتاشی","JaffHotelsNişantaşı","4","4","B","استانبول، منطقه ی شیشلی، خیابان الگون، محله مرکزی","41.0555471","28.9861196","1","2026-02-22 12:19:52","2026-02-22 12:53:17"
"1842","109","ونوشه","Vonoshe","4","2","B","سقز، بلوار بانه، انتهای بلوار ارتش","36.2213744","46.2436941","1","2026-02-22 12:19:52","2026-02-22 12:53:17"
"1843","200","دنسیتی","Dencity","4","4","B","استانبول، منطقه شیشلی، محله اسکی شهیر، بلوار دولاپدره","41.0437995","28.9815333","1","2026-02-22 12:19:52","2026-02-22 12:53:17"
"1844","200","وید The Void","The Void","4","3","B","استانبول، منطقه ی شیشلی، محله ی جمهوری، خیابان تاووکجو فتحی","41.0525382","28.9866504","1","2026-02-22 12:19:52","2026-02-22 12:53:17"
"1845","279","دیوان (Divan)","Divan","4","5","A","عراق، اربیل، خیابان گولان","36.1972424","43.9775780","1","2026-02-22 12:19:52","2026-02-22 12:53:17"
"1846","279","کوارتز (Quartz)","Quartz","4","5","B","عراق، اربیل، روبروی موزه اربیل، خیابان شروانی","36.1767145","44.0128416","1","2026-02-22 12:19:52","2026-02-22 12:53:17"
"1847","279","آنکاوا رویال (Ankawa Royal)","AnkawaRoyal","4","4","A","عراق، اربیل، میدان دارگا، خیابان مار یوسف، جاده اصلی عنکاوا، کوچه 74","36.2311544","43.9897669","1","2026-02-22 12:19:52","2026-02-22 12:53:17"
"1848","149","دلیار","Delyar","7","0","C","شاهرود، خیابان تیر انداز، انتهای دانشجو پنجم، مجموعه گردشگری دلیار","36.4163489","54.9545128","1","2026-02-22 12:19:52","2026-02-22 12:53:17"
"1849","210","ورسای بای راویز (Versailles By Raviz)","VersaillesByRaviz","4","4","A","دبی، دیره، خیابان الرقه، خیابان 15 پشت مرکز خرید دانا","25.2632202","55.3204352","1","2026-02-22 12:19:52","2026-02-22 12:53:17"
"1850","210","پارامونت (Paramount)","Paramount","4","5","B","دبی، منطقه بیزینس بی، خیابان ال ابراج","25.1864301","55.2920234","1","2026-02-22 12:19:52","2026-02-22 12:53:18"
"1851","39","پارامیس","Paramis","4","1","A","تهران، میدان راه آهن، رو به روی پارکینگ راه آهن","35.6592416","51.3991627","1","2026-02-22 12:19:52","2026-02-22 12:53:18"
"1852","105","یارا","Yara","7","0","A","تنکابن، جنگل سه هزار، روستای کلاچ پا، اقامتگاه بومگردی یارا","36.6862672","50.8508482","1","2026-02-22 12:19:52","2026-02-22 12:53:18"
"1853","101","کاخ","Kakh","7","0","A","کرمان، ابتدای محور هفت باغ، بعد از میدان اول، سمت چپ، مجموعه گردشگری کاخ","30.2329784","57.1088586","1","2026-02-22 12:19:52","2026-02-22 12:53:18"
"1854","69","سرای همایونی","Homayouni","3","2","B","شیراز، خیابان لطفعلی خان زند، کوچه ۱۲، فرعی ۱۲/۲","29.6081329","52.5544692","1","2026-02-22 12:19:52","2026-02-22 12:53:18"
"1855","51","عمارت پریزاد","EmarateParizad","3","2","B","شهرکرد، روستای هرچگان، پشت ساختمان بانک صادرات","32.4573650","50.7119317","1","2026-02-22 12:19:52","2026-02-22 12:53:18"
"1856","102","کاشانه","KashaneheBastam","3","2","B","شاهرود، بسطام، میدان امامزاده، خیابان مطهری، کوچه مطهری ۲، پلاک ۶","36.4853535","55.0008631","1","2026-02-22 12:19:52","2026-02-22 12:53:18"
"1857","6","سرای ارغوانی","SarayArghavani","3","2","B","کیلومتر 91 جاده طبس _ بشرویه، روستای اصفاک، کاروان سرای اصفاک (سرای ارغوانی)","34.0333750","57.2130683","1","2026-02-22 12:19:52","2026-02-22 12:53:18"
"1858","158","سرای ایل سنگسر","SarayeIleSangesar","1","2","B","مهدیشهر، میدان امام، پشت بانک سینا، کوچه شهید متقی نسب، پلاک ۴۹","35.7113873","53.3568214","1","2026-02-22 12:19:52","2026-02-22 12:53:18"
"1859","204","کاراکوچ (Karakoc)","Karakoc","4","3","B","وان، منطقه اپیکیولو، بلوار سیهکه","38.5039420","43.3924895","1","2026-02-22 12:19:52","2026-02-22 12:53:18"
"1860","204","بیانکا دلوکس (Bianca Deluxe)","BiancaDeluxe","4","3","A","وان، خیابان زبیده خانم، محله باغچه بان","38.5027656","43.3903634","1","2026-02-22 12:19:52","2026-02-22 12:53:18"
"1861","204","کاراجا (Karaca)","Karaca","4","1","C","وان، محله باغچه بان، خیابان زبیده خانم","38.5019219","43.3902926","1","2026-02-22 12:19:52","2026-02-22 12:53:18"
"1862","58","پویا","Poya","5","2","B","بندرانزلی، بشمن، جنب نمایندگی ایرانخودرو","37.4954634","49.3765079","1","2026-02-22 12:19:52","2026-02-22 12:53:18"
"1863","39","عمارت ملوکانه","Molokaneh","10","0","B","تهران، خیابان فردوسی جنوبی، بالاتر از میدان امام خمینی، روبه روی خیابان امیر عبداللهیان پلاک ۹۱","35.6884702","51.4184728","1","2026-02-22 12:19:52","2026-02-22 12:53:18"
"1864","42","ناژوان سپاهان","Najvan Sepahan","2","1","A","بلوار آتشگاه، خیابان زیتون،نبش میثم","32.6493276","51.6053991","1","2026-02-22 12:19:52","2026-02-22 12:53:18"
"1865","7","زائرسرا باقرالعلوم (ع)","BagherulUloom","15","1","C","مشهد، اندرزگو ۸، بازار سرشور، سرشور ۳۵","36.2822636","59.6034201","1","2026-02-22 12:19:52","2026-02-22 12:53:18"
"1866","210","پارک (The Park)","The Park","4","4","B","دبی، دیره، خیابان المکتوم، خیابان پورت سعید، خیابان بیست و هفتم، هتل پارک یا الجوهارا گاردنز سابق","25.2548475","55.3349409","1","2026-02-22 12:19:52","2026-02-22 12:53:18"
"1867","210","تامر این (Tamr Inn)","Tamr Inn","4","4","B","دبی، دیره، خیابان المتینه","25.2737516","55.3228205","1","2026-02-22 12:19:52","2026-02-22 12:53:18"
"1868","151","دنسه نوم","Noom","3","0","A","جزیره قشم، روستای طبل، روستای ملکی","26.7622757","55.6944419","1","2026-02-22 12:19:52","2026-02-22 12:53:18"
"1869","151","ناخدا علی","NakhodaAli","3","0","C","جزیره قشم، شهر تاریخی لافت، روبروی پاسگاه نیرو انتظامی خیابان امام شافعی","26.8937617","55.7673154","1","2026-02-22 12:19:52","2026-02-22 12:53:18"
"1870","215","مرجان پلازا (Marjan Plaza)","MarjanPlaza","4","4","A","تفلیس، منطقه چوگورتی، خیابان دیمیتری اوزنادزه 65","41.7082772","44.7956863","1","2026-02-22 12:19:52","2026-02-22 12:53:18"
"1871","200","برجر","berjer","4","4","B","استانبول، منطقه بی اوغلو، خیابان تکسیم، محله دولاپدره کوجاتپه","41.0409228","28.9818758","1","2026-02-22 12:19:52","2026-02-22 12:53:18"
"1872","200","تریپ بای ویندهام بی اوغلو","TrypByWyndhamIstanbulBeyoglu","4","4","A","استانبول، منطقه بی اوغلو، محله ایرماک","41.0405279","28.9780041","1","2026-02-22 12:19:52","2026-02-22 12:53:18"
"1873","215","لرتون ( Laerton )","Laerton","4","4","A","تفلیس، خیابان ایلیکو کورخولی 14","41.6902883","44.8213761","1","2026-02-22 12:19:52","2026-02-22 12:53:18"
"1874","134","هه وارگه ی هانیس","HavargayHanis","3","1","C","سنندج، ۴ کیلومتر بعد پلیس راه، فرعی اول، به طرف روستای هانیس","35.2371145","47.1208646","1","2026-02-22 12:19:52","2026-02-22 12:53:18"
"1875","204","رویال سونز (Royal Sevens)","Royal sevens","4","3","A","وان، منطقه ی ایپکیولو، محله ی باغچه بان، خیابان یوزباشی اوغلو 2","38.5003665","43.3928398","1","2026-02-22 12:19:52","2026-02-22 12:53:18"
"1876","51","مدیسا","Medisa","4","2","A","شهرکرد، چالشتر، میدان زاینده رود","32.3865762","50.7874361","1","2026-02-22 12:19:52","2026-02-22 12:53:18"
"1877","7","مهر آلاء","MehrAla","4","2","A","مشهد، روبروی باب الجواد حرم رضوی، بازار سرشور، سرشور 23 پلاک 26","36.2846357","59.6049603","1","2026-02-22 12:19:52","2026-02-22 12:53:18"
"1878","151","فین دلفین","FinDolphin","3","0","A","قشم، روستای شیب دراز، جنب اسکله تفریحی","26.6869202","55.9230811","1","2026-02-22 12:19:52","2026-02-22 12:53:18"
"1879","83","پینار","Pinar","4","0","B","مراغه، خیابان راه آهن، هتل پینار","37.3831881","46.2354842","1","2026-02-22 12:19:52","2026-02-22 12:53:18"
"1880","10","تاریانا","Tariana","4","3","A","اهواز، خیابان خیابان امام خمینی شرقی، نبش خیابان حق بین","31.3174171","48.6903654","1","2026-02-22 12:19:52","2026-02-22 12:53:18"
"1881","69","آناهید","3779b5d8fd","10","2","A","شیراز، خیابان حضرتی، کوچه ۲۰، فرعی ۲۰/۳، کوچه ۱۳۸ (افشار)","29.6086637","52.5395644","1","2026-02-22 12:19:52","2026-02-22 12:53:18"
"1882","167","حیران","Heyran","4","5","A","جاده آستارا به سمت اردبیل ، گردنه حیران، مجتمع گردشگری و تله کابین حیران","38.4116917","48.5809520","1","2026-02-22 12:19:52","2026-02-22 12:53:18"
"1883","7","نیک داد","Nikdad","9","1","C","مشهد مقدس، خیابان 17 شهریور، خیابان عنصری شرقی، عنصری شرقی 5، پلاک 5","36.2719197","59.6165140","1","2026-02-22 12:19:52","2026-02-22 12:53:18"
"1884","63","آوا","Ava","4","3","B","قم، میدان نواب صفوی، هتل آوا","34.6639071","50.9020575","1","2026-02-22 12:19:52","2026-02-22 12:53:18"
"1885","200","میل بومونتی","TheMillBomonti","4","4","A","استانبول، منطقه شیشلی، خیابان دوزوغلو","41.0571192","28.9795443","1","2026-02-22 12:19:52","2026-02-22 12:53:18"
"1886","151","کلوکا","Coluka","3","0","B","جزیره قشم، روستای کورزین، نخلستان کورزین، جاده ی طبل، نرسیده به روستای دهخدا","26.7857937","55.8292342","1","2026-02-22 12:19:52","2026-02-22 12:53:18"
"1887","140","اسپینل","Spinel","5","0","B","کیلومتر 12 جاده محمود آباد به بابلسر، علمده غربی","36.6499785","52.3673584","1","2026-02-22 12:19:52","2026-02-22 12:53:18"
"1888","72","حاجی بابایی","Hajbabaei","1","1","C","شهرستان زارچ ، روستای اله آباد، کوچه حاجی بابایی","31.9976068","54.2392433","1","2026-02-22 12:19:52","2026-02-22 12:53:18"
"1889","49","آریانا مهر","Ariana","1","3","A","کرمانشاه، میدان جلیلی، خیابان فیض آباد، خیابان علاقه مندان، کوچه شهید زارعی","34.3181082","47.0746034","1","2026-02-22 12:19:52","2026-02-22 12:53:18"
"1890","69","صوفی راز","28d472a","1","0","B","شیراز، لطفعلی خان زند، خیابان شیخ روزبهان، کوچه۱۱ فرعی ۱۱/۱درب دوم سمت راست","29.6063360","52.5514601","1","2026-02-22 12:19:52","2026-02-22 12:53:18"
"1891","69","باغ چهار فصل","702b59393c","4","1","C","شیراز، بلوار چمران کوچه ۲۶، فرعی دوم سمت چپ","29.6494413","52.5002450","1","2026-02-22 12:19:52","2026-02-22 12:53:18"
"1892","39","آتلانتیس","f87bcf","5","2","B","تهران، خیابان 30 تیر، بالاتر از خیابان سرهنگ سخایی، نبش کوچه ملک پور، پلاک 98","35.6919574","51.4141818","1","2026-02-22 12:19:52","2026-02-22 12:53:18"
"1893","151","پری","Pari","3","0","B","قشم، 5 کیلومتری شهر قشم، روستای ساحلی تورگان، ساختمان بادگیر","26.9224004","56.1930341","1","2026-02-22 12:19:52","2026-02-22 12:53:18"
"1894","152","ضیافت ایثار","ZiafateIsar","4","3","A","اراک، خیابان هپکو، خیابان نواب صفوی","34.0913919","49.7150987","1","2026-02-22 12:19:52","2026-02-22 12:53:18"
"1895","101","آبان","Aban","5","1","C","کرمان، خیابان مهدیه، خیابان ابوحامد، ابوحامد 13 داخل کوچه","30.3000019","57.0771554","1","2026-02-22 12:19:52","2026-02-22 12:53:19"
"1896","63","مدینه المعصومه","MadinehAlmasumeh","4","3","B","قم، خیابان انقلاب، کوچه 4","34.6417661","50.8830611","1","2026-02-22 12:19:52","2026-02-22 12:53:19"
"1897","68","قهرمانی","Ghahramani","10","0","B","قزوین، خیابان پیغمبریه، کوچه خوئینی، پارکینگ سعدالسلطنه، هتل قهرمانی","36.2684094","50.0007310","1","2026-02-22 12:19:52","2026-02-22 12:53:19"
"1898","103","نامدار","Namdar","5","0","A","ماکو، خیابان گلگشت، نبش کوی امیر 1","39.2829347","44.4702068","1","2026-02-22 12:19:52","2026-02-22 12:53:19"
"1899","194","دیاوا","Diava","3","3","A","نطنز، بادرود، روستای ده آباد، خیابان دیاوا","33.7343183","51.9453188","1","2026-02-22 12:19:52","2026-02-22 12:53:19"
"1900","210","شرایتون گرند (Sheraton Grand)","Sheraton Grand","4","5","A","دبی، منطقه ی مرکز تجارت جهانی، خیابان شیخ زاید 3","25.2295430","55.2866741","1","2026-02-22 12:19:52","2026-02-22 12:53:19"
"1901","7","ماندگار","Mandegar","4","1","B","مشهد، خیابان طبرسی، انتهای طبرسی جنوبی 11","36.2900131","59.6212211","1","2026-02-22 12:19:52","2026-02-22 12:53:19"
"1902","152","آراس","Aras","4","1","A","اراک، خیابان میرزای شیرازی شمالی، بعد از پل ابوذر، جنب تالار سمیعی","34.0991596","49.6803161","1","2026-02-22 12:19:52","2026-02-22 12:53:19"
"1903","280","نور","Noor","4","3","C","سنقر، جنب میدان شهید دکامی","34.7532166","47.5848587","1","2026-02-22 12:19:52","2026-02-22 12:53:19"
"1904","33","خانه ساتی","KhanehSati","1","2","B","43 کیلومتری شهر زنجان، شهر سلطانیه، خیابان بهشتی","36.4357041","48.7989557","1","2026-02-22 12:19:52","2026-02-22 12:53:19"
"1905","151","کاکا","Kaka","3","1","C","62کیلومتری قشم، روستای دهخدا، محله پشت کوه","26.7748848","55.8176460","1","2026-02-22 12:19:52","2026-02-22 12:53:19"
"1906","282","وارگه امیدیه","WargaheOmidiye","3","1","A","اسفراین، انتهای خیابان اسفراینی، بعد از میدان حافظ، کوی نشاط.","37.0880242","57.5109420","1","2026-02-22 12:19:53","2026-02-22 12:53:19"
"1907","241","عمارت خورشید پردیسان","EmaratKhorshidPardisan","1","1","A","درگز، شهر نوخندان، پشت بانک ملی","37.5188860","58.9904204","1","2026-02-22 12:19:53","2026-02-22 12:53:19"
"1908","151","عبدالکریمی(خانه خورشید)","AbdolkarimikhanehKhorshid","2","0","A","قشم، بلوار آزادگان، بعد از سام و زال 2، پلاک 14","26.9465587","56.2679071","1","2026-02-22 12:19:53","2026-02-22 12:53:19"
"1909","36","خاطره","Khatereh","3","2","B","نائین، خیابان امام، خیابان دکتر طبا، کوچه پور هاشمی 2، محله نوآباد","32.8677437","53.0911806","1","2026-02-22 12:19:53","2026-02-22 12:53:19"
"1910","8","بادامشک","Badameshk","7","5","A","کیلومتر 8 بیرجند، روستای چهارده، انتهای خیابان غفاری، دهکده گردشگری بادامشک","32.8133512","59.2389421","1","2026-02-22 12:19:53","2026-02-22 12:53:19"
"1911","134","تاو","Taw","3","1","C","47 کیلومتری سنندج، روستای گردشگری گلین","35.1300045","46.8191051","1","2026-02-22 12:19:53","2026-02-22 12:53:19"
"1912","283","خانه کورشک","KhanehKoroshk","3","2","B","پاسارگاد، بخش مادر سلیمان، خیابان کوروش، کوچه 5","30.1896327","53.1749605","1","2026-02-22 12:19:53","2026-02-22 12:53:19"
"1913","29","میراث پدری","MirasePadari","3","2","B","نبشابور، روستای بوژان، بعد از خانه معلم بوژان ،اولین کوچه سمت راست","36.2432981","58.9707688","1","2026-02-22 12:19:53","2026-02-22 12:53:19"
"1914","7","حاتم","Hatam","5","1","C","مشهد، خیابان شیرازی، شیرازی4، کوچه مخابرات","36.2919005","59.6093175","1","2026-02-22 12:19:53","2026-02-22 12:53:19"
"1915","284","ابراهیمی (تشکله)","Ebrahimi(Teshkeleh)","2","0","C","شیرگاه، دهستان لفور، روستای بورخانی","36.2346973","52.8352401","1","2026-02-22 12:19:53","2026-02-22 12:53:19"
"1916","39","هلال ایران","HelaleIran","4","0","B","تهران، فلکه دوم تهرانپارس، خیابان شهید ناهیدی (جشنواره) ، مجتمع دارویی درمانی هلال ایران، داخل مجتمع، هتل هلال ایران","35.7354684","51.5469518","1","2026-02-22 12:19:53","2026-02-22 12:53:19"
"1917","7","مهداوی","Mahdavi","2","1","A","مشهد، امام رضا5، چهنو20، سرشور24","36.2842902","59.6064535","1","2026-02-22 12:19:53","2026-02-22 12:53:19"
"1918","79","صفری","Safari","2","0","B","تالش میدان نماز، بلوار نواب صفوی، روستای نیک کری، کوچه فرهنگ","37.7790027","48.9269950","1","2026-02-22 12:19:53","2026-02-22 12:53:19"
"1919","120","خانه نقلی","KhanehNoghli","3","1","C","تفت، خیابان طریق الرضا، محله باغ مورتین","31.7466125","54.1832455","1","2026-02-22 12:19:53","2026-02-22 12:53:19"
"1920","200","پرا رز (Pera Rose)","Pera Rose","4","4","A","استانبول، منطقه ی بی اوغلو، آسمالی مسجد، خیابان مشروطیه، پلاک 87","41.0304477","28.9735416","1","2026-02-22 12:19:53","2026-02-22 12:53:19"
"1921","200","ریگارد (Regard)","Regard","4","4","A","استانبول، منطقه ی شیشلی، محله ی بزکورت، خیابان دولاپدره، کوچه ی رده 2، پلاک 7","41.0508170","28.9865486","1","2026-02-22 12:19:53","2026-02-22 12:53:19"
"1922","245","چمی سو","Chamiso","3","1","C","25 کیلومتری شفت، روستای درودخان ،خیابان امام زاده ابراهیم، بن بست دولتی مقدم","37.0262514","49.3493259","1","2026-02-22 12:19:53","2026-02-22 12:53:19"
"1923","200","تولیپ سیتی (Tulip City)","Tulip City","4","4","A","استانبول، منطقه ی بی اوغلو، محله ی آسمالی مسجد، خیابان مشروطیه، پلاک 95","41.0301048","28.9733507","1","2026-02-22 12:19:53","2026-02-22 12:53:19"
"1924","200","پرا تولیپ (Pera Tulip)","Pera Tulip","4","4","A","استانبول، منطقه ی بی اوغلو، محله ی آسمالی مسجد، خیابان مشروطیه، پلاک 103","41.0296305","28.9731296","1","2026-02-22 12:19:53","2026-02-22 12:53:19"
"1925","176","خانه کله","khanehkaleh","3","2","B","5 کیلومتری دامغان، روستای مایان، کوچه آسیاب","36.1737178","54.4143744","1","2026-02-22 12:19:53","2026-02-22 12:53:19"
"1926","110","آتا باغی","Atabaghii","3","1","C","اسکو، محله خسرق، خیابان امام خمینی، روبروی ایران خودرو علیزاده","37.9201058","46.0978102","1","2026-02-22 12:19:53","2026-02-22 12:53:19"
"1927","1","خانه باغ شاکر","KhanehBagheShaker","3","3","A","آران و بیدگل، آبادی حسین آباد","34.0957728","51.4604516","1","2026-02-22 12:19:53","2026-02-22 12:53:19"
"1928","200","پارک استار (Park Star)","Park Star","4","4","A","استانبول، منطقه ی بی اوغلو، خیابان اینونو، کوچه ی دنیا ساگلیک، پلاک 11","41.0351875","28.9875137","1","2026-02-22 12:19:53","2026-02-22 12:53:19"
"1929","200","بیانچو پرا (The Biancho Pera)","The Biancho Pera","4","4","A","استانبول، منطقه ی بی اوغلو، محله ی اولیا چلبی، خیابان سعدی کنورالپ، پلاک 1","41.0286542","28.9719878","1","2026-02-22 12:19:53","2026-02-22 12:53:19"
"1930","198","جبل الصفا (Jabal AlSafa)","Jabal AlSafa","4","3","A","کربلا، ابتدای خیابان روضتین، بعد از خیابان شهدا","32.6172864","44.0261293","1","2026-02-22 12:19:53","2026-02-22 12:53:19"
"1931","279","لونا (Luna)","Luna","4","4","A","عراق، اربیل، خیابان 60 متری","36.2022795","44.0033474","1","2026-02-22 12:19:53","2026-02-22 12:53:19"
"1932","72","کیوان","keyvan","3","2","B","یزد ،خیابان گلسرخ، کوچه لرد","31.9017118","54.3657028","1","2026-02-22 12:19:53","2026-02-22 12:53:19"
"1933","51","دزپارت اردل","Dezpart","3","0","B","شهرکرد، شهر اردل، خیابان طالحی","31.9901895","50.6503976","1","2026-02-22 12:19:53","2026-02-22 12:53:19"
"1934","279","نوا اسکای (Nova Sky)","Nova Sky","4","4","A","اربیل، خیابان آینکاوا، تقاطع خیابان کوران آنکاوا","36.2172667","43.9941726","1","2026-02-22 12:19:53","2026-02-22 12:53:19"
"1935","279","جیگر پالاس (Jiger Palace)","Jiger Palace","4","4","B","اربیل، خیابان آینکاوا","36.2174404","43.9940629","1","2026-02-22 12:19:53","2026-02-22 12:53:19"
"1936","61","سلطانی (بابا قدرت)","SoltaniBabaGhodrat","2","0","B","لاریجان، آبادی آب گرم رینه","35.9060661","52.1956054","1","2026-02-22 12:19:53","2026-02-22 12:53:19"
"1937","58","سازگاری","Sazgari","7","2","B","بندر انزلی، کیلومتر دوم پاساداران","37.4842150","49.4338662","1","2026-02-22 12:19:53","2026-02-22 12:53:19"
"1938","7","مونا","Mona","4","1","A","مشهد، امام رضا 29","36.2733424","59.6013731","1","2026-02-22 12:19:53","2026-02-22 12:53:19"
"1939","279","پاریس پلازا (Paris Plaza)","ParisPlaza","4","4","A","اربیل، خیابان پشاوا قاضی","36.1589472","44.0262746","1","2026-02-22 12:19:53","2026-02-22 12:53:19"
"1940","46","دلنواز","Delnavaz","1","2","A","کاشان، میدان کمال الملک، خیابان فاضل نراقی، کوی فرهنگ 29","33.9801364","51.4425478","1","2026-02-22 12:19:53","2026-02-22 12:53:19"
"1941","279","ویش مور (Wish More)","Wish More","4","4","A","اربیل، خیابان آینکاوا","36.2093465","43.9973262","1","2026-02-22 12:19:53","2026-02-22 12:53:19"
"1942","279","نایت ویو (Nightview)","Nightview","4","4","B","اربیل خیابان پیرمام، تقاطع خیابان گولان","36.2141050","44.0324484","1","2026-02-22 12:19:53","2026-02-22 12:53:19"
"1943","279","سیور (Seever)","Seever","4","4","A","اربیل، خیابان 60 متری، خروجی خیابان زازا، روبروی پارک سامی عبدالرحمن",NULL,NULL,"1","2026-02-22 12:19:53","2026-02-22 12:19:53"
"1944","279","آسترای هاولر (Asterai Hawler)","Asterai Hawler","4","4","A","اربیل، خیابان پیرمام، جنب پارک شیراز","36.2038303","44.0221479","1","2026-02-22 12:19:53","2026-02-22 12:53:19"
"1945","90","کایرا","Kaira","9","1","A","تبریز، میدان ایلگی، کوی پیام","38.0214766","46.3619451","1","2026-02-22 12:19:53","2026-02-22 12:53:19"
"1946","46","پرشیا","Persia","1","3","A","کاشان، خیابان فاضل نراقی","33.9788072","51.4411593","1","2026-02-22 12:19:53","2026-02-22 12:53:19"
"1947","22","دالفک","Dalfak","7","2","B","18 کیلومتری جاده رودبار به رشت، مجتمع خدمات رفاهی دالفک","36.9259025","49.5251732","1","2026-02-22 12:19:53","2026-02-22 12:53:19"
"1948","69","جانان","Janan","3","2","B","شیراز، خیابان تیموری، کوچه 30 کشاورز، فرعی 26/4","29.6152711","52.5492391","1","2026-02-22 12:19:53","2026-02-22 12:53:19"
"1949","32","هشت بهشت","HashtBehesht","4","1","A","7 کیلومتری دماوند ، بعد از پلیس راه گیلاوند به سمت فیروز کوه","35.6781432","52.0493388","1","2026-02-22 12:19:53","2026-02-22 12:53:19"
"1950","114","واران","Varan","7","1","B","پاوه، جاده خانقاه گلال، یک کیلومتر بعد از خانقاه","35.0275686","46.3455741","1","2026-02-22 12:19:53","2026-02-22 12:53:19"
"1951","64","زانوس","Zanous","11","1","A","نوشهر، روستای زانوس","36.3251138","51.5316283","1","2026-02-22 12:19:53","2026-02-22 12:53:19"
"1952","286","خانه بابا بزرگ","KhanehBabaBozorg","3","1","B","گلوگاه، روستای لمراسک، خیابان شهید افتخاری","36.7151961","53.7391601","1","2026-02-22 12:19:53","2026-02-22 12:53:19"
"1953","223","آفتاب جنوب","AftabJonob","3","2","B","18 کیلومتری لامرد، روستای چخوبها","27.4043905","53.1165894","1","2026-02-22 12:19:53","2026-02-22 12:53:19"
"1954","287","پردیسان","Pardisan","4","2","B","بشرویه، بلوار انقلاب، جنب پارک شهر","33.8647269","57.4297057","1","2026-02-22 12:19:53","2026-02-22 12:53:19"
"1955","78","کوروش","Kourosh","4","1","B","فردوس، شهر اسلامیه، جنب میدان غدیر","34.0354417","58.2082083","1","2026-02-22 12:19:53","2026-02-22 12:53:19"
"1956","285","کلبه مادر جان",NULL,"3","2","B","اقامتگاه بومگردی کلبه مادر جان در روستای تنگ چوگان علیا 26 کیلومتری شهر کازرون واقع شده است.","29.7934966","51.6264919","1","2026-02-22 12:19:53","2026-02-22 12:53:19"
"1957","289","سالار محمد","SalarMohammad","3","2","B","20 کیلومتری تایباد، روستای محسن آباد","34.9068465","60.8207384","1","2026-02-22 12:19:53","2026-02-22 12:53:19"
"1958","288","اطلس (Atlas)","Atlas","4","4","A","دوشنبه، خیابان نثار محمد، پلاک 32","38.5670134","68.8117641","1","2026-02-22 12:19:53","2026-02-22 12:53:19"
"1959","178","ایثار","Isar","6","0","B","بجنورد، شهرک شاهد، انتهای شاهد 11، مجتمع اقامتی ایثار","37.4718419","57.3100714","1","2026-02-22 12:19:53","2026-02-22 12:53:19"
"1960","7","علیزاده","Alizade","5","1","C","مشهد، امام رضا(ع) ۸، بعد از تقاطع سوم، پلاک ۶۱","36.2786588","59.6124239","1","2026-02-22 12:19:53","2026-02-22 12:53:19"
"1961","288","سرنا (Serena)","Serena","4","5","A","دوشنبه، خیابان رودکی، رودکی 14","38.5641384","68.7980102","1","2026-02-22 12:19:53","2026-02-22 12:53:19"
"1962","288","رومی (Rumi)","Rumi","4","4","A","دوشنبه، خیابان میرزا تورسون زاده 10","38.5715114","68.7964862","1","2026-02-22 12:19:53","2026-02-22 12:53:19"
"1963","290","گل محمد","GolMohammad","3","2","B","سمیرم، روستای علی آباد، بومگردی گل محمد","31.1078417","51.4234312","1","2026-02-22 12:19:53","2026-02-22 12:53:19"
"1964","291","پارادایس","Paradise","6","0","A","کاشمر، بلوار سید مرتضی، انتهای بلوار دانشگاه آزاد","35.2787574","58.4756946","1","2026-02-22 12:19:53","2026-02-22 12:53:19"
"1965","25","خلیج فارس","KhalijFars","2","0","B","آبادان، مقابل پل کابلی امام رضا","30.3446345","48.3042054","1","2026-02-22 12:19:53","2026-02-22 12:53:19"
"1966","204","پارس پالاس (Pars Palas)","Pars Palas","4","3","A","وان، منطقه ی ایپکیولو، منطقه ی شرفیه","38.5028960","43.3972944","1","2026-02-22 12:19:53","2026-02-22 12:53:19"
"1967","133","گل باغ باران","GolBagheBaran","3","1","B","13 کیلومتری بهشهر،2 کیلومتر بعد از شهر رستمکلا به طرف جاده مهربان رود","36.6651881","53.4137379","1","2026-02-22 12:19:53","2026-02-22 12:53:19"
"1968","274","دایان","Dayan","4","3","A","فیروزکوه، میدان امام علی، ابتدای بلوار 9 دی","35.7547196","52.7621788","1","2026-02-22 12:19:53","2026-02-22 12:53:19"
"1969","39","ایران مهر","IranMehr","4","0","B","تهران، بالاتر از میدان ولیعصر، خیابان ولیعصر، نرسیده به زرتشت، کوچه قیومی، ابتدای کوچه پلاک ۳۸","35.7150340","51.4079786","1","2026-02-22 12:19:53","2026-02-22 12:53:19"
"1970","7","آبنوس","Abnoos","5","1","C","مشهد، خیابان خسروی (اندرزگو۱۷)، کوچه آيت الله قمی، بن بست مدرسه امام صادق ع","36.2892698","59.6105956","1","2026-02-22 12:19:53","2026-02-22 12:53:19"
"1971","42","ایزدی","Izadi","1","3","A","اصفهان، حد فاصل میدان شهدا و چهارراه تختی، کوچه حق وردی(۳۵)، پلاک ۵۳","32.6699637","51.6717429","1","2026-02-22 12:19:53","2026-02-22 12:53:20"
"1972","92","طرفه سپیدار","TorfeSepidar","3","2","B","سیرجان، باسفرجان، خیابان شهدا","29.4485470","55.6308130","1","2026-02-22 12:19:53","2026-02-22 12:53:20"
"1973","24","آریان","Ariyan","3","2","B","کیلومتر 43 جاده سبزوار به نیشاپور، روستای زعفرانیه، خیابان امام رضا، امام رضا یک","36.1685713","58.0878565","1","2026-02-22 12:19:53","2026-02-22 12:53:20"
"1974","119","ترو","Tarro","3","1","B","37 کیلومتری بابل، بند پی شرقی، روستای زریجا","36.2642314","52.5835470","1","2026-02-22 12:19:53","2026-02-22 12:53:20"
"1975","117","شالیزار سرطاق","ShalizarSarTagh","3","1","B","بین شهرستان کردکوی و بندرگز، روستای سرطاق، انتهای خیابان شهید مطهری، ابتدای جاده شالیزار","36.7554281","54.0096276","1","2026-02-22 12:19:53","2026-02-22 12:53:20"
"1976","105","کندوج","Candooj","3","1","C","تنکابن، سلیمان آباد، چلاسر، ۴۰۰ متر بعداز کارخانه چای، بن بست دکتر محمود خلعتبری","36.8033245","50.7869678","1","2026-02-22 12:19:53","2026-02-22 12:53:20"
"1977","228","آرکاداش","Arkadash","3","1","C","شهرستان کلاله، روستای گوگجه، انتهای خیابان شهید مرادپور","37.5111669","55.5371908","1","2026-02-22 12:19:54","2026-02-22 12:53:20"
"1978","169","ماری گل","Marygol","3","1","C","گالیکش، روستای آق قمیش، خیابان شهید کوهسار، کوچه شهدای بانک صادرات، جنب دبیرستان دخترانه شهدای بانک صادرات","37.3646042","55.6180550","1","2026-02-22 12:19:54","2026-02-22 12:53:20"
"1979","72","یزدمهر","YazdMehr","3","1","B","یزد، خیابان امام خمینی، بعد از خیابان مسجد جامع، کوچه 38","31.9020544","54.3731499","1","2026-02-22 12:19:54","2026-02-22 12:53:20"
"1980","72","شاخه نبات","ShakhahNabat","3","1","B","یزد، بلوار امام زاده جعفر، کوچه شبستری","31.8978199","54.3587536","1","2026-02-22 12:19:54","2026-02-22 12:53:20"
"1981","46","خانه عروسک","Khanearuosak","3","2","B","کاشان، خیابان علوی، کوچه باستان 6، کوی علامه","33.9757410","51.4384058","1","2026-02-22 12:19:54","2026-02-22 12:53:20"
"1982","7","فضیلت","Fazilat","4","4","B","مشهد، بلوار شهید قرنی، نرسیده به میدان فردوسی، روبروی پمپ بنزین","36.3189553","59.5839090","1","2026-02-22 12:19:54","2026-02-22 12:53:20"
"1983","42","صفویه","Safaviyeh","1","2","B","46 کیلومتری جاده اصفهان به کوهپایه، شهر سجزی، ابتدای ورودی شهر","32.6936451","52.1222465","1","2026-02-22 12:19:54","2026-02-22 12:53:20"
"1984","29","جوری","Juri","3","1","B","نیشابور، 2 کیلومتر بعد از آرامگاه خیام ،روستای جوری","36.1489906","58.8250980","1","2026-02-22 12:19:54","2026-02-22 12:53:20"
"1985","64","رز ( پیدایش )","AremiaRose","2","0","A","نوشهر، بلوار کریمی، خیابان معلم، میدان معلم (ساحل سیترا)، نبش معلم 8، ساختمان رز","36.6601213","51.4819589","1","2026-02-22 12:19:54","2026-02-22 12:53:20"
"1986","72","فروردین","Farvardinn","3","1","B","34 کیلومتری جاده یزد به بافق،روستای فهرج، کوچه قلعه، روبروی قلعه فهرج","31.7614573","54.5794694","1","2026-02-22 12:19:54","2026-02-22 12:53:20"
"1987","63","مروارید","Morvarid","4","1","B","قم، خیابان امیرکبیر، روبروی پل آهنچی، کوچه ۷، هتل مروارید","34.6432027","50.8763739","1","2026-02-22 12:19:54","2026-02-22 12:53:20"
"1988","41","لاله الوند","LalehAlvand","9","2","B","ابتدای اتوبان همدان به کرمانشاه، 200 متر مانده به میدان بهار، جنب شرکت طلوع همدان، مجتمع مهمانپذیر و رستوران لاله الوند","34.8735019","48.4285160","1","2026-02-22 12:19:54","2026-02-22 12:53:20"
"1989","294","رویای کویر","Royayekavir","3","0","A","سرخه، روستای بیابانک، کوچه پشت خندق","35.4106753","53.2665592","1","2026-02-22 12:19:54","2026-02-22 12:53:20"
"1990","293","عمارت شاباز","EmaratShabaz","3","2","B","ورزنه، فلکه نماز، خیابان شیخ بهایی، کوچه شهید خیرالهی","32.4229611","52.6443788","1","2026-02-22 12:19:54","2026-02-22 12:53:20"
"1991","58","احمد","Ahmad","4","2","B","بندرانزلی، غازیان، بلوار اطبا، ساحل3","37.4721592","49.5035042","1","2026-02-22 12:19:54","2026-02-22 12:53:20"
"1992","71","الماس","Almas","4","2","B","دلیجان، میدان امام خمینی، روبروی پارک نماز","34.0014168","50.6731898","1","2026-02-22 12:19:54","2026-02-22 12:53:20"
"1993","165","دریا","Darya","9","2","B","عسلویه، خیابان دولت، پشت پاساژ سما","27.4797229","52.6073000","1","2026-02-22 12:19:54","2026-02-22 12:53:20"
"1994","292","جیژوان","Jezhwan","3","1","B","15 کیلومتری روانسر، دهستان حسن آباد، روستای قلعه زکریا","34.6034597","46.6824893","1","2026-02-22 12:19:54","2026-02-22 12:53:20"
"1995","173","عمارت شاطر","EmarateShater","3","0","A","اردکان، محله بازار نو، بلوار آیت الله خامنه ای کوچه 15، عمارت شاطر","32.3179302","54.0212359","1","2026-02-22 12:19:54","2026-02-22 12:53:20"
"1996","17","وثوقی (پوریا)","VosughiPuria","6","0","B","بابلسر، بلوار ساحلی شهید علیزاده، پارکینگ 6، مجتمع گل سیکاس، بلوک 7","36.7065788","52.6244656","1","2026-02-22 12:19:54","2026-02-22 12:53:20"
"1997","210","مرحبا (Marhaba)","Marhaba","4","2","A","دبی، منطقه ی دیره، محله ی نایف، خیابان 12 دقیقه","25.2742674","55.3010150","1","2026-02-22 12:19:54","2026-02-22 12:53:20"
"1998","7","نوری","Nouri","2","0","A","مشهد، امام رضا 38، چهارراه دوم سمت چپ","36.2704072","59.6037755","1","2026-02-22 12:19:54","2026-02-22 12:53:20"
"1999","63","فرتاک","Fartak","4","3","A","قم، میدان توحید، خیابان مالک اشتر، چهارراه سواران، مجتمع فرتاک","34.6422486","50.8603896","1","2026-02-22 12:19:54","2026-02-22 12:53:20"
"2000","7","رضوان","Rezvan","4","3","A","مشهد، خیابان شیرازی 5، رهباغ رضوان","36.2927151","59.6168117","1","2026-02-22 12:19:54","2026-02-22 12:53:20"
"2001","49","جیران","Jeyran","1","1","B","کرمانشاه، میدان فاطمیه، خیابان دکتر فاطمی، جنب پارکلایول","34.3006828","47.0554708","1","2026-02-22 12:19:54","2026-02-22 12:53:20"
"2002","52","ترمه","Terme","10","0","A","کیش، بلوار ساحل، نبش خیابان بورس","26.5449366","54.0142791","1","2026-02-22 12:19:54","2026-02-22 12:53:20"
"2003","34","یوسفی مقدم ( زکریا )","ZakariaYosofiMoghadam","2","0","B","ایلام، جانبازان، بلوار ابوالفضل، نرسیده به کلانتری14، کوچه نارون، مسافرخانه زکریا","33.6428174","46.3898806","1","2026-02-22 12:19:54","2026-02-22 12:53:20"
"2004","58","زرمینه","Zarmineh","7","0","B","بندر انزلی، خیابان پاسداران، بعد از پارک ساحلی، کوچه سوم، مجتمع گردشگری ساحلی زرمینه","37.4830268","49.4403842","1","2026-02-22 12:19:54","2026-02-22 12:53:20"
"2005","63","سرائی(نفیس)",NULL,"2","0","C","قم، خیابان امام خمینی، چهارراه غفاری، کوچه 57","34.6448677","50.8749276","1","2026-02-22 12:19:54","2026-02-22 12:53:20"
"2006","210","حیات ریجنسی (Hyatt Regency Dubai)","Hyatt Regency Dubai","4","5","A","دبی، منطقه ی دیره، خیابان الخلیج","25.2789118","55.3044515","1","2026-02-22 12:19:54","2026-02-22 12:53:20"
"2007","210","پرل سوئیس (Pearl Swiss)","Pearl Swiss","4","4","A","دبی، منطقه ی دیره، خیابان الرقعه، خیابان 34B","25.2642988","55.3196323","1","2026-02-22 12:19:54","2026-02-22 12:53:20"
"2008","72","نگین","Negin","4","3","A","یزد، میدان شهدای محراب، ابتدای بلوار مدرس","31.8532777","54.3861339","1","2026-02-22 12:19:54","2026-02-22 12:53:20"
"2009","210","میلینیوم البرشا (Millennium Al Barsha)","Millennium Al Barsha","4","4","A","دبی، منطقه ی البرشا، خیابان البرشا، خیابان الرمث, پشت مال امارات","25.1146966","55.1964093","1","2026-02-22 12:19:54","2026-02-22 12:53:20"
"2010","63","فریدونی","Fereidooni","2","0","B","قم، خیابان امیرکبیر، کوچه ۵ شهید محمد عراقی، آبشار فرعی ۴","34.6446350","50.8762995","1","2026-02-22 12:19:54","2026-02-22 12:53:20"
"2011","151","دنسه مریجان","Merijan","3","0","B","قشم، روستای سلخ، بخش حرا","26.6927051","55.7105232","1","2026-02-22 12:19:54","2026-02-22 12:53:20"
